PATH=/home/arjun/eda/projects/ADC_IHP/SAR_ADC/sg13cmos5l_ocd_chipalooza/verilog/dv/venv/bin:$PATH make -C verilog/dv
rm -f results.xml
mkdir -p sim_build
/usr/bin/iverilog -o sim_build/sim.vvp -s chipalooza_frame -g2012 -g2012 -gno-specify -I/home/arjun/eda/projects/ADC_IHP/SAR_ADC/sg13cmos5l_ocd_chipalooza/verilog/rtl -I/home/arjun/eda/pdks/IHP-Open-PDK/ihp-sg13cmos5l -f sim_build/cmds.f  /home/arjun/eda/projects/ADC_IHP/SAR_ADC/sg13cmos5l_ocd_chipalooza/verilog/dv/dut.v
/home/arjun/eda/pdks/IHP-Open-PDK/ihp-sg13cmos5l/libs.ref/sg13cmos5l_stdcell/verilog/sg13cmos5l_stdcell.v:42: sorry: ifnone with an edge-sensitive path is not supported.
/home/arjun/eda/pdks/IHP-Open-PDK/ihp-sg13cmos5l/libs.ref/sg13cmos5l_stdcell/verilog/sg13cmos5l_stdcell.v:44: sorry: ifnone with an edge-sensitive path is not supported.
/home/arjun/eda/pdks/IHP-Open-PDK/ihp-sg13cmos5l/libs.ref/sg13cmos5l_stdcell/verilog/sg13cmos5l_stdcell.v:50: sorry: ifnone with an edge-sensitive path is not supported.
/home/arjun/eda/pdks/IHP-Open-PDK/ihp-sg13cmos5l/libs.ref/sg13cmos5l_stdcell/verilog/sg13cmos5l_stdcell.v:52: sorry: ifnone with an edge-sensitive path is not supported.
/home/arjun/eda/pdks/IHP-Open-PDK/ihp-sg13cmos5l/libs.ref/sg13cmos5l_stdcell/verilog/sg13cmos5l_stdcell.v:66: sorry: ifnone with an edge-sensitive path is not supported.
/home/arjun/eda/pdks/IHP-Open-PDK/ihp-sg13cmos5l/libs.ref/sg13cmos5l_stdcell/verilog/sg13cmos5l_stdcell.v:68: sorry: ifnone with an edge-sensitive path is not supported.
/home/arjun/eda/pdks/IHP-Open-PDK/ihp-sg13cmos5l/libs.ref/sg13cmos5l_stdcell/verilog/sg13cmos5l_stdcell.v:103: sorry: ifnone with an edge-sensitive path is not supported.
/home/arjun/eda/pdks/IHP-Open-PDK/ihp-sg13cmos5l/libs.ref/sg13cmos5l_stdcell/verilog/sg13cmos5l_stdcell.v:105: sorry: ifnone with an edge-sensitive path is not supported.
/home/arjun/eda/pdks/IHP-Open-PDK/ihp-sg13cmos5l/libs.ref/sg13cmos5l_stdcell/verilog/sg13cmos5l_stdcell.v:111: sorry: ifnone with an edge-sensitive path is not supported.
/home/arjun/eda/pdks/IHP-Open-PDK/ihp-sg13cmos5l/libs.ref/sg13cmos5l_stdcell/verilog/sg13cmos5l_stdcell.v:113: sorry: ifnone with an edge-sensitive path is not supported.
/home/arjun/eda/pdks/IHP-Open-PDK/ihp-sg13cmos5l/libs.ref/sg13cmos5l_stdcell/verilog/sg13cmos5l_stdcell.v:127: sorry: ifnone with an edge-sensitive path is not supported.
/home/arjun/eda/pdks/IHP-Open-PDK/ihp-sg13cmos5l/libs.ref/sg13cmos5l_stdcell/verilog/sg13cmos5l_stdcell.v:129: sorry: ifnone with an edge-sensitive path is not supported.
/home/arjun/eda/pdks/IHP-Open-PDK/ihp-sg13cmos5l/libs.ref/sg13cmos5l_stdcell/verilog/sg13cmos5l_stdcell.v:177: sorry: ifnone with an edge-sensitive path is not supported.
/home/arjun/eda/pdks/IHP-Open-PDK/ihp-sg13cmos5l/libs.ref/sg13cmos5l_stdcell/verilog/sg13cmos5l_stdcell.v:179: sorry: ifnone with an edge-sensitive path is not supported.
/home/arjun/eda/pdks/IHP-Open-PDK/ihp-sg13cmos5l/libs.ref/sg13cmos5l_stdcell/verilog/sg13cmos5l_stdcell.v:227: sorry: ifnone with an edge-sensitive path is not supported.
/home/arjun/eda/pdks/IHP-Open-PDK/ihp-sg13cmos5l/libs.ref/sg13cmos5l_stdcell/verilog/sg13cmos5l_stdcell.v:229: sorry: ifnone with an edge-sensitive path is not supported.
/home/arjun/eda/pdks/IHP-Open-PDK/ihp-sg13cmos5l/libs.ref/sg13cmos5l_stdcell/verilog/sg13cmos5l_stdcell.v:274: sorry: ifnone with an edge-sensitive path is not supported.
/home/arjun/eda/pdks/IHP-Open-PDK/ihp-sg13cmos5l/libs.ref/sg13cmos5l_stdcell/verilog/sg13cmos5l_stdcell.v:276: sorry: ifnone with an edge-sensitive path is not supported.
/home/arjun/eda/pdks/IHP-Open-PDK/ihp-sg13cmos5l/libs.ref/sg13cmos5l_stdcell/verilog/sg13cmos5l_stdcell.v:290: sorry: ifnone with an edge-sensitive path is not supported.
/home/arjun/eda/pdks/IHP-Open-PDK/ihp-sg13cmos5l/libs.ref/sg13cmos5l_stdcell/verilog/sg13cmos5l_stdcell.v:292: sorry: ifnone with an edge-sensitive path is not supported.
/home/arjun/eda/pdks/IHP-Open-PDK/ihp-sg13cmos5l/libs.ref/sg13cmos5l_stdcell/verilog/sg13cmos5l_stdcell.v:306: sorry: ifnone with an edge-sensitive path is not supported.
/home/arjun/eda/pdks/IHP-Open-PDK/ihp-sg13cmos5l/libs.ref/sg13cmos5l_stdcell/verilog/sg13cmos5l_stdcell.v:308: sorry: ifnone with an edge-sensitive path is not supported.
/home/arjun/eda/pdks/IHP-Open-PDK/ihp-sg13cmos5l/libs.ref/sg13cmos5l_stdcell/verilog/sg13cmos5l_stdcell.v:322: sorry: ifnone with an edge-sensitive path is not supported.
/home/arjun/eda/pdks/IHP-Open-PDK/ihp-sg13cmos5l/libs.ref/sg13cmos5l_stdcell/verilog/sg13cmos5l_stdcell.v:324: sorry: ifnone with an edge-sensitive path is not supported.
/home/arjun/eda/pdks/IHP-Open-PDK/ihp-sg13cmos5l/libs.ref/sg13cmos5l_stdcell/verilog/sg13cmos5l_stdcell.v:346: sorry: ifnone with an edge-sensitive path is not supported.
/home/arjun/eda/pdks/IHP-Open-PDK/ihp-sg13cmos5l/libs.ref/sg13cmos5l_stdcell/verilog/sg13cmos5l_stdcell.v:348: sorry: ifnone with an edge-sensitive path is not supported.
/home/arjun/eda/pdks/IHP-Open-PDK/ihp-sg13cmos5l/libs.ref/sg13cmos5l_stdcell/verilog/sg13cmos5l_stdcell.v:385: sorry: ifnone with an edge-sensitive path is not supported.
/home/arjun/eda/pdks/IHP-Open-PDK/ihp-sg13cmos5l/libs.ref/sg13cmos5l_stdcell/verilog/sg13cmos5l_stdcell.v:387: sorry: ifnone with an edge-sensitive path is not supported.
/home/arjun/eda/pdks/IHP-Open-PDK/ihp-sg13cmos5l/libs.ref/sg13cmos5l_stdcell/verilog/sg13cmos5l_stdcell.v:393: sorry: ifnone with an edge-sensitive path is not supported.
/home/arjun/eda/pdks/IHP-Open-PDK/ihp-sg13cmos5l/libs.ref/sg13cmos5l_stdcell/verilog/sg13cmos5l_stdcell.v:395: sorry: ifnone with an edge-sensitive path is not supported.
/home/arjun/eda/pdks/IHP-Open-PDK/ihp-sg13cmos5l/libs.ref/sg13cmos5l_stdcell/verilog/sg13cmos5l_stdcell.v:405: sorry: ifnone with an edge-sensitive path is not supported.
/home/arjun/eda/pdks/IHP-Open-PDK/ihp-sg13cmos5l/libs.ref/sg13cmos5l_stdcell/verilog/sg13cmos5l_stdcell.v:407: sorry: ifnone with an edge-sensitive path is not supported.
/home/arjun/eda/pdks/IHP-Open-PDK/ihp-sg13cmos5l/libs.ref/sg13cmos5l_stdcell/verilog/sg13cmos5l_stdcell.v:417: sorry: ifnone with an edge-sensitive path is not supported.
/home/arjun/eda/pdks/IHP-Open-PDK/ihp-sg13cmos5l/libs.ref/sg13cmos5l_stdcell/verilog/sg13cmos5l_stdcell.v:419: sorry: ifnone with an edge-sensitive path is not supported.
/home/arjun/eda/pdks/IHP-Open-PDK/ihp-sg13cmos5l/libs.ref/sg13cmos5l_stdcell/verilog/sg13cmos5l_stdcell.v:852: warning: Timing checks are not supported and delayed signal "delayed_CLK" will not be driven.
/home/arjun/eda/pdks/IHP-Open-PDK/ihp-sg13cmos5l/libs.ref/sg13cmos5l_stdcell/verilog/sg13cmos5l_stdcell.v:852: warning: Timing checks are not supported and delayed signal "delayed_D" will not be driven.
/home/arjun/eda/pdks/IHP-Open-PDK/ihp-sg13cmos5l/libs.ref/sg13cmos5l_stdcell/verilog/sg13cmos5l_stdcell.v:853: warning: Timing checks are not supported and delayed signal "delayed_CLK" will not be driven.
/home/arjun/eda/pdks/IHP-Open-PDK/ihp-sg13cmos5l/libs.ref/sg13cmos5l_stdcell/verilog/sg13cmos5l_stdcell.v:853: warning: Timing checks are not supported and delayed signal "delayed_D" will not be driven.
/home/arjun/eda/pdks/IHP-Open-PDK/ihp-sg13cmos5l/libs.ref/sg13cmos5l_stdcell/verilog/sg13cmos5l_stdcell.v:854: warning: Timing checks are not supported and delayed signal "delayed_RESET_B" will not be driven.
/home/arjun/eda/pdks/IHP-Open-PDK/ihp-sg13cmos5l/libs.ref/sg13cmos5l_stdcell/verilog/sg13cmos5l_stdcell.v:854: warning: Timing checks are not supported and delayed signal "delayed_CLK" will not be driven.
/home/arjun/eda/pdks/IHP-Open-PDK/ihp-sg13cmos5l/libs.ref/sg13cmos5l_stdcell/verilog/sg13cmos5l_stdcell.v:899: warning: Timing checks are not supported and delayed signal "delayed_CLK" will not be driven.
/home/arjun/eda/pdks/IHP-Open-PDK/ihp-sg13cmos5l/libs.ref/sg13cmos5l_stdcell/verilog/sg13cmos5l_stdcell.v:899: warning: Timing checks are not supported and delayed signal "delayed_D" will not be driven.
/home/arjun/eda/pdks/IHP-Open-PDK/ihp-sg13cmos5l/libs.ref/sg13cmos5l_stdcell/verilog/sg13cmos5l_stdcell.v:900: warning: Timing checks are not supported and delayed signal "delayed_CLK" will not be driven.
/home/arjun/eda/pdks/IHP-Open-PDK/ihp-sg13cmos5l/libs.ref/sg13cmos5l_stdcell/verilog/sg13cmos5l_stdcell.v:900: warning: Timing checks are not supported and delayed signal "delayed_D" will not be driven.
/home/arjun/eda/pdks/IHP-Open-PDK/ihp-sg13cmos5l/libs.ref/sg13cmos5l_stdcell/verilog/sg13cmos5l_stdcell.v:901: warning: Timing checks are not supported and delayed signal "delayed_RESET_B" will not be driven.
/home/arjun/eda/pdks/IHP-Open-PDK/ihp-sg13cmos5l/libs.ref/sg13cmos5l_stdcell/verilog/sg13cmos5l_stdcell.v:901: warning: Timing checks are not supported and delayed signal "delayed_CLK" will not be driven.
/home/arjun/eda/pdks/IHP-Open-PDK/ihp-sg13cmos5l/libs.ref/sg13cmos5l_stdcell/verilog/sg13cmos5l_stdcell.v:940: warning: Timing checks are not supported and delayed signal "delayed_CLK" will not be driven.
/home/arjun/eda/pdks/IHP-Open-PDK/ihp-sg13cmos5l/libs.ref/sg13cmos5l_stdcell/verilog/sg13cmos5l_stdcell.v:940: warning: Timing checks are not supported and delayed signal "delayed_D" will not be driven.
/home/arjun/eda/pdks/IHP-Open-PDK/ihp-sg13cmos5l/libs.ref/sg13cmos5l_stdcell/verilog/sg13cmos5l_stdcell.v:941: warning: Timing checks are not supported and delayed signal "delayed_CLK" will not be driven.
/home/arjun/eda/pdks/IHP-Open-PDK/ihp-sg13cmos5l/libs.ref/sg13cmos5l_stdcell/verilog/sg13cmos5l_stdcell.v:941: warning: Timing checks are not supported and delayed signal "delayed_D" will not be driven.
/home/arjun/eda/pdks/IHP-Open-PDK/ihp-sg13cmos5l/libs.ref/sg13cmos5l_stdcell/verilog/sg13cmos5l_stdcell.v:942: warning: Timing checks are not supported and delayed signal "delayed_RESET_B" will not be driven.
/home/arjun/eda/pdks/IHP-Open-PDK/ihp-sg13cmos5l/libs.ref/sg13cmos5l_stdcell/verilog/sg13cmos5l_stdcell.v:942: warning: Timing checks are not supported and delayed signal "delayed_CLK" will not be driven.
/home/arjun/eda/pdks/IHP-Open-PDK/ihp-sg13cmos5l/libs.ref/sg13cmos5l_stdcell/verilog/sg13cmos5l_stdcell.v:981: warning: Timing checks are not supported and delayed signal "delayed_CLK" will not be driven.
/home/arjun/eda/pdks/IHP-Open-PDK/ihp-sg13cmos5l/libs.ref/sg13cmos5l_stdcell/verilog/sg13cmos5l_stdcell.v:981: warning: Timing checks are not supported and delayed signal "delayed_D" will not be driven.
/home/arjun/eda/pdks/IHP-Open-PDK/ihp-sg13cmos5l/libs.ref/sg13cmos5l_stdcell/verilog/sg13cmos5l_stdcell.v:982: warning: Timing checks are not supported and delayed signal "delayed_CLK" will not be driven.
/home/arjun/eda/pdks/IHP-Open-PDK/ihp-sg13cmos5l/libs.ref/sg13cmos5l_stdcell/verilog/sg13cmos5l_stdcell.v:982: warning: Timing checks are not supported and delayed signal "delayed_D" will not be driven.
/home/arjun/eda/pdks/IHP-Open-PDK/ihp-sg13cmos5l/libs.ref/sg13cmos5l_stdcell/verilog/sg13cmos5l_stdcell.v:983: warning: Timing checks are not supported and delayed signal "delayed_RESET_B" will not be driven.
/home/arjun/eda/pdks/IHP-Open-PDK/ihp-sg13cmos5l/libs.ref/sg13cmos5l_stdcell/verilog/sg13cmos5l_stdcell.v:983: warning: Timing checks are not supported and delayed signal "delayed_CLK" will not be driven.
/home/arjun/eda/pdks/IHP-Open-PDK/ihp-sg13cmos5l/libs.ref/sg13cmos5l_stdcell/verilog/sg13cmos5l_stdcell.v:1022: warning: Timing checks are not supported and delayed signal "delayed_GATE" will not be driven.
/home/arjun/eda/pdks/IHP-Open-PDK/ihp-sg13cmos5l/libs.ref/sg13cmos5l_stdcell/verilog/sg13cmos5l_stdcell.v:1022: warning: Timing checks are not supported and delayed signal "delayed_D" will not be driven.
/home/arjun/eda/pdks/IHP-Open-PDK/ihp-sg13cmos5l/libs.ref/sg13cmos5l_stdcell/verilog/sg13cmos5l_stdcell.v:1023: warning: Timing checks are not supported and delayed signal "delayed_GATE" will not be driven.
/home/arjun/eda/pdks/IHP-Open-PDK/ihp-sg13cmos5l/libs.ref/sg13cmos5l_stdcell/verilog/sg13cmos5l_stdcell.v:1023: warning: Timing checks are not supported and delayed signal "delayed_D" will not be driven.
/home/arjun/eda/pdks/IHP-Open-PDK/ihp-sg13cmos5l/libs.ref/sg13cmos5l_stdcell/verilog/sg13cmos5l_stdcell.v:1069: warning: Timing checks are not supported and delayed signal "delayed_GATE" will not be driven.
/home/arjun/eda/pdks/IHP-Open-PDK/ihp-sg13cmos5l/libs.ref/sg13cmos5l_stdcell/verilog/sg13cmos5l_stdcell.v:1069: warning: Timing checks are not supported and delayed signal "delayed_D" will not be driven.
/home/arjun/eda/pdks/IHP-Open-PDK/ihp-sg13cmos5l/libs.ref/sg13cmos5l_stdcell/verilog/sg13cmos5l_stdcell.v:1070: warning: Timing checks are not supported and delayed signal "delayed_GATE" will not be driven.
/home/arjun/eda/pdks/IHP-Open-PDK/ihp-sg13cmos5l/libs.ref/sg13cmos5l_stdcell/verilog/sg13cmos5l_stdcell.v:1070: warning: Timing checks are not supported and delayed signal "delayed_D" will not be driven.
/home/arjun/eda/pdks/IHP-Open-PDK/ihp-sg13cmos5l/libs.ref/sg13cmos5l_stdcell/verilog/sg13cmos5l_stdcell.v:1071: warning: Timing checks are not supported and delayed signal "delayed_RESET_B" will not be driven.
/home/arjun/eda/pdks/IHP-Open-PDK/ihp-sg13cmos5l/libs.ref/sg13cmos5l_stdcell/verilog/sg13cmos5l_stdcell.v:1071: warning: Timing checks are not supported and delayed signal "delayed_GATE" will not be driven.
/home/arjun/eda/pdks/IHP-Open-PDK/ihp-sg13cmos5l/libs.ref/sg13cmos5l_stdcell/verilog/sg13cmos5l_stdcell.v:1112: warning: Timing checks are not supported and delayed signal "delayed_GATE" will not be driven.
/home/arjun/eda/pdks/IHP-Open-PDK/ihp-sg13cmos5l/libs.ref/sg13cmos5l_stdcell/verilog/sg13cmos5l_stdcell.v:1112: warning: Timing checks are not supported and delayed signal "delayed_D" will not be driven.
/home/arjun/eda/pdks/IHP-Open-PDK/ihp-sg13cmos5l/libs.ref/sg13cmos5l_stdcell/verilog/sg13cmos5l_stdcell.v:1113: warning: Timing checks are not supported and delayed signal "delayed_GATE" will not be driven.
/home/arjun/eda/pdks/IHP-Open-PDK/ihp-sg13cmos5l/libs.ref/sg13cmos5l_stdcell/verilog/sg13cmos5l_stdcell.v:1113: warning: Timing checks are not supported and delayed signal "delayed_D" will not be driven.
/home/arjun/eda/pdks/IHP-Open-PDK/ihp-sg13cmos5l/libs.ref/sg13cmos5l_stdcell/verilog/sg13cmos5l_stdcell.v:1114: warning: Timing checks are not supported and delayed signal "delayed_RESET_B" will not be driven.
/home/arjun/eda/pdks/IHP-Open-PDK/ihp-sg13cmos5l/libs.ref/sg13cmos5l_stdcell/verilog/sg13cmos5l_stdcell.v:1114: warning: Timing checks are not supported and delayed signal "delayed_GATE" will not be driven.
/home/arjun/eda/pdks/IHP-Open-PDK/ihp-sg13cmos5l/libs.ref/sg13cmos5l_stdcell/verilog/sg13cmos5l_stdcell.v:1164: warning: Timing checks are not supported and delayed signal "delayed_GATE_N" will not be driven.
/home/arjun/eda/pdks/IHP-Open-PDK/ihp-sg13cmos5l/libs.ref/sg13cmos5l_stdcell/verilog/sg13cmos5l_stdcell.v:1164: warning: Timing checks are not supported and delayed signal "delayed_D" will not be driven.
/home/arjun/eda/pdks/IHP-Open-PDK/ihp-sg13cmos5l/libs.ref/sg13cmos5l_stdcell/verilog/sg13cmos5l_stdcell.v:1165: warning: Timing checks are not supported and delayed signal "delayed_GATE_N" will not be driven.
/home/arjun/eda/pdks/IHP-Open-PDK/ihp-sg13cmos5l/libs.ref/sg13cmos5l_stdcell/verilog/sg13cmos5l_stdcell.v:1165: warning: Timing checks are not supported and delayed signal "delayed_D" will not be driven.
/home/arjun/eda/pdks/IHP-Open-PDK/ihp-sg13cmos5l/libs.ref/sg13cmos5l_stdcell/verilog/sg13cmos5l_stdcell.v:1166: warning: Timing checks are not supported and delayed signal "delayed_RESET_B" will not be driven.
/home/arjun/eda/pdks/IHP-Open-PDK/ihp-sg13cmos5l/libs.ref/sg13cmos5l_stdcell/verilog/sg13cmos5l_stdcell.v:1166: warning: Timing checks are not supported and delayed signal "delayed_GATE_N" will not be driven.
/home/arjun/eda/pdks/IHP-Open-PDK/ihp-sg13cmos5l/libs.ref/sg13cmos5l_stdcell/verilog/sg13cmos5l_stdcell.v:1209: warning: Timing checks are not supported and delayed signal "delayed_GATE_N" will not be driven.
/home/arjun/eda/pdks/IHP-Open-PDK/ihp-sg13cmos5l/libs.ref/sg13cmos5l_stdcell/verilog/sg13cmos5l_stdcell.v:1209: warning: Timing checks are not supported and delayed signal "delayed_D" will not be driven.
/home/arjun/eda/pdks/IHP-Open-PDK/ihp-sg13cmos5l/libs.ref/sg13cmos5l_stdcell/verilog/sg13cmos5l_stdcell.v:1210: warning: Timing checks are not supported and delayed signal "delayed_GATE_N" will not be driven.
/home/arjun/eda/pdks/IHP-Open-PDK/ihp-sg13cmos5l/libs.ref/sg13cmos5l_stdcell/verilog/sg13cmos5l_stdcell.v:1210: warning: Timing checks are not supported and delayed signal "delayed_D" will not be driven.
/home/arjun/eda/pdks/IHP-Open-PDK/ihp-sg13cmos5l/libs.ref/sg13cmos5l_stdcell/verilog/sg13cmos5l_stdcell.v:1211: warning: Timing checks are not supported and delayed signal "delayed_RESET_B" will not be driven.
/home/arjun/eda/pdks/IHP-Open-PDK/ihp-sg13cmos5l/libs.ref/sg13cmos5l_stdcell/verilog/sg13cmos5l_stdcell.v:1211: warning: Timing checks are not supported and delayed signal "delayed_GATE_N" will not be driven.
/home/arjun/eda/pdks/IHP-Open-PDK/ihp-sg13cmos5l/libs.ref/sg13cmos5l_stdcell/verilog/sg13cmos5l_stdcell.v:1747: warning: Timing checks are not supported and delayed signal "delayed_CLK" will not be driven.
/home/arjun/eda/pdks/IHP-Open-PDK/ihp-sg13cmos5l/libs.ref/sg13cmos5l_stdcell/verilog/sg13cmos5l_stdcell.v:1747: warning: Timing checks are not supported and delayed signal "delayed_GATE" will not be driven.
/home/arjun/eda/pdks/IHP-Open-PDK/ihp-sg13cmos5l/libs.ref/sg13cmos5l_stdcell/verilog/sg13cmos5l_stdcell.v:1748: warning: Timing checks are not supported and delayed signal "delayed_CLK" will not be driven.
/home/arjun/eda/pdks/IHP-Open-PDK/ihp-sg13cmos5l/libs.ref/sg13cmos5l_stdcell/verilog/sg13cmos5l_stdcell.v:1748: warning: Timing checks are not supported and delayed signal "delayed_GATE" will not be driven.
/home/arjun/eda/pdks/IHP-Open-PDK/ihp-sg13cmos5l/libs.ref/sg13cmos5l_stdcell/verilog/sg13cmos5l_stdcell.v:1786: sorry: ifnone with an edge-sensitive path is not supported.
/home/arjun/eda/pdks/IHP-Open-PDK/ihp-sg13cmos5l/libs.ref/sg13cmos5l_stdcell/verilog/sg13cmos5l_stdcell.v:1788: sorry: ifnone with an edge-sensitive path is not supported.
/home/arjun/eda/pdks/IHP-Open-PDK/ihp-sg13cmos5l/libs.ref/sg13cmos5l_stdcell/verilog/sg13cmos5l_stdcell.v:1830: sorry: ifnone with an edge-sensitive path is not supported.
/home/arjun/eda/pdks/IHP-Open-PDK/ihp-sg13cmos5l/libs.ref/sg13cmos5l_stdcell/verilog/sg13cmos5l_stdcell.v:1832: sorry: ifnone with an edge-sensitive path is not supported.
/home/arjun/eda/pdks/IHP-Open-PDK/ihp-sg13cmos5l/libs.ref/sg13cmos5l_stdcell/verilog/sg13cmos5l_stdcell.v:1881: sorry: ifnone with an edge-sensitive path is not supported.
/home/arjun/eda/pdks/IHP-Open-PDK/ihp-sg13cmos5l/libs.ref/sg13cmos5l_stdcell/verilog/sg13cmos5l_stdcell.v:1883: sorry: ifnone with an edge-sensitive path is not supported.
/home/arjun/eda/pdks/IHP-Open-PDK/ihp-sg13cmos5l/libs.ref/sg13cmos5l_stdcell/verilog/sg13cmos5l_stdcell.v:1901: sorry: ifnone with an edge-sensitive path is not supported.
/home/arjun/eda/pdks/IHP-Open-PDK/ihp-sg13cmos5l/libs.ref/sg13cmos5l_stdcell/verilog/sg13cmos5l_stdcell.v:1903: sorry: ifnone with an edge-sensitive path is not supported.
/home/arjun/eda/pdks/IHP-Open-PDK/ihp-sg13cmos5l/libs.ref/sg13cmos5l_stdcell/verilog/sg13cmos5l_stdcell.v:2487: sorry: ifnone with an edge-sensitive path is not supported.
/home/arjun/eda/pdks/IHP-Open-PDK/ihp-sg13cmos5l/libs.ref/sg13cmos5l_stdcell/verilog/sg13cmos5l_stdcell.v:2489: sorry: ifnone with an edge-sensitive path is not supported.
/home/arjun/eda/pdks/IHP-Open-PDK/ihp-sg13cmos5l/libs.ref/sg13cmos5l_stdcell/verilog/sg13cmos5l_stdcell.v:2733: sorry: ifnone with an edge-sensitive path is not supported.
/home/arjun/eda/pdks/IHP-Open-PDK/ihp-sg13cmos5l/libs.ref/sg13cmos5l_stdcell/verilog/sg13cmos5l_stdcell.v:2735: sorry: ifnone with an edge-sensitive path is not supported.
/home/arjun/eda/pdks/IHP-Open-PDK/ihp-sg13cmos5l/libs.ref/sg13cmos5l_stdcell/verilog/sg13cmos5l_stdcell.v:2743: sorry: ifnone with an edge-sensitive path is not supported.
/home/arjun/eda/pdks/IHP-Open-PDK/ihp-sg13cmos5l/libs.ref/sg13cmos5l_stdcell/verilog/sg13cmos5l_stdcell.v:2745: sorry: ifnone with an edge-sensitive path is not supported.
/home/arjun/eda/pdks/IHP-Open-PDK/ihp-sg13cmos5l/libs.ref/sg13cmos5l_stdcell/verilog/sg13cmos5l_stdcell.v:2747: warning: Timing checks are not supported and delayed signal "delayed_CLK" will not be driven.
/home/arjun/eda/pdks/IHP-Open-PDK/ihp-sg13cmos5l/libs.ref/sg13cmos5l_stdcell/verilog/sg13cmos5l_stdcell.v:2747: warning: Timing checks are not supported and delayed signal "delayed_D" will not be driven.
/home/arjun/eda/pdks/IHP-Open-PDK/ihp-sg13cmos5l/libs.ref/sg13cmos5l_stdcell/verilog/sg13cmos5l_stdcell.v:2748: warning: Timing checks are not supported and delayed signal "delayed_CLK" will not be driven.
/home/arjun/eda/pdks/IHP-Open-PDK/ihp-sg13cmos5l/libs.ref/sg13cmos5l_stdcell/verilog/sg13cmos5l_stdcell.v:2748: warning: Timing checks are not supported and delayed signal "delayed_D" will not be driven.
/home/arjun/eda/pdks/IHP-Open-PDK/ihp-sg13cmos5l/libs.ref/sg13cmos5l_stdcell/verilog/sg13cmos5l_stdcell.v:2749: warning: Timing checks are not supported and delayed signal "delayed_CLK" will not be driven.
/home/arjun/eda/pdks/IHP-Open-PDK/ihp-sg13cmos5l/libs.ref/sg13cmos5l_stdcell/verilog/sg13cmos5l_stdcell.v:2749: warning: Timing checks are not supported and delayed signal "delayed_SCD" will not be driven.
/home/arjun/eda/pdks/IHP-Open-PDK/ihp-sg13cmos5l/libs.ref/sg13cmos5l_stdcell/verilog/sg13cmos5l_stdcell.v:2750: warning: Timing checks are not supported and delayed signal "delayed_CLK" will not be driven.
/home/arjun/eda/pdks/IHP-Open-PDK/ihp-sg13cmos5l/libs.ref/sg13cmos5l_stdcell/verilog/sg13cmos5l_stdcell.v:2750: warning: Timing checks are not supported and delayed signal "delayed_SCD" will not be driven.
/home/arjun/eda/pdks/IHP-Open-PDK/ihp-sg13cmos5l/libs.ref/sg13cmos5l_stdcell/verilog/sg13cmos5l_stdcell.v:2751: warning: Timing checks are not supported and delayed signal "delayed_CLK" will not be driven.
/home/arjun/eda/pdks/IHP-Open-PDK/ihp-sg13cmos5l/libs.ref/sg13cmos5l_stdcell/verilog/sg13cmos5l_stdcell.v:2751: warning: Timing checks are not supported and delayed signal "delayed_SCE" will not be driven.
/home/arjun/eda/pdks/IHP-Open-PDK/ihp-sg13cmos5l/libs.ref/sg13cmos5l_stdcell/verilog/sg13cmos5l_stdcell.v:2752: warning: Timing checks are not supported and delayed signal "delayed_CLK" will not be driven.
/home/arjun/eda/pdks/IHP-Open-PDK/ihp-sg13cmos5l/libs.ref/sg13cmos5l_stdcell/verilog/sg13cmos5l_stdcell.v:2752: warning: Timing checks are not supported and delayed signal "delayed_SCE" will not be driven.
/home/arjun/eda/pdks/IHP-Open-PDK/ihp-sg13cmos5l/libs.ref/sg13cmos5l_stdcell/verilog/sg13cmos5l_stdcell.v:2753: warning: Timing checks are not supported and delayed signal "delayed_RESET_B" will not be driven.
/home/arjun/eda/pdks/IHP-Open-PDK/ihp-sg13cmos5l/libs.ref/sg13cmos5l_stdcell/verilog/sg13cmos5l_stdcell.v:2753: warning: Timing checks are not supported and delayed signal "delayed_CLK" will not be driven.
/home/arjun/eda/pdks/IHP-Open-PDK/ihp-sg13cmos5l/libs.ref/sg13cmos5l_stdcell/verilog/sg13cmos5l_stdcell.v:2754: warning: Timing checks are not supported and delayed signal "delayed_SET_B" will not be driven.
/home/arjun/eda/pdks/IHP-Open-PDK/ihp-sg13cmos5l/libs.ref/sg13cmos5l_stdcell/verilog/sg13cmos5l_stdcell.v:2754: warning: Timing checks are not supported and delayed signal "delayed_CLK" will not be driven.
/home/arjun/eda/pdks/IHP-Open-PDK/ihp-sg13cmos5l/libs.ref/sg13cmos5l_stdcell/verilog/sg13cmos5l_stdcell.v:2755: warning: Timing checks are not supported and delayed signal "delayed_RESET_B" will not be driven.
/home/arjun/eda/pdks/IHP-Open-PDK/ihp-sg13cmos5l/libs.ref/sg13cmos5l_stdcell/verilog/sg13cmos5l_stdcell.v:2755: warning: Timing checks are not supported and delayed signal "delayed_SET_B" will not be driven.
/home/arjun/eda/pdks/IHP-Open-PDK/ihp-sg13cmos5l/libs.ref/sg13cmos5l_stdcell/verilog/sg13cmos5l_stdcell.v:2802: sorry: ifnone with an edge-sensitive path is not supported.
/home/arjun/eda/pdks/IHP-Open-PDK/ihp-sg13cmos5l/libs.ref/sg13cmos5l_stdcell/verilog/sg13cmos5l_stdcell.v:2804: sorry: ifnone with an edge-sensitive path is not supported.
/home/arjun/eda/pdks/IHP-Open-PDK/ihp-sg13cmos5l/libs.ref/sg13cmos5l_stdcell/verilog/sg13cmos5l_stdcell.v:2811: sorry: ifnone with an edge-sensitive path is not supported.
/home/arjun/eda/pdks/IHP-Open-PDK/ihp-sg13cmos5l/libs.ref/sg13cmos5l_stdcell/verilog/sg13cmos5l_stdcell.v:2813: sorry: ifnone with an edge-sensitive path is not supported.
/home/arjun/eda/pdks/IHP-Open-PDK/ihp-sg13cmos5l/libs.ref/sg13cmos5l_stdcell/verilog/sg13cmos5l_stdcell.v:2815: warning: Timing checks are not supported and delayed signal "delayed_CLK" will not be driven.
/home/arjun/eda/pdks/IHP-Open-PDK/ihp-sg13cmos5l/libs.ref/sg13cmos5l_stdcell/verilog/sg13cmos5l_stdcell.v:2815: warning: Timing checks are not supported and delayed signal "delayed_D" will not be driven.
/home/arjun/eda/pdks/IHP-Open-PDK/ihp-sg13cmos5l/libs.ref/sg13cmos5l_stdcell/verilog/sg13cmos5l_stdcell.v:2816: warning: Timing checks are not supported and delayed signal "delayed_CLK" will not be driven.
/home/arjun/eda/pdks/IHP-Open-PDK/ihp-sg13cmos5l/libs.ref/sg13cmos5l_stdcell/verilog/sg13cmos5l_stdcell.v:2816: warning: Timing checks are not supported and delayed signal "delayed_D" will not be driven.
/home/arjun/eda/pdks/IHP-Open-PDK/ihp-sg13cmos5l/libs.ref/sg13cmos5l_stdcell/verilog/sg13cmos5l_stdcell.v:2817: warning: Timing checks are not supported and delayed signal "delayed_CLK" will not be driven.
/home/arjun/eda/pdks/IHP-Open-PDK/ihp-sg13cmos5l/libs.ref/sg13cmos5l_stdcell/verilog/sg13cmos5l_stdcell.v:2817: warning: Timing checks are not supported and delayed signal "delayed_SCD" will not be driven.
/home/arjun/eda/pdks/IHP-Open-PDK/ihp-sg13cmos5l/libs.ref/sg13cmos5l_stdcell/verilog/sg13cmos5l_stdcell.v:2818: warning: Timing checks are not supported and delayed signal "delayed_CLK" will not be driven.
/home/arjun/eda/pdks/IHP-Open-PDK/ihp-sg13cmos5l/libs.ref/sg13cmos5l_stdcell/verilog/sg13cmos5l_stdcell.v:2818: warning: Timing checks are not supported and delayed signal "delayed_SCD" will not be driven.
/home/arjun/eda/pdks/IHP-Open-PDK/ihp-sg13cmos5l/libs.ref/sg13cmos5l_stdcell/verilog/sg13cmos5l_stdcell.v:2819: warning: Timing checks are not supported and delayed signal "delayed_CLK" will not be driven.
/home/arjun/eda/pdks/IHP-Open-PDK/ihp-sg13cmos5l/libs.ref/sg13cmos5l_stdcell/verilog/sg13cmos5l_stdcell.v:2819: warning: Timing checks are not supported and delayed signal "delayed_SCE" will not be driven.
/home/arjun/eda/pdks/IHP-Open-PDK/ihp-sg13cmos5l/libs.ref/sg13cmos5l_stdcell/verilog/sg13cmos5l_stdcell.v:2820: warning: Timing checks are not supported and delayed signal "delayed_CLK" will not be driven.
/home/arjun/eda/pdks/IHP-Open-PDK/ihp-sg13cmos5l/libs.ref/sg13cmos5l_stdcell/verilog/sg13cmos5l_stdcell.v:2820: warning: Timing checks are not supported and delayed signal "delayed_SCE" will not be driven.
/home/arjun/eda/pdks/IHP-Open-PDK/ihp-sg13cmos5l/libs.ref/sg13cmos5l_stdcell/verilog/sg13cmos5l_stdcell.v:2821: warning: Timing checks are not supported and delayed signal "delayed_RESET_B" will not be driven.
/home/arjun/eda/pdks/IHP-Open-PDK/ihp-sg13cmos5l/libs.ref/sg13cmos5l_stdcell/verilog/sg13cmos5l_stdcell.v:2821: warning: Timing checks are not supported and delayed signal "delayed_CLK" will not be driven.
/home/arjun/eda/pdks/IHP-Open-PDK/ihp-sg13cmos5l/libs.ref/sg13cmos5l_stdcell/verilog/sg13cmos5l_stdcell.v:2866: sorry: ifnone with an edge-sensitive path is not supported.
/home/arjun/eda/pdks/IHP-Open-PDK/ihp-sg13cmos5l/libs.ref/sg13cmos5l_stdcell/verilog/sg13cmos5l_stdcell.v:2868: sorry: ifnone with an edge-sensitive path is not supported.
/home/arjun/eda/pdks/IHP-Open-PDK/ihp-sg13cmos5l/libs.ref/sg13cmos5l_stdcell/verilog/sg13cmos5l_stdcell.v:2875: sorry: ifnone with an edge-sensitive path is not supported.
/home/arjun/eda/pdks/IHP-Open-PDK/ihp-sg13cmos5l/libs.ref/sg13cmos5l_stdcell/verilog/sg13cmos5l_stdcell.v:2877: sorry: ifnone with an edge-sensitive path is not supported.
/home/arjun/eda/pdks/IHP-Open-PDK/ihp-sg13cmos5l/libs.ref/sg13cmos5l_stdcell/verilog/sg13cmos5l_stdcell.v:2879: warning: Timing checks are not supported and delayed signal "delayed_CLK" will not be driven.
/home/arjun/eda/pdks/IHP-Open-PDK/ihp-sg13cmos5l/libs.ref/sg13cmos5l_stdcell/verilog/sg13cmos5l_stdcell.v:2879: warning: Timing checks are not supported and delayed signal "delayed_D" will not be driven.
/home/arjun/eda/pdks/IHP-Open-PDK/ihp-sg13cmos5l/libs.ref/sg13cmos5l_stdcell/verilog/sg13cmos5l_stdcell.v:2880: warning: Timing checks are not supported and delayed signal "delayed_CLK" will not be driven.
/home/arjun/eda/pdks/IHP-Open-PDK/ihp-sg13cmos5l/libs.ref/sg13cmos5l_stdcell/verilog/sg13cmos5l_stdcell.v:2880: warning: Timing checks are not supported and delayed signal "delayed_D" will not be driven.
/home/arjun/eda/pdks/IHP-Open-PDK/ihp-sg13cmos5l/libs.ref/sg13cmos5l_stdcell/verilog/sg13cmos5l_stdcell.v:2881: warning: Timing checks are not supported and delayed signal "delayed_CLK" will not be driven.
/home/arjun/eda/pdks/IHP-Open-PDK/ihp-sg13cmos5l/libs.ref/sg13cmos5l_stdcell/verilog/sg13cmos5l_stdcell.v:2881: warning: Timing checks are not supported and delayed signal "delayed_SCD" will not be driven.
/home/arjun/eda/pdks/IHP-Open-PDK/ihp-sg13cmos5l/libs.ref/sg13cmos5l_stdcell/verilog/sg13cmos5l_stdcell.v:2882: warning: Timing checks are not supported and delayed signal "delayed_CLK" will not be driven.
/home/arjun/eda/pdks/IHP-Open-PDK/ihp-sg13cmos5l/libs.ref/sg13cmos5l_stdcell/verilog/sg13cmos5l_stdcell.v:2882: warning: Timing checks are not supported and delayed signal "delayed_SCD" will not be driven.
/home/arjun/eda/pdks/IHP-Open-PDK/ihp-sg13cmos5l/libs.ref/sg13cmos5l_stdcell/verilog/sg13cmos5l_stdcell.v:2883: warning: Timing checks are not supported and delayed signal "delayed_CLK" will not be driven.
/home/arjun/eda/pdks/IHP-Open-PDK/ihp-sg13cmos5l/libs.ref/sg13cmos5l_stdcell/verilog/sg13cmos5l_stdcell.v:2883: warning: Timing checks are not supported and delayed signal "delayed_SCE" will not be driven.
/home/arjun/eda/pdks/IHP-Open-PDK/ihp-sg13cmos5l/libs.ref/sg13cmos5l_stdcell/verilog/sg13cmos5l_stdcell.v:2884: warning: Timing checks are not supported and delayed signal "delayed_CLK" will not be driven.
/home/arjun/eda/pdks/IHP-Open-PDK/ihp-sg13cmos5l/libs.ref/sg13cmos5l_stdcell/verilog/sg13cmos5l_stdcell.v:2884: warning: Timing checks are not supported and delayed signal "delayed_SCE" will not be driven.
/home/arjun/eda/pdks/IHP-Open-PDK/ihp-sg13cmos5l/libs.ref/sg13cmos5l_stdcell/verilog/sg13cmos5l_stdcell.v:2885: warning: Timing checks are not supported and delayed signal "delayed_RESET_B" will not be driven.
/home/arjun/eda/pdks/IHP-Open-PDK/ihp-sg13cmos5l/libs.ref/sg13cmos5l_stdcell/verilog/sg13cmos5l_stdcell.v:2885: warning: Timing checks are not supported and delayed signal "delayed_CLK" will not be driven.
/home/arjun/eda/pdks/IHP-Open-PDK/ihp-sg13cmos5l/libs.ref/sg13cmos5l_stdcell/verilog/sg13cmos5l_stdcell.v:2932: sorry: ifnone with an edge-sensitive path is not supported.
/home/arjun/eda/pdks/IHP-Open-PDK/ihp-sg13cmos5l/libs.ref/sg13cmos5l_stdcell/verilog/sg13cmos5l_stdcell.v:2934: sorry: ifnone with an edge-sensitive path is not supported.
/home/arjun/eda/pdks/IHP-Open-PDK/ihp-sg13cmos5l/libs.ref/sg13cmos5l_stdcell/verilog/sg13cmos5l_stdcell.v:2936: warning: Timing checks are not supported and delayed signal "delayed_CLK" will not be driven.
/home/arjun/eda/pdks/IHP-Open-PDK/ihp-sg13cmos5l/libs.ref/sg13cmos5l_stdcell/verilog/sg13cmos5l_stdcell.v:2936: warning: Timing checks are not supported and delayed signal "delayed_D" will not be driven.
/home/arjun/eda/pdks/IHP-Open-PDK/ihp-sg13cmos5l/libs.ref/sg13cmos5l_stdcell/verilog/sg13cmos5l_stdcell.v:2937: warning: Timing checks are not supported and delayed signal "delayed_CLK" will not be driven.
/home/arjun/eda/pdks/IHP-Open-PDK/ihp-sg13cmos5l/libs.ref/sg13cmos5l_stdcell/verilog/sg13cmos5l_stdcell.v:2937: warning: Timing checks are not supported and delayed signal "delayed_D" will not be driven.
/home/arjun/eda/pdks/IHP-Open-PDK/ihp-sg13cmos5l/libs.ref/sg13cmos5l_stdcell/verilog/sg13cmos5l_stdcell.v:2938: warning: Timing checks are not supported and delayed signal "delayed_CLK" will not be driven.
/home/arjun/eda/pdks/IHP-Open-PDK/ihp-sg13cmos5l/libs.ref/sg13cmos5l_stdcell/verilog/sg13cmos5l_stdcell.v:2938: warning: Timing checks are not supported and delayed signal "delayed_SCD" will not be driven.
/home/arjun/eda/pdks/IHP-Open-PDK/ihp-sg13cmos5l/libs.ref/sg13cmos5l_stdcell/verilog/sg13cmos5l_stdcell.v:2939: warning: Timing checks are not supported and delayed signal "delayed_CLK" will not be driven.
/home/arjun/eda/pdks/IHP-Open-PDK/ihp-sg13cmos5l/libs.ref/sg13cmos5l_stdcell/verilog/sg13cmos5l_stdcell.v:2939: warning: Timing checks are not supported and delayed signal "delayed_SCD" will not be driven.
/home/arjun/eda/pdks/IHP-Open-PDK/ihp-sg13cmos5l/libs.ref/sg13cmos5l_stdcell/verilog/sg13cmos5l_stdcell.v:2940: warning: Timing checks are not supported and delayed signal "delayed_CLK" will not be driven.
/home/arjun/eda/pdks/IHP-Open-PDK/ihp-sg13cmos5l/libs.ref/sg13cmos5l_stdcell/verilog/sg13cmos5l_stdcell.v:2940: warning: Timing checks are not supported and delayed signal "delayed_SCE" will not be driven.
/home/arjun/eda/pdks/IHP-Open-PDK/ihp-sg13cmos5l/libs.ref/sg13cmos5l_stdcell/verilog/sg13cmos5l_stdcell.v:2941: warning: Timing checks are not supported and delayed signal "delayed_CLK" will not be driven.
/home/arjun/eda/pdks/IHP-Open-PDK/ihp-sg13cmos5l/libs.ref/sg13cmos5l_stdcell/verilog/sg13cmos5l_stdcell.v:2941: warning: Timing checks are not supported and delayed signal "delayed_SCE" will not be driven.
/home/arjun/eda/pdks/IHP-Open-PDK/ihp-sg13cmos5l/libs.ref/sg13cmos5l_stdcell/verilog/sg13cmos5l_stdcell.v:2942: warning: Timing checks are not supported and delayed signal "delayed_RESET_B" will not be driven.
/home/arjun/eda/pdks/IHP-Open-PDK/ihp-sg13cmos5l/libs.ref/sg13cmos5l_stdcell/verilog/sg13cmos5l_stdcell.v:2942: warning: Timing checks are not supported and delayed signal "delayed_CLK" will not be driven.
/home/arjun/eda/pdks/IHP-Open-PDK/ihp-sg13cmos5l/libs.ref/sg13cmos5l_stdcell/verilog/sg13cmos5l_stdcell.v:2990: sorry: ifnone with an edge-sensitive path is not supported.
/home/arjun/eda/pdks/IHP-Open-PDK/ihp-sg13cmos5l/libs.ref/sg13cmos5l_stdcell/verilog/sg13cmos5l_stdcell.v:2992: sorry: ifnone with an edge-sensitive path is not supported.
/home/arjun/eda/pdks/IHP-Open-PDK/ihp-sg13cmos5l/libs.ref/sg13cmos5l_stdcell/verilog/sg13cmos5l_stdcell.v:2994: warning: Timing checks are not supported and delayed signal "delayed_CLK" will not be driven.
/home/arjun/eda/pdks/IHP-Open-PDK/ihp-sg13cmos5l/libs.ref/sg13cmos5l_stdcell/verilog/sg13cmos5l_stdcell.v:2994: warning: Timing checks are not supported and delayed signal "delayed_D" will not be driven.
/home/arjun/eda/pdks/IHP-Open-PDK/ihp-sg13cmos5l/libs.ref/sg13cmos5l_stdcell/verilog/sg13cmos5l_stdcell.v:2995: warning: Timing checks are not supported and delayed signal "delayed_CLK" will not be driven.
/home/arjun/eda/pdks/IHP-Open-PDK/ihp-sg13cmos5l/libs.ref/sg13cmos5l_stdcell/verilog/sg13cmos5l_stdcell.v:2995: warning: Timing checks are not supported and delayed signal "delayed_D" will not be driven.
/home/arjun/eda/pdks/IHP-Open-PDK/ihp-sg13cmos5l/libs.ref/sg13cmos5l_stdcell/verilog/sg13cmos5l_stdcell.v:2996: warning: Timing checks are not supported and delayed signal "delayed_CLK" will not be driven.
/home/arjun/eda/pdks/IHP-Open-PDK/ihp-sg13cmos5l/libs.ref/sg13cmos5l_stdcell/verilog/sg13cmos5l_stdcell.v:2996: warning: Timing checks are not supported and delayed signal "delayed_SCD" will not be driven.
/home/arjun/eda/pdks/IHP-Open-PDK/ihp-sg13cmos5l/libs.ref/sg13cmos5l_stdcell/verilog/sg13cmos5l_stdcell.v:2997: warning: Timing checks are not supported and delayed signal "delayed_CLK" will not be driven.
/home/arjun/eda/pdks/IHP-Open-PDK/ihp-sg13cmos5l/libs.ref/sg13cmos5l_stdcell/verilog/sg13cmos5l_stdcell.v:2997: warning: Timing checks are not supported and delayed signal "delayed_SCD" will not be driven.
/home/arjun/eda/pdks/IHP-Open-PDK/ihp-sg13cmos5l/libs.ref/sg13cmos5l_stdcell/verilog/sg13cmos5l_stdcell.v:2998: warning: Timing checks are not supported and delayed signal "delayed_CLK" will not be driven.
/home/arjun/eda/pdks/IHP-Open-PDK/ihp-sg13cmos5l/libs.ref/sg13cmos5l_stdcell/verilog/sg13cmos5l_stdcell.v:2998: warning: Timing checks are not supported and delayed signal "delayed_SCE" will not be driven.
/home/arjun/eda/pdks/IHP-Open-PDK/ihp-sg13cmos5l/libs.ref/sg13cmos5l_stdcell/verilog/sg13cmos5l_stdcell.v:2999: warning: Timing checks are not supported and delayed signal "delayed_CLK" will not be driven.
/home/arjun/eda/pdks/IHP-Open-PDK/ihp-sg13cmos5l/libs.ref/sg13cmos5l_stdcell/verilog/sg13cmos5l_stdcell.v:2999: warning: Timing checks are not supported and delayed signal "delayed_SCE" will not be driven.
/home/arjun/eda/pdks/IHP-Open-PDK/ihp-sg13cmos5l/libs.ref/sg13cmos5l_stdcell/verilog/sg13cmos5l_stdcell.v:3000: warning: Timing checks are not supported and delayed signal "delayed_RESET_B" will not be driven.
/home/arjun/eda/pdks/IHP-Open-PDK/ihp-sg13cmos5l/libs.ref/sg13cmos5l_stdcell/verilog/sg13cmos5l_stdcell.v:3000: warning: Timing checks are not supported and delayed signal "delayed_CLK" will not be driven.
/home/arjun/eda/pdks/IHP-Open-PDK/ihp-sg13cmos5l/libs.ref/sg13cmos5l_stdcell/verilog/sg13cmos5l_stdcell.v:3040: warning: Timing checks are not supported and delayed signal "delayed_CLK" will not be driven.
/home/arjun/eda/pdks/IHP-Open-PDK/ihp-sg13cmos5l/libs.ref/sg13cmos5l_stdcell/verilog/sg13cmos5l_stdcell.v:3040: warning: Timing checks are not supported and delayed signal "delayed_GATE" will not be driven.
/home/arjun/eda/pdks/IHP-Open-PDK/ihp-sg13cmos5l/libs.ref/sg13cmos5l_stdcell/verilog/sg13cmos5l_stdcell.v:3041: warning: Timing checks are not supported and delayed signal "delayed_CLK" will not be driven.
/home/arjun/eda/pdks/IHP-Open-PDK/ihp-sg13cmos5l/libs.ref/sg13cmos5l_stdcell/verilog/sg13cmos5l_stdcell.v:3041: warning: Timing checks are not supported and delayed signal "delayed_GATE" will not be driven.
/home/arjun/eda/pdks/IHP-Open-PDK/ihp-sg13cmos5l/libs.ref/sg13cmos5l_stdcell/verilog/sg13cmos5l_stdcell.v:3042: warning: Timing checks are not supported and delayed signal "delayed_CLK" will not be driven.
/home/arjun/eda/pdks/IHP-Open-PDK/ihp-sg13cmos5l/libs.ref/sg13cmos5l_stdcell/verilog/sg13cmos5l_stdcell.v:3042: warning: Timing checks are not supported and delayed signal "delayed_SCE" will not be driven.
/home/arjun/eda/pdks/IHP-Open-PDK/ihp-sg13cmos5l/libs.ref/sg13cmos5l_stdcell/verilog/sg13cmos5l_stdcell.v:3043: warning: Timing checks are not supported and delayed signal "delayed_CLK" will not be driven.
/home/arjun/eda/pdks/IHP-Open-PDK/ihp-sg13cmos5l/libs.ref/sg13cmos5l_stdcell/verilog/sg13cmos5l_stdcell.v:3043: warning: Timing checks are not supported and delayed signal "delayed_SCE" will not be driven.
/home/arjun/eda/pdks/IHP-Open-PDK/ihp-sg13cmos5l/libs.ref/sg13cmos5l_stdcell/verilog/sg13cmos5l_stdcell.v:3199: sorry: ifnone with an edge-sensitive path is not supported.
/home/arjun/eda/pdks/IHP-Open-PDK/ihp-sg13cmos5l/libs.ref/sg13cmos5l_stdcell/verilog/sg13cmos5l_stdcell.v:3201: sorry: ifnone with an edge-sensitive path is not supported.
/home/arjun/eda/pdks/IHP-Open-PDK/ihp-sg13cmos5l/libs.ref/sg13cmos5l_stdcell/verilog/sg13cmos5l_stdcell.v:3211: sorry: ifnone with an edge-sensitive path is not supported.
/home/arjun/eda/pdks/IHP-Open-PDK/ihp-sg13cmos5l/libs.ref/sg13cmos5l_stdcell/verilog/sg13cmos5l_stdcell.v:3213: sorry: ifnone with an edge-sensitive path is not supported.
/home/arjun/eda/pdks/IHP-Open-PDK/ihp-sg13cmos5l/libs.ref/sg13cmos5l_stdcell/verilog/sg13cmos5l_stdcell.v:3250: sorry: ifnone with an edge-sensitive path is not supported.
/home/arjun/eda/pdks/IHP-Open-PDK/ihp-sg13cmos5l/libs.ref/sg13cmos5l_stdcell/verilog/sg13cmos5l_stdcell.v:3252: sorry: ifnone with an edge-sensitive path is not supported.
/home/arjun/eda/pdks/IHP-Open-PDK/ihp-sg13cmos5l/libs.ref/sg13cmos5l_stdcell/verilog/sg13cmos5l_stdcell.v:3262: sorry: ifnone with an edge-sensitive path is not supported.
/home/arjun/eda/pdks/IHP-Open-PDK/ihp-sg13cmos5l/libs.ref/sg13cmos5l_stdcell/verilog/sg13cmos5l_stdcell.v:3264: sorry: ifnone with an edge-sensitive path is not supported.
rm -f results.xml
COCOTB_TEST_MODULES=test_analog,test_bias,test_clocking,test_no_clock,test_pattern,test_project_control,test_router,test_sequencer,test_spi,test_sram COCOTB_TESTCASE=  COCOTB_TOPLEVEL=chipalooza_frame TOPLEVEL_LANG=verilog       \
	 /usr/bin/vvp -m /home/arjun/eda/projects/ADC_IHP/SAR_ADC/sg13cmos5l_ocd_chipalooza/verilog/dv/venv/lib/python3.12/site-packages/cocotb/libs/libcocotbvpi_icarus.so   sim_build/sim.vvp   
     -.--ns INFO     gpi                                ../gpi/GpiCommon.cpp:242  in gpi_load_users                  Loaded entry library: '/usr/lib/x86_64-linux-gnu/libpython3.12.so.1.0'
     -.--ns INFO     gpi                                ../gpi/GpiCommon.cpp:233  in gpi_load_users                  Running entry func 'initialize' from loaded library '/home/arjun/eda/projects/ADC_IHP/SAR_ADC/sg13cmos5l_ocd_chipalooza/verilog/dv/venv/lib/python3.12/site-packages/cocotb/simulator.cpython-312-x86_64-linux-gnu.so'
     -.--ns INFO     pygpi                              ..ib/pygpi/embed.cpp:114  in initialize                      Using Python 3.12.12 interpreter at /home/arjun/eda/projects/ADC_IHP/SAR_ADC/sg13cmos5l_ocd_chipalooza/verilog/dv/venv/bin/python3
     -.--ns INFO     gpi                                ../gpi/GpiCommon.cpp:74   in gpi_print_registered_impl       GPI: VPI support registered
     0.00ns INFO     cocotb.initialize                  Seeding Python random module with 1790856077
     0.00ns INFO     cocotb.initialize                  Initialized cocotb v2.1.0 from /home/arjun/eda/projects/ADC_IHP/SAR_ADC/sg13cmos5l_ocd_chipalooza/verilog/dv/venv/lib/python3.12/site-packages/cocotb
     0.00ns INFO     cocotb.initialize                  Running on Icarus Verilog version 12.0 (stable)
     0.00ns INFO     cocotb.regression                  Running tests
     0.00ns INFO     cocotb.regression                  running test_analog.test_power_gate_reaches_only_selected_slot (1/100)
                                                            The 3.3 V and 1.2 V gates deliver the rail to one slot only.
 31701.00ns INFO     cocotb.regression                  test_analog.test_power_gate_reaches_only_selected_slot passed
 31701.00ns INFO     cocotb.regression                  running test_analog.test_power_gates_independent (2/100)
                                                            The 3.3 V and 1.2 V gates are controlled separately.
 73302.00ns INFO     cocotb.regression                  test_analog.test_power_gates_independent passed
 73302.00ns INFO     cocotb.regression                  running test_analog.test_deselecting_removes_power (3/100)
                                                            Selecting another slot disconnects the previous one.
 95103.00ns INFO     cocotb.regression                  test_analog.test_deselecting_removes_power passed
 95103.00ns INFO     cocotb.regression                  running test_analog.test_power_is_off_after_reset (4/100)
                                                            No slot is powered out of reset.
 97204.00ns INFO     cocotb.regression                  test_analog.test_power_is_off_after_reset passed
 97204.00ns INFO     cocotb.regression                  running test_analog.test_bias_switches_route_to_selected_slot (5/100)
                                                            The two current biases and the voltage bias reach one slot only.
114005.00ns INFO     cocotb.regression                  test_analog.test_bias_switches_route_to_selected_slot passed
114005.00ns INFO     cocotb.regression                  running test_analog.test_bias_switches_independent (6/100)
                                                            ibias0, ibias1 and vbias are separately controlled.
150806.01ns INFO     cocotb.regression                  test_analog.test_bias_switches_independent passed
150806.01ns INFO     cocotb.regression                  running test_analog.test_vbias_follows_voltgen (7/100)
                                                            The voltage bias delivered to a slot is the voltgen output.
237007.01ns INFO     cocotb.regression                  test_analog.test_vbias_follows_voltgen passed
237007.01ns INFO     cocotb.regression                  running test_analog.test_voltgen_disabled_is_zero_not_floating (8/100)
                                                            A disabled voltgen outputs 0 V, which is different from NaN.
283208.01ns INFO     cocotb.regression                  test_analog.test_voltgen_disabled_is_zero_not_floating passed
283208.01ns INFO     cocotb.regression                  running test_analog.test_analog_bus_enables_are_one_hot (9/100)
                                                            Only the selected slot's four bus switches are enabled.
314909.01ns INFO     cocotb.regression                  test_analog.test_analog_bus_enables_are_one_hot passed
314909.01ns INFO     cocotb.regression                  running test_analog.test_analog_bus_lines_independent (10/100)
                                                            analog_bus_ena selects the four lines individually, not as a block.
376310.01ns INFO     cocotb.regression                  test_analog.test_analog_bus_lines_independent passed
376310.01ns INFO     cocotb.regression                  running test_analog.test_analog_bus_is_not_connected_to_any_slot_after_reset (11/100)
                                                            Out of reset no slot touches the four shared analog pins.
378411.01ns INFO     cocotb.regression                  test_analog.test_analog_bus_is_not_connected_to_any_slot_after_reset passed
378411.01ns INFO     cocotb.regression                  running test_analog.test_project_zero_asserted_only_for_slot_zero (12/100)
                                                            project_zero follows proj_sel == 0, which is also the reset state.
400412.01ns INFO     cocotb.regression                  test_analog.test_project_zero_asserted_only_for_slot_zero passed
400412.01ns INFO     cocotb.regression                  running test_analog.test_diagnostic_switches_drive_the_shared_pins (13/100)
                                                            Selecting project 0 puts the internal biases on the shared pins.
441913.01ns INFO     cocotb.regression                  test_analog.test_diagnostic_switches_drive_the_shared_pins passed
441913.01ns INFO     cocotb.regression                  running test_analog.test_bandgap_off_is_zero_and_on_is_plausible (14/100)
                                                            The bandgap is 0 V disabled and in a believable band enabled.
473514.01ns INFO     cocotb.regression                  test_analog.test_bandgap_off_is_zero_and_on_is_plausible passed
473514.01ns INFO     cocotb.regression                  running test_analog.test_bandgap_trim_is_monotonic_and_saturates (15/100)
                                                            Raising the trim code never lowers the output, and it stops at 16.
595115.01ns INFO     cocotb.regression                  test_analog.test_bandgap_trim_is_monotonic_and_saturates passed
595115.01ns INFO     cocotb.regression                  running test_analog.test_pads_are_disconnected_by_default (16/100)
                                                            With nothing driving a pad, the pad reads as disconnected.
602116.02ns INFO     cocotb.regression                  test_analog.test_pads_are_disconnected_by_default passed
602116.02ns INFO     cocotb.regression                  running test_analog.test_pad_voltage_reaches_only_the_selected_slot (17/100)
                                                            A voltage on a shared pad arrives at one project, on one line.
614017.02ns INFO     cocotb.regression                  test_analog.test_pad_voltage_reaches_only_the_selected_slot passed
614017.02ns INFO     cocotb.regression                  running test_analog.test_pad_is_gated_by_its_own_bus_enable (18/100)
                                                            Each bus line can be opened and closed independently of the pad.
635818.02ns INFO     cocotb.regression                  test_analog.test_pad_is_gated_by_its_own_bus_enable passed
635818.02ns INFO     cocotb.regression                  running test_analog.test_diagnostic_drive_takes_precedence_over_the_pad (19/100)
                                                            When the chip drives a pad, the chip wins.
672419.02ns INFO     cocotb.regression                  test_analog.test_diagnostic_drive_takes_precedence_over_the_pad passed
672419.02ns INFO     cocotb.regression                  running test_analog.test_bandgap_matches_the_characterised_curve (20/100)
                                                            Every trim code produces its simulated voltage.
779020.02ns INFO     cocotb.regression                  test_analog.test_bandgap_matches_the_characterised_curve passed
779020.02ns INFO     cocotb.regression                  running test_analog.test_bandgap_nominal_is_half_trim (21/100)
                                                            The nominal setting is the middle of the code range.
805621.02ns INFO     cocotb.chipalooza_frame            bandgap trim headroom from nominal 1.231 V: -47 mV / +64 mV
805621.02ns INFO     cocotb.regression                  test_analog.test_bandgap_nominal_is_half_trim passed
805621.02ns INFO     cocotb.regression                  running test_bias.test_bias_defaults_produce_the_documented_currents (22/100)
                                                            The five internal biases come out at their nominal values.
827322.02ns INFO     cocotb.regression                  test_bias.test_bias_defaults_produce_the_documented_currents passed
827322.02ns INFO     cocotb.regression                  running test_bias.test_bias_range_checks_pass_with_the_documented_settings (23/100)
                                                            The bandgap and voltgen both accept the biases they are given.
858823.02ns INFO     cocotb.regression                  test_bias.test_bias_range_checks_pass_with_the_documented_settings passed
858823.02ns INFO     cocotb.regression                  running test_bias.test_bias_range_check_rejects_a_wrong_setting (24/100)
                                                            The range check is not vacuous:  a mis-set trim must fail it.
895424.02ns INFO     cocotb.regression                  test_bias.test_bias_range_check_rejects_a_wrong_setting passed
895424.02ns INFO     cocotb.regression                  running test_bias.test_biasgen_disabled_zeroes_every_bias (25/100)
                                                            A disabled biasgen sources and sinks nothing.
922125.02ns INFO     cocotb.regression                  test_bias.test_biasgen_disabled_zeroes_every_bias passed
922125.02ns INFO     cocotb.regression                  running test_bias.test_idac_outputs_scale_with_the_unit_current (26/100)
                                                            idac1 and idac2 are integer counts of the 250 nA unit.
993226.03ns INFO     cocotb.regression                  test_bias.test_idac_outputs_scale_with_the_unit_current passed
993226.03ns INFO     cocotb.regression                  running test_bias.test_idac_current_reaches_a_project_unclamped (27/100)
                                                            The current a project receives is the current the iDAC sourced.
1039427.03ns INFO     cocotb.regression                  test_bias.test_idac_current_reaches_a_project_unclamped passed
1039427.03ns INFO     cocotb.regression                  running test_bias.test_bias_polarity_is_preserved_through_the_switches (28/100)
                                                            Sinks stay negative and sources stay positive at the project.
1080728.03ns INFO     cocotb.regression                  test_bias.test_bias_polarity_is_preserved_through_the_switches passed
1080728.03ns INFO     cocotb.regression                  running test_bias.test_bias_registers_read_back (29/100)
                                                            The documented register values survive a write/read round trip.
1121929.03ns INFO     cocotb.regression                  test_bias.test_bias_registers_read_back passed
1121929.03ns INFO     cocotb.regression                  running test_clocking.test_sram_clock_sources_are_exclusive (30/100)
                                                            seq_ena must be low whenever the SPI can reach the SRAM.
1130650.03ns INFO     cocotb.regression                  test_clocking.test_sram_clock_sources_are_exclusive passed
1130650.03ns INFO     cocotb.regression                  running test_clocking.test_sram_clock_follows_selected_source (31/100)
                                                            sram_clk tracks SCK when stopped and clk when running.
1134486.03ns INFO     cocotb.regression                  test_clocking.test_sram_clock_follows_selected_source passed
1134486.03ns INFO     cocotb.regression                  running test_clocking.test_seq_strobe_is_not_a_clock (32/100)
                                                            seq_ena must latch on SCK, not on a rising edge of seq_strobe.
1143207.03ns INFO     cocotb.regression                  test_clocking.test_seq_strobe_is_not_a_clock passed
1143207.03ns INFO     cocotb.regression                  running test_clocking.test_loop_mode_tracks_command (33/100)
                                                            Looping and single-shot select different loop_mode values.
1150398.03ns INFO     cocotb.regression                  test_clocking.test_loop_mode_tracks_command passed
1150398.03ns INFO     cocotb.regression                  running test_clocking.test_digital_reset_clears_sequencer (34/100)
                                                            The 0x04 command clears seq_ena and loop_mode asynchronously.
1155929.03ns INFO     cocotb.regression                  test_clocking.test_digital_reset_clears_sequencer passed
1155929.03ns INFO     cocotb.regression                  running test_no_clock.test_spi_and_register_file_without_a_clock (35/100)
                                                            The SPI and the register file work with no chip clock.
1211830.03ns INFO     cocotb.regression                  test_no_clock.test_spi_and_register_file_without_a_clock passed
1211830.03ns INFO     cocotb.regression                  running test_no_clock.test_sram_access_without_a_clock (36/100)
                                                            The SRAM can be written and read over SPI with no chip clock.
1238031.03ns INFO     cocotb.regression                  test_no_clock.test_sram_access_without_a_clock passed
1238031.03ns INFO     cocotb.regression                  running test_no_clock.test_input_bus_constants_without_a_clock (37/100)
                                                            Project input bits can be set to constants with no chip clock.
1365432.04ns INFO     cocotb.regression                  test_no_clock.test_input_bus_constants_without_a_clock passed
1365432.04ns INFO     cocotb.regression                  running test_no_clock.test_input_bus_from_pads_without_a_clock (38/100)
                                                            Project input bits can be driven from the pads with no chip clock.
1410333.04ns INFO     cocotb.regression                  test_no_clock.test_input_bus_from_pads_without_a_clock passed
1410333.04ns INFO     cocotb.regression                  running test_no_clock.test_output_routing_without_a_clock (39/100)
                                                            Project outputs still reach the pads, in the right direction.
1457534.04ns INFO     cocotb.regression                  test_no_clock.test_output_routing_without_a_clock passed
1457534.04ns INFO     cocotb.regression                  running test_no_clock.test_project_selection_and_enables_without_a_clock (40/100)
                                                            Selecting a project and switching its supplies needs no clock.
1474335.04ns INFO     cocotb.regression                  test_no_clock.test_project_selection_and_enables_without_a_clock passed
1474335.04ns INFO     cocotb.regression                  running test_no_clock.test_analog_biases_settle_without_a_clock (41/100)
                                                            The bandgap, biasgen and voltgen produce their values with no clock.
1500936.04ns INFO     cocotb.regression                  test_no_clock.test_analog_biases_settle_without_a_clock passed
1500936.04ns INFO     cocotb.regression                  running test_no_clock.test_sequencer_and_pattern_generator_are_frozen (42/100)
                                                            The other half of the claim:  without a clock they cannot run.
1563637.04ns INFO     cocotb.regression                  test_no_clock.test_sequencer_and_pattern_generator_are_frozen passed
1563637.04ns INFO     cocotb.regression                  running test_no_clock.test_constants_still_work_while_the_sequencer_is_started (43/100)
                                                            The documented sentence, end to end, in one test.
1651038.04ns INFO     cocotb.regression                  test_no_clock.test_constants_still_work_while_the_sequencer_is_started passed
1651038.04ns INFO     cocotb.regression                  running test_pattern.test_reset_defaults (44/100)
                                                            The pattern generator comes up in mode 00, divided by 8, at address 0.
1717305.04ns INFO     cocotb.regression                  test_pattern.test_reset_defaults passed
1717305.04ns INFO     cocotb.regression                  running test_pattern.test_mode_clock_walks_memory (45/100)
                                                            Mode 00 steps the address every (prescaler + 1) clocks and wraps.
1858493.54ns INFO     cocotb.regression                  test_pattern.test_mode_clock_walks_memory passed
1858493.54ns INFO     cocotb.regression                  running test_pattern.test_mode_clock_data_lags_address_by_one (46/100)
                                                            The byte presented is mem[addr - 1]:  a synchronous SRAM read.
1913109.54ns INFO     cocotb.regression                  test_pattern.test_mode_clock_data_lags_address_by_one passed
1913109.54ns INFO     cocotb.regression                  running test_pattern.test_mode_clock_loop_and_single_shot (47/100)
                                                            Loop wraps to 0 and strobes;  single shot halts at pat_stop.
2010640.55ns INFO     cocotb.regression                  test_pattern.test_mode_clock_loop_and_single_shot passed
2010640.55ns INFO     cocotb.regression                  running test_pattern.test_mode_strobe_steps_on_the_sequencer (48/100)
                                                            Mode 10 advances the address once per sequencer strobe.
2065946.55ns INFO     cocotb.regression                  test_pattern.test_mode_strobe_steps_on_the_sequencer passed
2065946.55ns INFO     cocotb.regression                  running test_pattern.test_mode_timed_latches_the_timer_byte (49/100)
                                                            Mode 01 must load the timer from the ODD address, not the data byte.
2131742.55ns INFO     cocotb.regression                  test_pattern.test_mode_timed_latches_the_timer_byte passed
2131742.55ns INFO     cocotb.regression                  running test_pattern.test_mode_timed_holds_each_pattern_for_its_interval (50/100)
                                                            Mode 01 holds each data byte for its own timer value.
2187881.05ns INFO     cocotb.regression                  test_pattern.test_mode_timed_holds_each_pattern_for_its_interval passed
2187881.05ns INFO     cocotb.regression                  running test_pattern.test_mode_timed_timer_zero (51/100)
                                                            Document what a timer byte of zero does.
2243119.55ns INFO     cocotb.regression                  test_pattern.test_mode_timed_timer_zero passed
2243119.55ns INFO     cocotb.regression                  running test_pattern.test_undefined_mode_is_inert (52/100)
                                                            sram_mode 11 is undefined:  assert only that it does not wedge.
2340568.05ns INFO     cocotb.regression                  test_pattern.test_undefined_mode_is_inert passed
2340568.05ns INFO     cocotb.regression                  running test_project_control.test_select_is_one_hot (53/100)
                                                            proj_sel enables exactly one slot, for every one of the 18.
2520769.05ns INFO     cocotb.regression                  test_project_control.test_select_is_one_hot passed
2520769.05ns INFO     cocotb.regression                  running test_project_control.test_slot_zero_selects_nothing (54/100)
                                                            proj_sel = 0 is the diagnostic address and matches no slot.
2532670.05ns INFO     cocotb.regression                  test_project_control.test_slot_zero_selects_nothing passed
2532670.05ns INFO     cocotb.regression                  running test_project_control.test_addresses_above_18_select_nothing (55/100)
                                                            proj_sel is five bits;  19..31 are unassigned and must match no slot.
2564371.05ns INFO     cocotb.regression                  test_project_control.test_addresses_above_18_select_nothing passed
2564371.05ns INFO     cocotb.regression                  running test_project_control.test_unselected_slots_see_no_enables (56/100)
                                                            Every project-facing enable is deasserted on unselected slots.
2576272.06ns INFO     cocotb.regression                  test_project_control.test_unselected_slots_see_no_enables passed
2576272.06ns INFO     cocotb.regression                  running test_project_control.test_dig_in_latch_is_transparent_then_holds (57/100)
                                                            dig_ena opens the input latch;  releasing it freezes the value.
2629873.06ns WARNING  cocotb.regression                  test_project_control.test_dig_in_latch_is_transparent_then_holds failed
                                                        Traceback (most recent call last):
                                                          File "/home/arjun/eda/projects/ADC_IHP/SAR_ADC/sg13cmos5l_ocd_chipalooza/verilog/dv/test_project_control.py", line 133, in test_dig_in_latch_is_transparent_then_holds
                                                            assert slot_dig_in(dut, slot) == 0, (
                                                                   ^^^^^^^^^^^^^^^^^^^^^^
                                                          File "/home/arjun/eda/projects/ADC_IHP/SAR_ADC/sg13cmos5l_ocd_chipalooza/verilog/dv/test_project_control.py", line 38, in slot_dig_in
                                                            return (int(dut.user_dig_in.value) >> (i * 24)) & 0xFFFFFF
                                                                    ^^^^^^^^^^^^^^^^^^^^^^^^^^
                                                          File "/home/arjun/eda/projects/ADC_IHP/SAR_ADC/sg13cmos5l_ocd_chipalooza/verilog/dv/venv/lib/python3.12/site-packages/cocotb/types/_logic_array.py", line 924, in __int__
                                                            return self.to_unsigned()
                                                                   ^^^^^^^^^^^^^^^^^^
                                                          File "/home/arjun/eda/projects/ADC_IHP/SAR_ADC/sg13cmos5l_ocd_chipalooza/verilog/dv/venv/lib/python3.12/site-packages/cocotb/types/_logic_array.py", line 792, in to_unsigned
                                                            return self._get_int()
                                                                   ^^^^^^^^^^^^^^^
                                                          File "/home/arjun/eda/projects/ADC_IHP/SAR_ADC/sg13cmos5l_ocd_chipalooza/verilog/dv/venv/lib/python3.12/site-packages/cocotb/types/_logic_array.py", line 347, in _get_int
                                                            raise ValueError(
                                                        ValueError: Can't convert LogicArray to int: it contains non-0/1 values
2629873.06ns INFO     cocotb.regression                  running test_project_control.test_dig_in_latch_clears_when_deselected (58/100)
                                                            Deselecting a slot resets its input latch to zero.
2688374.06ns WARNING  cocotb.regression                  test_project_control.test_dig_in_latch_clears_when_deselected failed
                                                        Traceback (most recent call last):
                                                          File "/home/arjun/eda/projects/ADC_IHP/SAR_ADC/sg13cmos5l_ocd_chipalooza/verilog/dv/test_project_control.py", line 185, in test_dig_in_latch_clears_when_deselected
                                                            assert slot_dig_in(dut, slot) == 0xFFFFFF, "latch did not open"
                                                                   ^^^^^^^^^^^^^^^^^^^^^^
                                                          File "/home/arjun/eda/projects/ADC_IHP/SAR_ADC/sg13cmos5l_ocd_chipalooza/verilog/dv/test_project_control.py", line 38, in slot_dig_in
                                                            return (int(dut.user_dig_in.value) >> (i * 24)) & 0xFFFFFF
                                                                    ^^^^^^^^^^^^^^^^^^^^^^^^^^
                                                          File "/home/arjun/eda/projects/ADC_IHP/SAR_ADC/sg13cmos5l_ocd_chipalooza/verilog/dv/venv/lib/python3.12/site-packages/cocotb/types/_logic_array.py", line 924, in __int__
                                                            return self.to_unsigned()
                                                                   ^^^^^^^^^^^^^^^^^^
                                                          File "/home/arjun/eda/projects/ADC_IHP/SAR_ADC/sg13cmos5l_ocd_chipalooza/verilog/dv/venv/lib/python3.12/site-packages/cocotb/types/_logic_array.py", line 792, in to_unsigned
                                                            return self._get_int()
                                                                   ^^^^^^^^^^^^^^^
                                                          File "/home/arjun/eda/projects/ADC_IHP/SAR_ADC/sg13cmos5l_ocd_chipalooza/verilog/dv/venv/lib/python3.12/site-packages/cocotb/types/_logic_array.py", line 347, in _get_int
                                                            raise ValueError(
                                                        ValueError: Can't convert LogicArray to int: it contains non-0/1 values
2688374.06ns INFO     cocotb.regression                  running test_project_control.test_only_the_selected_slot_sees_the_bus (59/100)
                                                            The shared bus reaches one project and seventeen zeros.
2746875.06ns WARNING  cocotb.regression                  test_project_control.test_only_the_selected_slot_sees_the_bus failed
                                                        Traceback (most recent call last):
                                                          File "/home/arjun/eda/projects/ADC_IHP/SAR_ADC/sg13cmos5l_ocd_chipalooza/verilog/dv/test_project_control.py", line 214, in test_only_the_selected_slot_sees_the_bus
                                                            got = slot_dig_in(dut, other)
                                                                  ^^^^^^^^^^^^^^^^^^^^^^^
                                                          File "/home/arjun/eda/projects/ADC_IHP/SAR_ADC/sg13cmos5l_ocd_chipalooza/verilog/dv/test_project_control.py", line 38, in slot_dig_in
                                                            return (int(dut.user_dig_in.value) >> (i * 24)) & 0xFFFFFF
                                                                    ^^^^^^^^^^^^^^^^^^^^^^^^^^
                                                          File "/home/arjun/eda/projects/ADC_IHP/SAR_ADC/sg13cmos5l_ocd_chipalooza/verilog/dv/venv/lib/python3.12/site-packages/cocotb/types/_logic_array.py", line 924, in __int__
                                                            return self.to_unsigned()
                                                                   ^^^^^^^^^^^^^^^^^^
                                                          File "/home/arjun/eda/projects/ADC_IHP/SAR_ADC/sg13cmos5l_ocd_chipalooza/verilog/dv/venv/lib/python3.12/site-packages/cocotb/types/_logic_array.py", line 792, in to_unsigned
                                                            return self._get_int()
                                                                   ^^^^^^^^^^^^^^^
                                                          File "/home/arjun/eda/projects/ADC_IHP/SAR_ADC/sg13cmos5l_ocd_chipalooza/verilog/dv/venv/lib/python3.12/site-packages/cocotb/types/_logic_array.py", line 347, in _get_int
                                                            raise ValueError(
                                                        ValueError: Can't convert LogicArray to int: it contains non-0/1 values
2746875.06ns INFO     cocotb.regression                  running test_project_control.test_proj_clk_runs_only_on_the_selected_slot (60/100)
                                                            The clock gate passes clk to one slot and holds the rest low.
2758777.93ns WARNING  cocotb.regression                  test_project_control.test_proj_clk_runs_only_on_the_selected_slot failed
                                                        Traceback (most recent call last):
                                                          File "/home/arjun/eda/projects/ADC_IHP/SAR_ADC/sg13cmos5l_ocd_chipalooza/verilog/dv/test_project_control.py", line 235, in test_proj_clk_runs_only_on_the_selected_slot
                                                            seen_high |= int(dut.user_clk.value)
                                                                         ^^^^^^^^^^^^^^^^^^^^^^^
                                                          File "/home/arjun/eda/projects/ADC_IHP/SAR_ADC/sg13cmos5l_ocd_chipalooza/verilog/dv/venv/lib/python3.12/site-packages/cocotb/types/_logic_array.py", line 924, in __int__
                                                            return self.to_unsigned()
                                                                   ^^^^^^^^^^^^^^^^^^
                                                          File "/home/arjun/eda/projects/ADC_IHP/SAR_ADC/sg13cmos5l_ocd_chipalooza/verilog/dv/venv/lib/python3.12/site-packages/cocotb/types/_logic_array.py", line 792, in to_unsigned
                                                            return self._get_int()
                                                                   ^^^^^^^^^^^^^^^
                                                          File "/home/arjun/eda/projects/ADC_IHP/SAR_ADC/sg13cmos5l_ocd_chipalooza/verilog/dv/venv/lib/python3.12/site-packages/cocotb/types/_logic_array.py", line 347, in _get_int
                                                            raise ValueError(
                                                        ValueError: Can't convert LogicArray to int: it contains non-0/1 values
2758777.93ns INFO     cocotb.regression                  running test_project_control.test_proj_clk_has_no_glitch_when_selection_changes (61/100)
                                                            Changing the selected project with clk stopped HIGH emits no edge.
2760878.94ns WARNING  cocotb.regression                  test_project_control.test_proj_clk_has_no_glitch_when_selection_changes failed
                                                        Traceback (most recent call last):
                                                          File "/home/arjun/eda/projects/ADC_IHP/SAR_ADC/sg13cmos5l_ocd_chipalooza/verilog/dv/test_project_control.py", line 261, in test_proj_clk_has_no_glitch_when_selection_changes
                                                            old = int(dut.user_clk.value)
                                                                  ^^^^^^^^^^^^^^^^^^^^^^^
                                                          File "/home/arjun/eda/projects/ADC_IHP/SAR_ADC/sg13cmos5l_ocd_chipalooza/verilog/dv/venv/lib/python3.12/site-packages/cocotb/types/_logic_array.py", line 924, in __int__
                                                            return self.to_unsigned()
                                                                   ^^^^^^^^^^^^^^^^^^
                                                          File "/home/arjun/eda/projects/ADC_IHP/SAR_ADC/sg13cmos5l_ocd_chipalooza/verilog/dv/venv/lib/python3.12/site-packages/cocotb/types/_logic_array.py", line 792, in to_unsigned
                                                            return self._get_int()
                                                                   ^^^^^^^^^^^^^^^
                                                          File "/home/arjun/eda/projects/ADC_IHP/SAR_ADC/sg13cmos5l_ocd_chipalooza/verilog/dv/venv/lib/python3.12/site-packages/cocotb/types/_logic_array.py", line 347, in _get_int
                                                            raise ValueError(
                                                        ValueError: Can't convert LogicArray to int: it contains non-0/1 values
2760878.94ns INFO     cocotb.regression                  running test_project_control.test_proj_clk_stops_cleanly_on_deselect (62/100)
                                                            Deselecting with clk parked high does not leave the clock stuck high.
2772709.94ns WARNING  cocotb.regression                  test_project_control.test_proj_clk_stops_cleanly_on_deselect failed
                                                        Traceback (most recent call last):
                                                          File "/home/arjun/eda/projects/ADC_IHP/SAR_ADC/sg13cmos5l_ocd_chipalooza/verilog/dv/test_project_control.py", line 305, in test_proj_clk_stops_cleanly_on_deselect
                                                            assert int(dut.user_clk.value) == (1 << 5), "slot 6 is not clocked"
                                                                   ^^^^^^^^^^^^^^^^^^^^^^^
                                                          File "/home/arjun/eda/projects/ADC_IHP/SAR_ADC/sg13cmos5l_ocd_chipalooza/verilog/dv/venv/lib/python3.12/site-packages/cocotb/types/_logic_array.py", line 924, in __int__
                                                            return self.to_unsigned()
                                                                   ^^^^^^^^^^^^^^^^^^
                                                          File "/home/arjun/eda/projects/ADC_IHP/SAR_ADC/sg13cmos5l_ocd_chipalooza/verilog/dv/venv/lib/python3.12/site-packages/cocotb/types/_logic_array.py", line 792, in to_unsigned
                                                            return self._get_int()
                                                                   ^^^^^^^^^^^^^^^
                                                          File "/home/arjun/eda/projects/ADC_IHP/SAR_ADC/sg13cmos5l_ocd_chipalooza/verilog/dv/venv/lib/python3.12/site-packages/cocotb/types/_logic_array.py", line 347, in _get_int
                                                            raise ValueError(
                                                        ValueError: Can't convert LogicArray to int: it contains non-0/1 values
2772709.94ns INFO     cocotb.regression                  running test_project_control.test_proj_reset_is_synchronised_and_per_slot (63/100)
                                                            The 0x04 command reaches the selected project as a synchronous reset.
2786430.94ns INFO     cocotb.regression                  test_project_control.test_proj_reset_is_synchronised_and_per_slot passed
2786430.94ns INFO     cocotb.regression                  running test_project_control.test_dig_out_daisy_chain_is_continuous (64/100)
                                                            The two output chains relay their zero seed through all 18 slots.
2798331.94ns INFO     cocotb.regression                  test_project_control.test_dig_out_daisy_chain_is_continuous passed
2798331.94ns INFO     cocotb.regression                  running test_router.test_every_project_input_can_reach_every_pad (65/100)
                                                            Each of the 24 project input bits can be sourced from any of the 12 pads.
3303132.94ns INFO     cocotb.regression                  test_router.test_every_project_input_can_reach_every_pad passed
3303132.94ns INFO     cocotb.regression                  running test_router.test_input_routing_is_per_bit (66/100)
                                                            The 24 input bits are routed individually, not as a block.
3348033.94ns INFO     cocotb.regression                  test_router.test_input_routing_is_per_bit passed
3348033.94ns INFO     cocotb.regression                  running test_router.test_input_constant_codes (67/100)
                                                            Codes 0xD and 0xE tie a project input low and high.
3391934.94ns INFO     cocotb.regression                  test_router.test_input_constant_codes passed
3391934.94ns INFO     cocotb.regression                  running test_router.test_input_special_code_splits_sequencer_and_sram (68/100)
                                                            Code 0xF means seq_out on bits 0..15 and sram_out on bits 16..23.
3435835.94ns INFO     cocotb.regression                  test_router.test_input_special_code_splits_sequencer_and_sram passed
3435835.94ns INFO     cocotb.regression                  running test_router.test_every_project_output_can_reach_every_pad (69/100)
                                                            Each of the 12 project outputs can be sent to any of the 12 pads.
6692336.94ns INFO     cocotb.regression                  test_router.test_every_project_output_can_reach_every_pad passed
6692336.94ns INFO     cocotb.regression                  running test_router.test_output_value_follows_the_routed_project_bit (70/100)
                                                            Under the identity route a walking one on the outputs walks the pads.
6718137.94ns INFO     cocotb.regression                  test_router.test_output_value_follows_the_routed_project_bit passed
6718137.94ns INFO     cocotb.regression                  running test_router.test_unrouted_pads_stay_inputs (71/100)
                                                            A pad that no project output names is left as an input.
6784538.95ns INFO     cocotb.regression                  test_router.test_unrouted_pads_stay_inputs passed
6784538.95ns INFO     cocotb.regression                  running test_router.test_lowest_numbered_output_wins_a_contested_pad (72/100)
                                                            When several project outputs name one pad, the lowest wins.
6809339.95ns INFO     cocotb.regression                  test_router.test_lowest_numbered_output_wins_a_contested_pad passed
6809339.95ns INFO     cocotb.regression                  running test_router.test_an_output_reaches_exactly_the_one_pad_it_names (73/100)
                                                            A nibble names a single destination, so an output drives one pad.
6834040.95ns INFO     cocotb.regression                  test_router.test_an_output_reaches_exactly_the_one_pad_it_names passed
6834040.95ns INFO     cocotb.regression                  running test_router.test_reset_routing_defaults (74/100)
                                                            Out of reset both tables are zero, with the effect that implies.
6846141.95ns INFO     cocotb.regression                  test_router.test_reset_routing_defaults passed
6846141.95ns INFO     cocotb.regression                  running test_router.test_sram_monitor_overrides_routing (75/100)
                                                            The SRAM monitor seizes a pad from the project that named it.
6875642.95ns INFO     cocotb.regression                  test_router.test_sram_monitor_overrides_routing passed
6875642.95ns INFO     cocotb.regression                  running test_router.test_sequencer_monitor_takes_all_twelve_pads (76/100)
                                                            seq_monitor overrides everything and makes all 12 pads outputs.
6910143.95ns INFO     cocotb.regression                  test_router.test_sequencer_monitor_takes_all_twelve_pads passed
6910143.95ns INFO     cocotb.regression                  running test_sequencer.test_reset_defaults (77/100)
                                                            The sequencer comes up stopped, in constant-zero mode, divided by 8.
6931744.95ns INFO     cocotb.regression                  test_sequencer.test_reset_defaults passed
6931744.95ns INFO     cocotb.regression                  running test_sequencer.test_constant_modes (78/100)
                                                            Mode 101 holds all zeros and mode 110 holds all ones.
6999743.45ns INFO     cocotb.regression                  test_sequencer.test_constant_modes passed
6999743.45ns INFO     cocotb.regression                  running test_sequencer.test_binary_up_count (79/100)
                                                            Mode 000 counts up from seq_start and wraps at seq_stop.
7034829.45ns INFO     cocotb.regression                  test_sequencer.test_binary_up_count passed
7034829.45ns INFO     cocotb.regression                  running test_sequencer.test_binary_down_count (80/100)
                                                            Mode 001 counts down from seq_start and wraps at seq_stop.
7069915.45ns INFO     cocotb.regression                  test_sequencer.test_binary_down_count passed
7069915.45ns INFO     cocotb.regression                  running test_sequencer.test_gray_up_count (81/100)
                                                            Mode 010 steps next = gray(cur + 1), stopping on a Gray comparison.
7105023.96ns INFO     cocotb.regression                  test_sequencer.test_gray_up_count passed
7105023.96ns INFO     cocotb.regression                  running test_sequencer.test_gray_down_count (82/100)
                                                            Mode 011 steps next = gray(cur - 1), stopping on a Gray comparison.
7140109.96ns INFO     cocotb.regression                  test_sequencer.test_gray_down_count passed
7140109.96ns INFO     cocotb.regression                  running test_sequencer.test_lfsr_mode_is_pseudorandom_and_never_locks_up (83/100)
                                                            Mode 100 produces a changing sequence that never reaches all zeros.
7175915.96ns INFO     cocotb.regression                  test_sequencer.test_lfsr_mode_is_pseudorandom_and_never_locks_up passed
7175915.96ns INFO     cocotb.regression                  running test_sequencer.test_single_shot_stops_and_loop_wraps (84/100)
                                                            Single shot halts at seq_stop;  loop mode returns to seq_start.
7244281.96ns INFO     cocotb.regression                  test_sequencer.test_single_shot_stops_and_loop_wraps passed
7244281.96ns INFO     cocotb.regression                  running test_sequencer.test_strobe_pulses_at_the_wrap (85/100)
                                                            seq_trig goes high on the cycle the sequencer wraps or ends.
7279457.96ns INFO     cocotb.regression                  test_sequencer.test_strobe_pulses_at_the_wrap passed
7279457.96ns INFO     cocotb.regression                  running test_sequencer.test_prescaler_divides_the_clock (86/100)
                                                            The sequencer advances once every (prescaler + 1) clocks.
7382363.96ns INFO     cocotb.regression                  test_sequencer.test_prescaler_divides_the_clock passed
7382363.96ns INFO     cocotb.regression                  running test_sequencer.test_stop_and_digital_reset_clear_the_output (87/100)
                                                            CMD_SEQ_STOP and CMD_DIG_RESET both return seq_out to zero.
7422647.46ns INFO     cocotb.regression                  test_sequencer.test_stop_and_digital_reset_clear_the_output passed
7422647.46ns INFO     cocotb.regression                  running test_sequencer.test_undefined_mode_does_not_hang_or_strobe (88/100)
                                                            Mode 111 is undefined:  assert only that it is inert.
7490638.46ns INFO     cocotb.regression                  test_sequencer.test_undefined_mode_does_not_hang_or_strobe passed
7490638.46ns INFO     cocotb.regression                  running test_spi.test_identity_registers (89/100)
                                                            The fixed ID registers read back their hard-coded values.
7512239.46ns INFO     cocotb.regression                  test_spi.test_identity_registers passed
7512239.46ns INFO     cocotb.regression                  running test_spi.test_mask_rev_passthrough (90/100)
                                                            mask_rev_in is metal-programmed and must read back byte for byte.
7524040.46ns INFO     cocotb.regression                  test_spi.test_mask_rev_passthrough passed
7524040.46ns INFO     cocotb.regression                  running test_spi.test_register_write_readback (91/100)
                                                            Writable registers hold what is written to them.
7604441.46ns INFO     cocotb.regression                  test_spi.test_register_write_readback passed
7604441.46ns INFO     cocotb.regression                  running test_spi.test_address_autoincrement (92/100)
                                                            A write stream walks consecutive addresses, and so does a read.
7625842.47ns INFO     cocotb.regression                  test_spi.test_address_autoincrement passed
7625842.47ns INFO     cocotb.regression                  running test_spi.test_csb_resets_spi (93/100)
                                                            Raising CSB mid-transaction resets the state machine.
7645843.47ns INFO     cocotb.regression                  test_spi.test_csb_resets_spi passed
7645843.47ns INFO     cocotb.regression                  running test_spi.test_nop_command (94/100)
                                                            A no-op command leaves the register file alone.
7662544.47ns INFO     cocotb.regression                  test_spi.test_nop_command passed
7662544.47ns INFO     cocotb.regression                  running test_sram.test_sram_write_read (95/100)
                                                            Bytes written to the SRAM read back unchanged.
7685545.47ns INFO     cocotb.regression                  test_sram.test_sram_write_read passed
7685545.47ns INFO     cocotb.regression                  running test_sram.test_sram_autoincrement_across_256 (96/100)
                                                            Auto-increment must carry out of the low address byte.
7721346.47ns INFO     cocotb.regression                  test_sram.test_sram_autoincrement_across_256 passed
7721346.47ns INFO     cocotb.regression                  running test_sram.test_sram_high_addresses_are_distinct (97/100)
                                                            0x100 must be a different location from 0x00.
7757247.47ns INFO     cocotb.regression                  test_sram.test_sram_high_addresses_are_distinct passed
7757247.47ns INFO     cocotb.regression                  running test_sram.test_sram_walking_ones (98/100)
                                                            A walking-ones pattern, as the pattern generator would hold.
7826848.47ns INFO     cocotb.regression                  test_sram.test_sram_walking_ones passed
7826848.47ns INFO     cocotb.regression                  running test_sram.test_sram_read_does_not_disturb (99/100)
                                                            Reading a location leaves it and its neighbours intact.
7872449.47ns INFO     cocotb.regression                  test_sram.test_sram_read_does_not_disturb passed
7872449.47ns INFO     cocotb.regression                  running test_sram.test_register_access_after_sram_access (100/100)
                                                            The SPI returns to the register map after an SRAM stream.
7893950.47ns INFO     cocotb.regression                  test_sram.test_register_access_after_sram_access passed
7893950.47ns INFO     cocotb.regression                  *********************************************************************************************************************************
                                                        ** TEST                                                                     STATUS  SIM TIME (ns)  REAL TIME (s)  RATIO (ns/s) **
                                                        *********************************************************************************************************************************
                                                        ** test_analog.test_power_gate_reaches_only_selected_slot                    PASS       31701.00           0.01    3208403.17  **
                                                        ** test_analog.test_power_gates_independent                                  PASS       41601.00           0.01    6135791.88  **
                                                        ** test_analog.test_deselecting_removes_power                                PASS       21801.00           0.00    6438382.10  **
                                                        ** test_analog.test_power_is_off_after_reset                                 PASS        2101.00           0.00   10920694.63  **
                                                        ** test_analog.test_bias_switches_route_to_selected_slot                     PASS       16801.00           0.00    5808333.61  **
                                                        ** test_analog.test_bias_switches_independent                                PASS       36801.00           0.01    6290711.32  **
                                                        ** test_analog.test_vbias_follows_voltgen                                    PASS       86201.00           0.01    6425462.58  **
                                                        ** test_analog.test_voltgen_disabled_is_zero_not_floating                    PASS       46201.00           0.01    6378421.61  **
                                                        ** test_analog.test_analog_bus_enables_are_one_hot                           PASS       31701.00           0.01    5928849.17  **
                                                        ** test_analog.test_analog_bus_lines_independent                             PASS       61401.00           0.01    6243491.55  **
                                                        ** test_analog.test_analog_bus_is_not_connected_to_any_slot_after_reset      PASS        2101.00           0.00    4641402.36  **
                                                        ** test_analog.test_project_zero_asserted_only_for_slot_zero                 PASS       22001.00           0.00    6518169.82  **
                                                        ** test_analog.test_diagnostic_switches_drive_the_shared_pins                PASS       41501.00           0.01    6349124.35  **
                                                        ** test_analog.test_bandgap_off_is_zero_and_on_is_plausible                  PASS       31601.00           0.00    6461467.09  **
                                                        ** test_analog.test_bandgap_trim_is_monotonic_and_saturates                  PASS      121601.00           0.02    6442421.01  **
                                                        ** test_analog.test_pads_are_disconnected_by_default                         PASS        7001.00           0.00    6790613.18  **
                                                        ** test_analog.test_pad_voltage_reaches_only_the_selected_slot               PASS       11901.00           0.00    6372748.31  **
                                                        ** test_analog.test_pad_is_gated_by_its_own_bus_enable                       PASS       21801.00           0.00    6400500.23  **
                                                        ** test_analog.test_diagnostic_drive_takes_precedence_over_the_pad           PASS       36601.00           0.01    6542258.59  **
                                                        ** test_analog.test_bandgap_matches_the_characterised_curve                  PASS      106601.00           0.02    6199607.58  **
                                                        ** test_analog.test_bandgap_nominal_is_half_trim                             PASS       26601.00           0.00    6531418.78  **
                                                        ** test_bias.test_bias_defaults_produce_the_documented_currents              PASS       21701.00           0.00    6319441.69  **
                                                        ** test_bias.test_bias_range_checks_pass_with_the_documented_settings        PASS       31501.00           0.00    6383503.49  **
                                                        ** test_bias.test_bias_range_check_rejects_a_wrong_setting                   PASS       36601.00           0.01    6484981.34  **
                                                        ** test_bias.test_biasgen_disabled_zeroes_every_bias                         PASS       26701.00           0.00    6591179.66  **
                                                        ** test_bias.test_idac_outputs_scale_with_the_unit_current                   PASS       71101.00           0.01    6569464.02  **
                                                        ** test_bias.test_idac_current_reaches_a_project_unclamped                   PASS       46201.00           0.01    6514268.07  **
                                                        ** test_bias.test_bias_polarity_is_preserved_through_the_switches            PASS       41301.00           0.01    6468796.24  **
                                                        ** test_bias.test_bias_registers_read_back                                   PASS       41201.00           0.01    6530988.15  **
                                                        ** test_clocking.test_sram_clock_sources_are_exclusive                       PASS        8721.00           0.00    4870891.42  **
                                                        ** test_clocking.test_sram_clock_follows_selected_source                     PASS        3836.00           0.00    5316656.54  **
                                                        ** test_clocking.test_seq_strobe_is_not_a_clock                              PASS        8721.00           0.00    5644810.31  **
                                                        ** test_clocking.test_loop_mode_tracks_command                               PASS        7191.00           0.00    5665362.67  **
                                                        ** test_clocking.test_digital_reset_clears_sequencer                         PASS        5531.00           0.00    6891388.59  **
                                                        ** test_no_clock.test_spi_and_register_file_without_a_clock                  PASS       55901.00           0.01    6681509.83  **
                                                        ** test_no_clock.test_sram_access_without_a_clock                            PASS       26201.00           0.00    6931655.84  **
                                                        ** test_no_clock.test_input_bus_constants_without_a_clock                    PASS      127401.00           0.02    6210262.77  **
                                                        ** test_no_clock.test_input_bus_from_pads_without_a_clock                    PASS       44901.00           0.01    6054998.78  **
                                                        ** test_no_clock.test_output_routing_without_a_clock                         PASS       47201.00           0.01    5662916.76  **
                                                        ** test_no_clock.test_project_selection_and_enables_without_a_clock          PASS       16801.00           0.00    4936816.97  **
                                                        ** test_no_clock.test_analog_biases_settle_without_a_clock                   PASS       26601.00           0.00    5835090.84  **
                                                        ** test_no_clock.test_sequencer_and_pattern_generator_are_frozen             PASS       62701.00           0.01    7475355.21  **
                                                        ** test_no_clock.test_constants_still_work_while_the_sequencer_is_started    PASS       87401.00           0.01    6096651.63  **
                                                        ** test_pattern.test_reset_defaults                                          PASS       66267.00           0.01    6374671.04  **
                                                        ** test_pattern.test_mode_clock_walks_memory                                 PASS      141188.50           0.03    5371862.06  **
                                                        ** test_pattern.test_mode_clock_data_lags_address_by_one                     PASS       54616.00           0.01    5910974.11  **
                                                        ** test_pattern.test_mode_clock_loop_and_single_shot                         PASS       97531.00           0.02    5738169.10  **
                                                        ** test_pattern.test_mode_strobe_steps_on_the_sequencer                      PASS       55306.00           0.01    3852290.40  **
                                                        ** test_pattern.test_mode_timed_latches_the_timer_byte                       PASS       65796.00           0.01    5791640.44  **
                                                        ** test_pattern.test_mode_timed_holds_each_pattern_for_its_interval          PASS       56138.50           0.02    3724511.02  **
                                                        ** test_pattern.test_mode_timed_timer_zero                                   PASS       55238.50           0.01    4784018.75  **
                                                        ** test_pattern.test_undefined_mode_is_inert                                 PASS       97448.50           0.02    5708318.98  **
                                                        ** test_project_control.test_select_is_one_hot                               PASS      180201.00           0.03    6320820.12  **
                                                        ** test_project_control.test_slot_zero_selects_nothing                       PASS       11901.00           0.00    6840371.04  **
                                                        ** test_project_control.test_addresses_above_18_select_nothing               PASS       31701.00           0.00    6537718.69  **
                                                        ** test_project_control.test_unselected_slots_see_no_enables                 PASS       11901.00           0.00    5317684.86  **
                                                        ** test_project_control.test_dig_in_latch_is_transparent_then_holds          FAIL       53601.00           0.01    5869346.70  **
                                                        ** test_project_control.test_dig_in_latch_clears_when_deselected             FAIL       58501.00           0.01    5270239.75  **
                                                        ** test_project_control.test_only_the_selected_slot_sees_the_bus             FAIL       58501.00           0.01    5735915.81  **
                                                        ** test_project_control.test_proj_clk_runs_only_on_the_selected_slot         FAIL       11902.88           0.00    4922782.75  **
                                                        ** test_project_control.test_proj_clk_has_no_glitch_when_selection_changes   FAIL        2101.00           0.00    6683949.58  **
                                                        ** test_project_control.test_proj_clk_stops_cleanly_on_deselect              FAIL       11831.00           0.00    6604895.30  **
                                                        ** test_project_control.test_proj_reset_is_synchronised_and_per_slot         PASS       13721.00           0.04     353662.62  **
                                                        ** test_project_control.test_dig_out_daisy_chain_is_continuous               PASS       11901.00           0.00    5944891.13  **
                                                        ** test_router.test_every_project_input_can_reach_every_pad                  PASS      504801.00           0.09    5765697.03  **
                                                        ** test_router.test_input_routing_is_per_bit                                 PASS       44901.00           0.01    5477128.38  **
                                                        ** test_router.test_input_constant_codes                                     PASS       43901.00           0.01    6261160.95  **
                                                        ** test_router.test_input_special_code_splits_sequencer_and_sram             PASS       43901.00           0.01    6469329.59  **
                                                        ** test_router.test_every_project_output_can_reach_every_pad                 PASS     3256501.00           0.52    6223866.33  **
                                                        ** test_router.test_output_value_follows_the_routed_project_bit              PASS       25801.00           0.00    6426209.58  **
                                                        ** test_router.test_unrouted_pads_stay_inputs                                PASS       66401.00           0.01    6496246.44  **
                                                        ** test_router.test_lowest_numbered_output_wins_a_contested_pad              PASS       24801.00           0.00    5204158.38  **
                                                        ** test_router.test_an_output_reaches_exactly_the_one_pad_it_names           PASS       24701.00           0.00    6502675.92  **
                                                        ** test_router.test_reset_routing_defaults                                   PASS       12101.00           0.00    6536805.17  **
                                                        ** test_router.test_sram_monitor_overrides_routing                           PASS       29501.00           0.00    6260956.43  **
                                                        ** test_router.test_sequencer_monitor_takes_all_twelve_pads                  PASS       34501.00           0.01    5405657.09  **
                                                        ** test_sequencer.test_reset_defaults                                        PASS       21601.00           0.00    5097561.77  **
                                                        ** test_sequencer.test_constant_modes                                        PASS       67998.50           0.01    5801947.54  **
                                                        ** test_sequencer.test_binary_up_count                                       PASS       35086.00           0.01    5743574.95  **
                                                        ** test_sequencer.test_binary_down_count                                     PASS       35086.00           0.01    5738443.85  **
                                                        ** test_sequencer.test_gray_up_count                                         PASS       35108.50           0.01    5635894.39  **
                                                        ** test_sequencer.test_gray_down_count                                       PASS       35086.00           0.01    5681189.74  **
                                                        ** test_sequencer.test_lfsr_mode_is_pseudorandom_and_never_locks_up          PASS       35806.00           0.01    4314484.29  **
                                                        ** test_sequencer.test_single_shot_stops_and_loop_wraps                      PASS       68366.00           0.01    5301883.79  **
                                                        ** test_sequencer.test_strobe_pulses_at_the_wrap                             PASS       35176.00           0.01    5527888.53  **
                                                        ** test_sequencer.test_prescaler_divides_the_clock                           PASS      102906.00           0.03    3198683.04  **
                                                        ** test_sequencer.test_stop_and_digital_reset_clear_the_output               PASS       40283.50           0.01    2800333.46  **
                                                        ** test_sequencer.test_undefined_mode_does_not_hang_or_strobe                PASS       67991.00           0.02    3048745.63  **
                                                        ** test_spi.test_identity_registers                                          PASS       21601.00           0.01    4170437.99  **
                                                        ** test_spi.test_mask_rev_passthrough                                        PASS       11801.00           0.00    6753161.62  **
                                                        ** test_spi.test_register_write_readback                                     PASS       80401.00           0.01    5721626.90  **
                                                        ** test_spi.test_address_autoincrement                                       PASS       21401.00           0.00    4507111.55  **
                                                        ** test_spi.test_csb_resets_spi                                              PASS       20001.00           0.00    4760952.71  **
                                                        ** test_spi.test_nop_command                                                 PASS       16701.00           0.00    6945091.16  **
                                                        ** test_sram.test_sram_write_read                                            PASS       23001.00           0.00    5018255.91  **
                                                        ** test_sram.test_sram_autoincrement_across_256                              PASS       35801.00           0.01    3826056.46  **
                                                        ** test_sram.test_sram_high_addresses_are_distinct                           PASS       35901.00           0.01    4228765.29  **
                                                        ** test_sram.test_sram_walking_ones                                          PASS       69601.00           0.01    5286567.32  **
                                                        ** test_sram.test_sram_read_does_not_disturb                                 PASS       45601.00           0.01    3991813.81  **
                                                        ** test_sram.test_register_access_after_sram_access                          PASS       21501.00           0.00    6948805.25  **
                                                        *********************************************************************************************************************************
                                                        ** TESTS=100 PASS=94 FAIL=6 SKIP=0                                                    7893950.47           1.42    5546183.85  **
                                                        *********************************************************************************************************************************
WARNING: chipalooza_frame.bandgap at 890174000: bandgap bias out of range: ibias1_250n = -2.5e-07 A (want -2.5e-07 +/-10%), ibias2_1u = -5e-07 A (want -1e-06)
make[1]: *** [/home/arjun/eda/projects/ADC_IHP/SAR_ADC/sg13cmos5l_ocd_chipalooza/verilog/dv/venv/lib/python3.12/site-packages/cocotb_tools/makefiles/simulators/Makefile.icarus:69: results.xml] Error 6
make: *** [Makefile:186: sim] Error 2
