
 /----------------------------------------------------------------------------\
 |                                                                            |
 |  yosys -- Yosys Open SYnthesis Suite                                       |
 |                                                                            |
 |  Copyright (C) 2012 - 2020  Claire Xenia Wolf <claire@yosyshq.com>         |
 |                                                                            |
 |  Permission to use, copy, modify, and/or distribute this software for any  |
 |  purpose with or without fee is hereby granted, provided that the above    |
 |  copyright notice and this permission notice appear in all copies.         |
 |                                                                            |
 |  THE SOFTWARE IS PROVIDED "AS IS" AND THE AUTHOR DISCLAIMS ALL WARRANTIES  |
 |  WITH REGARD TO THIS SOFTWARE INCLUDING ALL IMPLIED WARRANTIES OF          |
 |  MERCHANTABILITY AND FITNESS. IN NO EVENT SHALL THE AUTHOR BE LIABLE FOR   |
 |  ANY SPECIAL, DIRECT, INDIRECT, OR CONSEQUENTIAL DAMAGES OR ANY DAMAGES    |
 |  WHATSOEVER RESULTING FROM LOSS OF USE, DATA OR PROFITS, WHETHER IN AN     |
 |  ACTION OF CONTRACT, NEGLIGENCE OR OTHER TORTIOUS ACTION, ARISING OUT OF   |
 |  OR IN CONNECTION WITH THE USE OR PERFORMANCE OF THIS SOFTWARE.            |
 |                                                                            |
 \----------------------------------------------------------------------------/

 Yosys 0.33 (git sha1 2584903a060)


-- Executing script file `build/signoff/equiv/check_equiv.ys' --

1. Executing Liberty frontend: /home/arjun/eda/pdks/IHP-Open-PDK/ihp-sg13cmos5l/libs.ref/sg13cmos5l_stdcell/lib/sg13cmos5l_stdcell_typ_1p20V_25C.lib
Ignoring cell sg13cmos5l_lgcp_1 with missing function on output int_GATE.
Ignoring cell sg13cmos5l_sighold with missing function on output SH.
Ignoring cell sg13cmos5l_slgcp_1 with missing function on output int_GATE.
Imported 81 cell types from liberty file.

2. Executing Verilog-2005 frontend: /home/arjun/eda/projects/SAR_ADC/circuit_files/src/sar_fsm/build/sar_fsm_ihp_gate.v
Parsing Verilog input from `/home/arjun/eda/projects/SAR_ADC/circuit_files/src/sar_fsm/build/sar_fsm_ihp_gate.v' to AST representation.
Generating RTLIL representation for module `\sar_fsm_wrapper'.
Successfully finished Verilog frontend.

3. Executing HIERARCHY pass (managing design hierarchy).

3.1. Analyzing design hierarchy..
Top module:  \sar_fsm_wrapper
Used module:     \sg13cmos5l_dfrbpq_1
Used module:     \sg13cmos5l_nand3_1
Used module:     \sg13cmos5l_o21ai_1
Used module:     \sg13cmos5l_nand2_1
Used module:     \sg13cmos5l_a21oi_1
Used module:     \sg13cmos5l_nand4_1
Used module:     \sg13cmos5l_nor3_1
Used module:     \sg13cmos5l_nand3b_1
Used module:     \sg13cmos5l_or3_1
Used module:     \sg13cmos5l_and2_1
Used module:     \sg13cmos5l_nor2_1
Used module:     \sg13cmos5l_nor4_1
Used module:     \sg13cmos5l_and4_1
Used module:     \sg13cmos5l_or4_1
Used module:     \sg13cmos5l_a21o_1
Used module:     \sg13cmos5l_xnor2_1
Used module:     \sg13cmos5l_mux2_1
Used module:     \sg13cmos5l_nand2b_1
Used module:     \sg13cmos5l_a22oi_1
Used module:     \sg13cmos5l_or2_1
Used module:     \sg13cmos5l_nor2b_1
Used module:     \sg13cmos5l_xor2_1
Used module:     \sg13cmos5l_a221oi_1
Used module:     \sg13cmos5l_inv_1

3.2. Analyzing design hierarchy..
Top module:  \sar_fsm_wrapper
Used module:     \sg13cmos5l_dfrbpq_1
Used module:     \sg13cmos5l_nand3_1
Used module:     \sg13cmos5l_o21ai_1
Used module:     \sg13cmos5l_nand2_1
Used module:     \sg13cmos5l_a21oi_1
Used module:     \sg13cmos5l_nand4_1
Used module:     \sg13cmos5l_nor3_1
Used module:     \sg13cmos5l_nand3b_1
Used module:     \sg13cmos5l_or3_1
Used module:     \sg13cmos5l_and2_1
Used module:     \sg13cmos5l_nor2_1
Used module:     \sg13cmos5l_nor4_1
Used module:     \sg13cmos5l_and4_1
Used module:     \sg13cmos5l_or4_1
Used module:     \sg13cmos5l_a21o_1
Used module:     \sg13cmos5l_xnor2_1
Used module:     \sg13cmos5l_mux2_1
Used module:     \sg13cmos5l_nand2b_1
Used module:     \sg13cmos5l_a22oi_1
Used module:     \sg13cmos5l_or2_1
Used module:     \sg13cmos5l_nor2b_1
Used module:     \sg13cmos5l_xor2_1
Used module:     \sg13cmos5l_a221oi_1
Used module:     \sg13cmos5l_inv_1
Removing unused module `\sg13cmos5l_tielo'.
Removing unused module `\sg13cmos5l_tiehi'.
Removing unused module `\sg13cmos5l_sdfrbpq_2'.
Removing unused module `\sg13cmos5l_sdfrbpq_1'.
Removing unused module `\sg13cmos5l_sdfrbp_2'.
Removing unused module `\sg13cmos5l_sdfrbp_1'.
Removing unused module `\sg13cmos5l_sdfbbp_1'.
Removing unused module `\sg13cmos5l_or4_2'.
Removing unused module `\sg13cmos5l_or3_2'.
Removing unused module `\sg13cmos5l_or2_2'.
Removing unused module `\sg13cmos5l_nor4_2'.
Removing unused module `\sg13cmos5l_nor3_2'.
Removing unused module `\sg13cmos5l_nor2b_2'.
Removing unused module `\sg13cmos5l_nor2_2'.
Removing unused module `\sg13cmos5l_nand2b_2'.
Removing unused module `\sg13cmos5l_nand2_2'.
Removing unused module `\sg13cmos5l_mux4_1'.
Removing unused module `\sg13cmos5l_mux2_2'.
Removing unused module `\sg13cmos5l_inv_8'.
Removing unused module `\sg13cmos5l_inv_4'.
Removing unused module `\sg13cmos5l_inv_2'.
Removing unused module `\sg13cmos5l_inv_16'.
Removing unused module `\sg13cmos5l_fill_8'.
Removing unused module `\sg13cmos5l_fill_4'.
Removing unused module `\sg13cmos5l_fill_2'.
Removing unused module `\sg13cmos5l_fill_1'.
Removing unused module `\sg13cmos5l_einvn_8'.
Removing unused module `\sg13cmos5l_einvn_4'.
Removing unused module `\sg13cmos5l_einvn_2'.
Removing unused module `\sg13cmos5l_ebufn_8'.
Removing unused module `\sg13cmos5l_ebufn_4'.
Removing unused module `\sg13cmos5l_ebufn_2'.
Removing unused module `\sg13cmos5l_dlygate4sd3_1'.
Removing unused module `\sg13cmos5l_dlygate4sd2_1'.
Removing unused module `\sg13cmos5l_dlygate4sd1_1'.
Removing unused module `\sg13cmos5l_dllrq_1'.
Removing unused module `\sg13cmos5l_dllr_1'.
Removing unused module `\sg13cmos5l_dlhrq_1'.
Removing unused module `\sg13cmos5l_dlhr_1'.
Removing unused module `\sg13cmos5l_dlhq_1'.
Removing unused module `\sg13cmos5l_dfrbpq_2'.
Removing unused module `\sg13cmos5l_dfrbp_2'.
Removing unused module `\sg13cmos5l_dfrbp_1'.
Removing unused module `\sg13cmos5l_decap_8'.
Removing unused module `\sg13cmos5l_decap_4'.
Removing unused module `\sg13cmos5l_buf_8'.
Removing unused module `\sg13cmos5l_buf_4'.
Removing unused module `\sg13cmos5l_buf_2'.
Removing unused module `\sg13cmos5l_buf_16'.
Removing unused module `\sg13cmos5l_buf_1'.
Removing unused module `\sg13cmos5l_antennanp'.
Removing unused module `\sg13cmos5l_and4_2'.
Removing unused module `\sg13cmos5l_and3_2'.
Removing unused module `\sg13cmos5l_and3_1'.
Removing unused module `\sg13cmos5l_and2_2'.
Removing unused module `\sg13cmos5l_a21oi_2'.
Removing unused module `\sg13cmos5l_a21o_2'.
Removed 57 unused modules.

4. Executing FLATTEN pass (flatten design).
Deleting now unused module sg13cmos5l_inv_1.
Deleting now unused module sg13cmos5l_nor2b_1.
Deleting now unused module sg13cmos5l_dfrbpq_1.
Deleting now unused module sg13cmos5l_or3_1.
Deleting now unused module sg13cmos5l_nor2_1.
Deleting now unused module sg13cmos5l_nand4_1.
Deleting now unused module sg13cmos5l_nand3b_1.
Deleting now unused module sg13cmos5l_nand3_1.
Deleting now unused module sg13cmos5l_nand2b_1.
Deleting now unused module sg13cmos5l_or2_1.
Deleting now unused module sg13cmos5l_nand2_1.
Deleting now unused module sg13cmos5l_o21ai_1.
Deleting now unused module sg13cmos5l_xor2_1.
Deleting now unused module sg13cmos5l_and4_1.
Deleting now unused module sg13cmos5l_mux2_1.
Deleting now unused module sg13cmos5l_nor4_1.
Deleting now unused module sg13cmos5l_or4_1.
Deleting now unused module sg13cmos5l_and2_1.
Deleting now unused module sg13cmos5l_a22oi_1.
Deleting now unused module sg13cmos5l_a221oi_1.
Deleting now unused module sg13cmos5l_nor3_1.
Deleting now unused module sg13cmos5l_a21oi_1.
Deleting now unused module sg13cmos5l_xnor2_1.
Deleting now unused module sg13cmos5l_a21o_1.
<suppressed ~259 debug messages>

5. Executing PROC pass (convert processes to netlists).

5.1. Executing PROC_CLEAN pass (remove empty switches from decision trees).
Cleaned up 0 empty switches.

5.2. Executing PROC_RMDEAD pass (remove dead branches from decision trees).
Removed a total of 0 dead cases.

5.3. Executing PROC_PRUNE pass (remove redundant assignments in processes).
Removed 0 redundant assignments.
Promoted 0 assignments to connections.

5.4. Executing PROC_INIT pass (extract init attributes).

5.5. Executing PROC_ARST pass (detect async resets in processes).

5.6. Executing PROC_ROM pass (convert switches to ROMs).
Converted 0 switches.

5.7. Executing PROC_MUX pass (convert decision trees to multiplexers).

5.8. Executing PROC_DLATCH pass (convert process syncs to latches).

5.9. Executing PROC_DFF pass (convert process syncs to FFs).

5.10. Executing PROC_MEMWR pass (convert process memory writes to cells).

5.11. Executing PROC_CLEAN pass (remove empty switches from decision trees).
Cleaned up 0 empty switches.

5.12. Executing OPT_EXPR pass (perform const folding).
Optimizing module sar_fsm_wrapper.
<suppressed ~9 debug messages>

6. Executing OPT_CLEAN pass (remove unused cells and wires).
Finding unused cells or wires in module \sar_fsm_wrapper..
Removed 98 unused cells and 529 unused wires.
<suppressed ~148 debug messages>
Renaming module \sar_fsm_wrapper to \gold.

7. Executing Liberty frontend: /home/arjun/eda/pdks/IHP-Open-PDK/ihp-sg13cmos5l/libs.ref/sg13cmos5l_stdcell/lib/sg13cmos5l_stdcell_typ_1p20V_25C.lib
Ignoring cell sg13cmos5l_lgcp_1 with missing function on output int_GATE.
Ignoring cell sg13cmos5l_sighold with missing function on output SH.
Ignoring cell sg13cmos5l_slgcp_1 with missing function on output int_GATE.
Imported 81 cell types from liberty file.

8. Executing Verilog-2005 frontend: /home/arjun/eda/projects/SAR_ADC/circuit_files/src/sar_fsm/build/physical/nl/sar_fsm_wrapper.nl.v
Parsing Verilog input from `/home/arjun/eda/projects/SAR_ADC/circuit_files/src/sar_fsm/build/physical/nl/sar_fsm_wrapper.nl.v' to AST representation.
Generating RTLIL representation for module `\sar_fsm_wrapper'.
Successfully finished Verilog frontend.

9. Executing HIERARCHY pass (managing design hierarchy).

9.1. Analyzing design hierarchy..
Top module:  \sar_fsm_wrapper
Used module:     \sg13cmos5l_buf_1
Used module:     \sg13cmos5l_dlygate4sd3_1
Used module:     \sg13cmos5l_inv_1
Used module:     \sg13cmos5l_buf_8
Used module:     \sg13cmos5l_dfrbpq_1
Used module:     \sg13cmos5l_nand3_1
Used module:     \sg13cmos5l_o21ai_1
Used module:     \sg13cmos5l_nand2_1
Used module:     \sg13cmos5l_a21oi_1
Used module:     \sg13cmos5l_nand4_1
Used module:     \sg13cmos5l_nor3_1
Used module:     \sg13cmos5l_nand3b_1
Used module:     \sg13cmos5l_or3_1
Used module:     \sg13cmos5l_and2_1
Used module:     \sg13cmos5l_nor2_1
Used module:     \sg13cmos5l_nor4_1
Used module:     \sg13cmos5l_and4_1
Used module:     \sg13cmos5l_or4_1
Used module:     \sg13cmos5l_a21o_1
Used module:     \sg13cmos5l_xnor2_1
Used module:     \sg13cmos5l_mux2_1
Used module:     \sg13cmos5l_nand2b_1
Used module:     \sg13cmos5l_a22oi_1
Used module:     \sg13cmos5l_or2_1
Used module:     \sg13cmos5l_nor2b_1
Used module:     \sg13cmos5l_xor2_1
Used module:     \sg13cmos5l_a221oi_1
Used module:     \sg13cmos5l_fill_1
Used module:     \sg13cmos5l_fill_2
Used module:     \sg13cmos5l_decap_8
Used module:     \sg13cmos5l_decap_4

9.2. Analyzing design hierarchy..
Top module:  \sar_fsm_wrapper
Used module:     \sg13cmos5l_buf_1
Used module:     \sg13cmos5l_dlygate4sd3_1
Used module:     \sg13cmos5l_inv_1
Used module:     \sg13cmos5l_buf_8
Used module:     \sg13cmos5l_dfrbpq_1
Used module:     \sg13cmos5l_nand3_1
Used module:     \sg13cmos5l_o21ai_1
Used module:     \sg13cmos5l_nand2_1
Used module:     \sg13cmos5l_a21oi_1
Used module:     \sg13cmos5l_nand4_1
Used module:     \sg13cmos5l_nor3_1
Used module:     \sg13cmos5l_nand3b_1
Used module:     \sg13cmos5l_or3_1
Used module:     \sg13cmos5l_and2_1
Used module:     \sg13cmos5l_nor2_1
Used module:     \sg13cmos5l_nor4_1
Used module:     \sg13cmos5l_and4_1
Used module:     \sg13cmos5l_or4_1
Used module:     \sg13cmos5l_a21o_1
Used module:     \sg13cmos5l_xnor2_1
Used module:     \sg13cmos5l_mux2_1
Used module:     \sg13cmos5l_nand2b_1
Used module:     \sg13cmos5l_a22oi_1
Used module:     \sg13cmos5l_or2_1
Used module:     \sg13cmos5l_nor2b_1
Used module:     \sg13cmos5l_xor2_1
Used module:     \sg13cmos5l_a221oi_1
Used module:     \sg13cmos5l_fill_1
Used module:     \sg13cmos5l_fill_2
Used module:     \sg13cmos5l_decap_8
Used module:     \sg13cmos5l_decap_4
Removing unused module `\sg13cmos5l_tielo'.
Removing unused module `\sg13cmos5l_tiehi'.
Removing unused module `\sg13cmos5l_sdfrbpq_2'.
Removing unused module `\sg13cmos5l_sdfrbpq_1'.
Removing unused module `\sg13cmos5l_sdfrbp_2'.
Removing unused module `\sg13cmos5l_sdfrbp_1'.
Removing unused module `\sg13cmos5l_sdfbbp_1'.
Removing unused module `\sg13cmos5l_or4_2'.
Removing unused module `\sg13cmos5l_or3_2'.
Removing unused module `\sg13cmos5l_or2_2'.
Removing unused module `\sg13cmos5l_nor4_2'.
Removing unused module `\sg13cmos5l_nor3_2'.
Removing unused module `\sg13cmos5l_nor2b_2'.
Removing unused module `\sg13cmos5l_nor2_2'.
Removing unused module `\sg13cmos5l_nand2b_2'.
Removing unused module `\sg13cmos5l_nand2_2'.
Removing unused module `\sg13cmos5l_mux4_1'.
Removing unused module `\sg13cmos5l_mux2_2'.
Removing unused module `\sg13cmos5l_inv_8'.
Removing unused module `\sg13cmos5l_inv_4'.
Removing unused module `\sg13cmos5l_inv_2'.
Removing unused module `\sg13cmos5l_inv_16'.
Removing unused module `\sg13cmos5l_fill_8'.
Removing unused module `\sg13cmos5l_fill_4'.
Removing unused module `\sg13cmos5l_einvn_8'.
Removing unused module `\sg13cmos5l_einvn_4'.
Removing unused module `\sg13cmos5l_einvn_2'.
Removing unused module `\sg13cmos5l_ebufn_8'.
Removing unused module `\sg13cmos5l_ebufn_4'.
Removing unused module `\sg13cmos5l_ebufn_2'.
Removing unused module `\sg13cmos5l_dlygate4sd2_1'.
Removing unused module `\sg13cmos5l_dlygate4sd1_1'.
Removing unused module `\sg13cmos5l_dllrq_1'.
Removing unused module `\sg13cmos5l_dllr_1'.
Removing unused module `\sg13cmos5l_dlhrq_1'.
Removing unused module `\sg13cmos5l_dlhr_1'.
Removing unused module `\sg13cmos5l_dlhq_1'.
Removing unused module `\sg13cmos5l_dfrbpq_2'.
Removing unused module `\sg13cmos5l_dfrbp_2'.
Removing unused module `\sg13cmos5l_dfrbp_1'.
Removing unused module `\sg13cmos5l_buf_4'.
Removing unused module `\sg13cmos5l_buf_2'.
Removing unused module `\sg13cmos5l_buf_16'.
Removing unused module `\sg13cmos5l_antennanp'.
Removing unused module `\sg13cmos5l_and4_2'.
Removing unused module `\sg13cmos5l_and3_2'.
Removing unused module `\sg13cmos5l_and3_1'.
Removing unused module `\sg13cmos5l_and2_2'.
Removing unused module `\sg13cmos5l_a21oi_2'.
Removing unused module `\sg13cmos5l_a21o_2'.
Removed 50 unused modules.

10. Executing FLATTEN pass (flatten design).
Deleting now unused module sg13cmos5l_dlygate4sd3_1.
Deleting now unused module sg13cmos5l_or2_1.
Deleting now unused module sg13cmos5l_nand2_1.
Deleting now unused module sg13cmos5l_o21ai_1.
Deleting now unused module sg13cmos5l_xor2_1.
Deleting now unused module sg13cmos5l_mux2_1.
Deleting now unused module sg13cmos5l_nor4_1.
Deleting now unused module sg13cmos5l_or4_1.
Deleting now unused module sg13cmos5l_nor3_1.
Deleting now unused module sg13cmos5l_dfrbpq_1.
Deleting now unused module sg13cmos5l_xnor2_1.
Deleting now unused module sg13cmos5l_inv_1.
Deleting now unused module sg13cmos5l_decap_8.
Deleting now unused module sg13cmos5l_decap_4.
Deleting now unused module sg13cmos5l_buf_8.
Deleting now unused module sg13cmos5l_nor2b_1.
Deleting now unused module sg13cmos5l_or3_1.
Deleting now unused module sg13cmos5l_fill_2.
Deleting now unused module sg13cmos5l_buf_1.
Deleting now unused module sg13cmos5l_fill_1.
Deleting now unused module sg13cmos5l_nor2_1.
Deleting now unused module sg13cmos5l_and4_1.
Deleting now unused module sg13cmos5l_nand4_1.
Deleting now unused module sg13cmos5l_nand3b_1.
Deleting now unused module sg13cmos5l_nand3_1.
Deleting now unused module sg13cmos5l_and2_1.
Deleting now unused module sg13cmos5l_a22oi_1.
Deleting now unused module sg13cmos5l_a221oi_1.
Deleting now unused module sg13cmos5l_a21oi_1.
Deleting now unused module sg13cmos5l_nand2b_1.
Deleting now unused module sg13cmos5l_a21o_1.
<suppressed ~756 debug messages>

11. Executing PROC pass (convert processes to netlists).

11.1. Executing PROC_CLEAN pass (remove empty switches from decision trees).
Cleaned up 0 empty switches.

11.2. Executing PROC_RMDEAD pass (remove dead branches from decision trees).
Removed a total of 0 dead cases.

11.3. Executing PROC_PRUNE pass (remove redundant assignments in processes).
Removed 0 redundant assignments.
Promoted 0 assignments to connections.

11.4. Executing PROC_INIT pass (extract init attributes).

11.5. Executing PROC_ARST pass (detect async resets in processes).

11.6. Executing PROC_ROM pass (convert switches to ROMs).
Converted 0 switches.

11.7. Executing PROC_MUX pass (convert decision trees to multiplexers).

11.8. Executing PROC_DLATCH pass (convert process syncs to latches).

11.9. Executing PROC_DFF pass (convert process syncs to FFs).

11.10. Executing PROC_MEMWR pass (convert process memory writes to cells).

11.11. Executing PROC_CLEAN pass (remove empty switches from decision trees).
Cleaned up 0 empty switches.

11.12. Executing OPT_EXPR pass (perform const folding).
Optimizing module sar_fsm_wrapper.
<suppressed ~9 debug messages>

12. Executing OPT_CLEAN pass (remove unused cells and wires).
Finding unused cells or wires in module \sar_fsm_wrapper..
Removed 105 unused cells and 544 unused wires.
<suppressed ~162 debug messages>
Renaming module \sar_fsm_wrapper to \gate.

13. Executing ASYNC2SYNC pass.
Replacing gate.$flatten\_422_.$auto$liberty.cc:266:create_ff$444 ($_DFF_PN0_): ARST=\rst_n, D=\_422_.D, Q=\_422_.IQ
Replacing gate.$flatten\_423_.$auto$liberty.cc:266:create_ff$444 ($_DFF_PN0_): ARST=\rst_n, D=\_423_.D, Q=\_423_.IQ
Replacing gate.$flatten\_424_.$auto$liberty.cc:266:create_ff$444 ($_DFF_PN0_): ARST=\rst_n, D=\_424_.D, Q=\_424_.IQ
Replacing gate.$flatten\_425_.$auto$liberty.cc:266:create_ff$444 ($_DFF_PN0_): ARST=\rst_n, D=\_425_.D, Q=\_425_.IQ
Replacing gate.$flatten\_426_.$auto$liberty.cc:266:create_ff$444 ($_DFF_PN0_): ARST=\rst_n, D=\_426_.D, Q=\_426_.IQ
Replacing gate.$flatten\_427_.$auto$liberty.cc:266:create_ff$444 ($_DFF_PN0_): ARST=\rst_n, D=\_427_.D, Q=\_427_.IQ
Replacing gate.$flatten\_428_.$auto$liberty.cc:266:create_ff$444 ($_DFF_PN0_): ARST=\rst_n, D=\_428_.D, Q=\_428_.IQ
Replacing gate.$flatten\_429_.$auto$liberty.cc:266:create_ff$444 ($_DFF_PN0_): ARST=\rst_n, D=\_429_.D, Q=\_429_.IQ
Replacing gate.$flatten\_430_.$auto$liberty.cc:266:create_ff$444 ($_DFF_PN0_): ARST=\rst_n, D=\_430_.D, Q=\_430_.IQ
Replacing gate.$flatten\_431_.$auto$liberty.cc:266:create_ff$444 ($_DFF_PN0_): ARST=\rst_n, D=\_431_.D, Q=\_431_.IQ
Replacing gate.$flatten\_432_.$auto$liberty.cc:266:create_ff$444 ($_DFF_PN0_): ARST=\rst_n, D=\_432_.D, Q=\_432_.IQ
Replacing gate.$flatten\_433_.$auto$liberty.cc:266:create_ff$444 ($_DFF_PN0_): ARST=\rst_n, D=\_433_.D, Q=\_433_.IQ
Replacing gate.$flatten\_434_.$auto$liberty.cc:266:create_ff$444 ($_DFF_PN0_): ARST=\rst_n, D=\_434_.D, Q=\_434_.IQ
Replacing gate.$flatten\_435_.$auto$liberty.cc:266:create_ff$444 ($_DFF_PN0_): ARST=\rst_n, D=\_435_.D, Q=\_435_.IQ
Replacing gate.$flatten\_436_.$auto$liberty.cc:266:create_ff$444 ($_DFF_PN0_): ARST=\rst_n, D=\_436_.D, Q=\_436_.IQ
Replacing gate.$flatten\_437_.$auto$liberty.cc:266:create_ff$444 ($_DFF_PN0_): ARST=\rst_n, D=\_437_.D, Q=\_437_.IQ
Replacing gate.$flatten\_438_.$auto$liberty.cc:266:create_ff$444 ($_DFF_PN0_): ARST=\rst_n, D=\_438_.D, Q=\_438_.IQ
Replacing gate.$flatten\_439_.$auto$liberty.cc:266:create_ff$444 ($_DFF_PN0_): ARST=\rst_n, D=\_439_.D, Q=\_439_.IQ
Replacing gate.$flatten\_440_.$auto$liberty.cc:266:create_ff$444 ($_DFF_PN0_): ARST=\rst_n, D=\_440_.D, Q=\_440_.IQ
Replacing gate.$flatten\_441_.$auto$liberty.cc:266:create_ff$444 ($_DFF_PN0_): ARST=\rst_n, D=\_441_.D, Q=\_441_.IQ
Replacing gate.$flatten\_442_.$auto$liberty.cc:266:create_ff$444 ($_DFF_PN0_): ARST=\rst_n, D=\_442_.D, Q=\_442_.IQ
Replacing gate.$flatten\_443_.$auto$liberty.cc:266:create_ff$444 ($_DFF_PN0_): ARST=\rst_n, D=\_443_.D, Q=\_443_.IQ
Replacing gate.$flatten\_444_.$auto$liberty.cc:266:create_ff$444 ($_DFF_PN0_): ARST=\rst_n, D=\_444_.D, Q=\_444_.IQ
Replacing gate.$flatten\_445_.$auto$liberty.cc:266:create_ff$444 ($_DFF_PN0_): ARST=\rst_n, D=\_445_.D, Q=\_445_.IQ
Replacing gate.$flatten\_446_.$auto$liberty.cc:266:create_ff$444 ($_DFF_PN0_): ARST=\rst_n, D=\_446_.D, Q=\_446_.IQ
Replacing gate.$flatten\_447_.$auto$liberty.cc:266:create_ff$444 ($_DFF_PN0_): ARST=\rst_n, D=\_447_.D, Q=\_447_.IQ
Replacing gate.$flatten\_448_.$auto$liberty.cc:266:create_ff$444 ($_DFF_PN0_): ARST=\rst_n, D=\_448_.D, Q=\_448_.IQ
Replacing gate.$flatten\_449_.$auto$liberty.cc:266:create_ff$444 ($_DFF_PN0_): ARST=\rst_n, D=\_449_.D, Q=\_449_.IQ
Replacing gate.$flatten\_450_.$auto$liberty.cc:266:create_ff$444 ($_DFF_PN0_): ARST=\rst_n, D=\_450_.D, Q=\_450_.IQ
Replacing gate.$flatten\_451_.$auto$liberty.cc:266:create_ff$444 ($_DFF_PN0_): ARST=\rst_n, D=\_451_.D, Q=\_451_.IQ
Replacing gate.$flatten\_452_.$auto$liberty.cc:266:create_ff$444 ($_DFF_PN0_): ARST=\rst_n, D=\_452_.D, Q=\_452_.IQ
Replacing gate.$flatten\_453_.$auto$liberty.cc:266:create_ff$444 ($_DFF_PN0_): ARST=\rst_n, D=\_453_.D, Q=\_453_.IQ
Replacing gate.$flatten\_454_.$auto$liberty.cc:266:create_ff$444 ($_DFF_PN0_): ARST=\rst_n, D=\_454_.D, Q=\_454_.IQ
Replacing gate.$flatten\_455_.$auto$liberty.cc:266:create_ff$444 ($_DFF_PN0_): ARST=\rst_n, D=\_455_.D, Q=\_455_.IQ
Replacing gate.$flatten\_456_.$auto$liberty.cc:266:create_ff$444 ($_DFF_PN0_): ARST=\rst_n, D=\_456_.D, Q=\_456_.IQ
Replacing gate.$flatten\_457_.$auto$liberty.cc:266:create_ff$444 ($_DFF_PN0_): ARST=\rst_n, D=\_457_.D, Q=\_457_.IQ
Replacing gate.$flatten\_458_.$auto$liberty.cc:266:create_ff$444 ($_DFF_PN0_): ARST=\rst_n, D=\_458_.D, Q=\_458_.IQ
Replacing gate.$flatten\_459_.$auto$liberty.cc:266:create_ff$444 ($_DFF_PN0_): ARST=\rst_n, D=\_459_.D, Q=\_459_.IQ
Replacing gate.$flatten\_460_.$auto$liberty.cc:266:create_ff$444 ($_DFF_PN0_): ARST=\rst_n, D=\_460_.D, Q=\_460_.IQ
Replacing gate.$flatten\_461_.$auto$liberty.cc:266:create_ff$444 ($_DFF_PN0_): ARST=\rst_n, D=\_461_.D, Q=\_461_.IQ
Replacing gate.$flatten\_462_.$auto$liberty.cc:266:create_ff$444 ($_DFF_PN0_): ARST=\rst_n, D=\_462_.D, Q=\_462_.IQ
Replacing gate.$flatten\_463_.$auto$liberty.cc:266:create_ff$444 ($_DFF_PN0_): ARST=\rst_n, D=\_463_.D, Q=\_463_.IQ
Replacing gate.$flatten\_464_.$auto$liberty.cc:266:create_ff$444 ($_DFF_PN0_): ARST=\rst_n, D=\_464_.D, Q=\_464_.IQ
Replacing gate.$flatten\_465_.$auto$liberty.cc:266:create_ff$444 ($_DFF_PN0_): ARST=\rst_n, D=\_465_.D, Q=\_465_.IQ
Replacing gate.$flatten\_466_.$auto$liberty.cc:266:create_ff$444 ($_DFF_PN0_): ARST=\rst_n, D=\_466_.D, Q=\_466_.IQ
Replacing gate.$flatten\_467_.$auto$liberty.cc:266:create_ff$444 ($_DFF_PN0_): ARST=\rst_n, D=\_467_.D, Q=\_467_.IQ
Replacing gate.$flatten\_468_.$auto$liberty.cc:266:create_ff$444 ($_DFF_PN0_): ARST=\rst_n, D=\_468_.D, Q=\_468_.IQ
Replacing gate.$flatten\_469_.$auto$liberty.cc:266:create_ff$444 ($_DFF_PN0_): ARST=\rst_n, D=\_469_.D, Q=\_469_.IQ
Replacing gate.$flatten\_470_.$auto$liberty.cc:266:create_ff$444 ($_DFF_PN0_): ARST=\rst_n, D=\_470_.D, Q=\_470_.IQ
Replacing gold.$flatten\_422_.$auto$liberty.cc:266:create_ff$74 ($_DFF_PN0_): ARST=\rst_n, D=\_422_.D, Q=\_422_.IQ
Replacing gold.$flatten\_423_.$auto$liberty.cc:266:create_ff$74 ($_DFF_PN0_): ARST=\rst_n, D=\_423_.D, Q=\_423_.IQ
Replacing gold.$flatten\_424_.$auto$liberty.cc:266:create_ff$74 ($_DFF_PN0_): ARST=\rst_n, D=\_424_.D, Q=\_424_.IQ
Replacing gold.$flatten\_425_.$auto$liberty.cc:266:create_ff$74 ($_DFF_PN0_): ARST=\rst_n, D=\_425_.D, Q=\_425_.IQ
Replacing gold.$flatten\_426_.$auto$liberty.cc:266:create_ff$74 ($_DFF_PN0_): ARST=\rst_n, D=\_426_.D, Q=\_426_.IQ
Replacing gold.$flatten\_427_.$auto$liberty.cc:266:create_ff$74 ($_DFF_PN0_): ARST=\rst_n, D=\_427_.D, Q=\_427_.IQ
Replacing gold.$flatten\_428_.$auto$liberty.cc:266:create_ff$74 ($_DFF_PN0_): ARST=\rst_n, D=\_428_.D, Q=\_428_.IQ
Replacing gold.$flatten\_429_.$auto$liberty.cc:266:create_ff$74 ($_DFF_PN0_): ARST=\rst_n, D=\_429_.D, Q=\_429_.IQ
Replacing gold.$flatten\_430_.$auto$liberty.cc:266:create_ff$74 ($_DFF_PN0_): ARST=\rst_n, D=\_430_.D, Q=\_430_.IQ
Replacing gold.$flatten\_431_.$auto$liberty.cc:266:create_ff$74 ($_DFF_PN0_): ARST=\rst_n, D=\_431_.D, Q=\_431_.IQ
Replacing gold.$flatten\_432_.$auto$liberty.cc:266:create_ff$74 ($_DFF_PN0_): ARST=\rst_n, D=\_432_.D, Q=\_432_.IQ
Replacing gold.$flatten\_433_.$auto$liberty.cc:266:create_ff$74 ($_DFF_PN0_): ARST=\rst_n, D=\_433_.D, Q=\_433_.IQ
Replacing gold.$flatten\_434_.$auto$liberty.cc:266:create_ff$74 ($_DFF_PN0_): ARST=\rst_n, D=\_434_.D, Q=\_434_.IQ
Replacing gold.$flatten\_435_.$auto$liberty.cc:266:create_ff$74 ($_DFF_PN0_): ARST=\rst_n, D=\_435_.D, Q=\_435_.IQ
Replacing gold.$flatten\_436_.$auto$liberty.cc:266:create_ff$74 ($_DFF_PN0_): ARST=\rst_n, D=\_436_.D, Q=\_436_.IQ
Replacing gold.$flatten\_437_.$auto$liberty.cc:266:create_ff$74 ($_DFF_PN0_): ARST=\rst_n, D=\_437_.D, Q=\_437_.IQ
Replacing gold.$flatten\_438_.$auto$liberty.cc:266:create_ff$74 ($_DFF_PN0_): ARST=\rst_n, D=\_438_.D, Q=\_438_.IQ
Replacing gold.$flatten\_439_.$auto$liberty.cc:266:create_ff$74 ($_DFF_PN0_): ARST=\rst_n, D=\_439_.D, Q=\_439_.IQ
Replacing gold.$flatten\_440_.$auto$liberty.cc:266:create_ff$74 ($_DFF_PN0_): ARST=\rst_n, D=\_440_.D, Q=\_440_.IQ
Replacing gold.$flatten\_441_.$auto$liberty.cc:266:create_ff$74 ($_DFF_PN0_): ARST=\rst_n, D=\_441_.D, Q=\_441_.IQ
Replacing gold.$flatten\_442_.$auto$liberty.cc:266:create_ff$74 ($_DFF_PN0_): ARST=\rst_n, D=\_442_.D, Q=\_442_.IQ
Replacing gold.$flatten\_443_.$auto$liberty.cc:266:create_ff$74 ($_DFF_PN0_): ARST=\rst_n, D=\_443_.D, Q=\_443_.IQ
Replacing gold.$flatten\_444_.$auto$liberty.cc:266:create_ff$74 ($_DFF_PN0_): ARST=\rst_n, D=\_444_.D, Q=\_444_.IQ
Replacing gold.$flatten\_445_.$auto$liberty.cc:266:create_ff$74 ($_DFF_PN0_): ARST=\rst_n, D=\_445_.D, Q=\_445_.IQ
Replacing gold.$flatten\_446_.$auto$liberty.cc:266:create_ff$74 ($_DFF_PN0_): ARST=\rst_n, D=\_446_.D, Q=\_446_.IQ
Replacing gold.$flatten\_447_.$auto$liberty.cc:266:create_ff$74 ($_DFF_PN0_): ARST=\rst_n, D=\_447_.D, Q=\_447_.IQ
Replacing gold.$flatten\_448_.$auto$liberty.cc:266:create_ff$74 ($_DFF_PN0_): ARST=\rst_n, D=\_448_.D, Q=\_448_.IQ
Replacing gold.$flatten\_449_.$auto$liberty.cc:266:create_ff$74 ($_DFF_PN0_): ARST=\rst_n, D=\_449_.D, Q=\_449_.IQ
Replacing gold.$flatten\_450_.$auto$liberty.cc:266:create_ff$74 ($_DFF_PN0_): ARST=\rst_n, D=\_450_.D, Q=\_450_.IQ
Replacing gold.$flatten\_451_.$auto$liberty.cc:266:create_ff$74 ($_DFF_PN0_): ARST=\rst_n, D=\_451_.D, Q=\_451_.IQ
Replacing gold.$flatten\_452_.$auto$liberty.cc:266:create_ff$74 ($_DFF_PN0_): ARST=\rst_n, D=\_452_.D, Q=\_452_.IQ
Replacing gold.$flatten\_453_.$auto$liberty.cc:266:create_ff$74 ($_DFF_PN0_): ARST=\rst_n, D=\_453_.D, Q=\_453_.IQ
Replacing gold.$flatten\_454_.$auto$liberty.cc:266:create_ff$74 ($_DFF_PN0_): ARST=\rst_n, D=\_454_.D, Q=\_454_.IQ
Replacing gold.$flatten\_455_.$auto$liberty.cc:266:create_ff$74 ($_DFF_PN0_): ARST=\rst_n, D=\_455_.D, Q=\_455_.IQ
Replacing gold.$flatten\_456_.$auto$liberty.cc:266:create_ff$74 ($_DFF_PN0_): ARST=\rst_n, D=\_456_.D, Q=\_456_.IQ
Replacing gold.$flatten\_457_.$auto$liberty.cc:266:create_ff$74 ($_DFF_PN0_): ARST=\rst_n, D=\_457_.D, Q=\_457_.IQ
Replacing gold.$flatten\_458_.$auto$liberty.cc:266:create_ff$74 ($_DFF_PN0_): ARST=\rst_n, D=\_458_.D, Q=\_458_.IQ
Replacing gold.$flatten\_459_.$auto$liberty.cc:266:create_ff$74 ($_DFF_PN0_): ARST=\rst_n, D=\_459_.D, Q=\_459_.IQ
Replacing gold.$flatten\_460_.$auto$liberty.cc:266:create_ff$74 ($_DFF_PN0_): ARST=\rst_n, D=\_460_.D, Q=\_460_.IQ
Replacing gold.$flatten\_461_.$auto$liberty.cc:266:create_ff$74 ($_DFF_PN0_): ARST=\rst_n, D=\_461_.D, Q=\_461_.IQ
Replacing gold.$flatten\_462_.$auto$liberty.cc:266:create_ff$74 ($_DFF_PN0_): ARST=\rst_n, D=\_462_.D, Q=\_462_.IQ
Replacing gold.$flatten\_463_.$auto$liberty.cc:266:create_ff$74 ($_DFF_PN0_): ARST=\rst_n, D=\_463_.D, Q=\_463_.IQ
Replacing gold.$flatten\_464_.$auto$liberty.cc:266:create_ff$74 ($_DFF_PN0_): ARST=\rst_n, D=\_464_.D, Q=\_464_.IQ
Replacing gold.$flatten\_465_.$auto$liberty.cc:266:create_ff$74 ($_DFF_PN0_): ARST=\rst_n, D=\_465_.D, Q=\_465_.IQ
Replacing gold.$flatten\_466_.$auto$liberty.cc:266:create_ff$74 ($_DFF_PN0_): ARST=\rst_n, D=\_466_.D, Q=\_466_.IQ
Replacing gold.$flatten\_467_.$auto$liberty.cc:266:create_ff$74 ($_DFF_PN0_): ARST=\rst_n, D=\_467_.D, Q=\_467_.IQ
Replacing gold.$flatten\_468_.$auto$liberty.cc:266:create_ff$74 ($_DFF_PN0_): ARST=\rst_n, D=\_468_.D, Q=\_468_.IQ
Replacing gold.$flatten\_469_.$auto$liberty.cc:266:create_ff$74 ($_DFF_PN0_): ARST=\rst_n, D=\_469_.D, Q=\_469_.IQ
Replacing gold.$flatten\_470_.$auto$liberty.cc:266:create_ff$74 ($_DFF_PN0_): ARST=\rst_n, D=\_470_.D, Q=\_470_.IQ

14. Executing OPT_CLEAN pass (remove unused cells and wires).
Finding unused cells or wires in module \gate..
Finding unused cells or wires in module \gold..

15. Executing EQUIV_MAKE pass (creating equiv checking module).
Presumably equivalent wires: _212_.A_gold (\_433_.IQ_gold), _212_.A_gate (\_433_.IQ_gate) -> _212_.A
Presumably equivalent wires: _212_.Y_gold (\_253_.A_gold), _212_.Y_gate (\_253_.A_gate) -> _212_.Y
Presumably equivalent wires: _213_.A_gold (\_423_.IQ_gold), _213_.A_gate (\_423_.IQ_gate) -> _213_.A
Presumably equivalent wires: _213_.Y_gold (\_271_.A1_gold), _213_.Y_gate (\_271_.A1_gate) -> _213_.Y
Presumably equivalent wires: _214_.A_gold (\_427_.IQ_gold), _214_.A_gate (\_427_.IQ_gate) -> _214_.A
Presumably equivalent wires: _214_.Y_gold (\_294_.A1_gold), _214_.Y_gate (\_294_.A1_gate) -> _214_.Y
Presumably equivalent wires: _215_.A_gold (\_428_.IQ_gold), _215_.A_gate (\_428_.IQ_gate) -> _215_.A
Presumably equivalent wires: _215_.Y_gold (\_298_.B1_gold), _215_.Y_gate (\_298_.B1_gate) -> _215_.Y
Presumably equivalent wires: _216_.A_gold (\_431_.IQ_gold), _216_.A_gate (\_431_.IQ_gate) -> _216_.A
Presumably equivalent wires: _216_.Y_gold (\_330_.B_gold), _216_.Y_gate (\_330_.B_gate) -> _216_.Y
Presumably equivalent wires: _217_.A_gold (\_432_.IQ_gold), _217_.A_gate (\_432_.IQ_gate) -> _217_.A
Presumably equivalent wires: _217_.Y_gold (\_309_.A_gold), _217_.Y_gate (\_309_.A_gate) -> _217_.Y
Presumably equivalent wires: _218_.A_gold (\_436_.IQ_gold), _218_.A_gate (\_436_.IQ_gate) -> _218_.A
Presumably equivalent wires: _218_.Y_gold (\_260_.A_gold), _218_.Y_gate (\_260_.A_gate) -> _218_.Y
Presumably equivalent wires: _219_.A_gold (\_447_.IQ_gold), _219_.A_gate (\_447_.IQ_gate) -> _219_.A
Presumably equivalent wires: _219_.Y_gold (\_378_.A1_gold), _219_.Y_gate (\_378_.A1_gate) -> _219_.Y
Presumably equivalent wires: _220_.A_gold (\_448_.IQ_gold), _220_.A_gate (\_448_.IQ_gate) -> _220_.A
Presumably equivalent wires: _220_.Y_gold (\_380_.A1_gold), _220_.Y_gate (\_380_.A1_gate) -> _220_.Y
Presumably equivalent wires: _221_.A_gold (\_449_.IQ_gold), _221_.A_gate (\_449_.IQ_gate) -> _221_.A
Presumably equivalent wires: _221_.Y_gold (\_382_.A1_gold), _221_.Y_gate (\_382_.A1_gate) -> _221_.Y
Presumably equivalent wires: _222_.A_gold (\_450_.IQ_gold), _222_.A_gate (\_450_.IQ_gate) -> _222_.A
Presumably equivalent wires: _222_.Y_gold (\_384_.A1_gold), _222_.Y_gate (\_384_.A1_gate) -> _222_.Y
Presumably equivalent wires: _223_.A_gold (\_451_.IQ_gold), _223_.A_gate (\_451_.IQ_gate) -> _223_.A
Presumably equivalent wires: _223_.Y_gold (\_386_.A1_gold), _223_.Y_gate (\_386_.A1_gate) -> _223_.Y
Presumably equivalent wires: _224_.A_gold (\_452_.IQ_gold), _224_.A_gate (\_452_.IQ_gate) -> _224_.A
Presumably equivalent wires: _224_.Y_gold (\_388_.A1_gold), _224_.Y_gate (\_388_.A1_gate) -> _224_.Y
Presumably equivalent wires: _225_.A_gold (\_453_.IQ_gold), _225_.A_gate (\_453_.IQ_gate) -> _225_.A
Presumably equivalent wires: _225_.Y_gold (\_390_.A1_gold), _225_.Y_gate (\_390_.A1_gate) -> _225_.Y
Presumably equivalent wires: _226_.A_gold (\_454_.IQ_gold), _226_.A_gate (\_454_.IQ_gate) -> _226_.A
Presumably equivalent wires: _226_.Y_gold (\_392_.A1_gold), _226_.Y_gate (\_392_.A1_gate) -> _226_.Y
Presumably equivalent wires: _227_.A_gold (\_455_.IQ_gold), _227_.A_gate (\_455_.IQ_gate) -> _227_.A
Presumably equivalent wires: _227_.Y_gold (\_394_.A1_gold), _227_.Y_gate (\_394_.A1_gate) -> _227_.Y
Presumably equivalent wires: _228_.A_gold (\_456_.IQ_gold), _228_.A_gate (\_456_.IQ_gate) -> _228_.A
Presumably equivalent wires: _228_.Y_gold (\_396_.A1_gold), _228_.Y_gate (\_396_.A1_gate) -> _228_.Y
Presumably equivalent wires: _229_.A_gold (\_457_.IQ_gold), _229_.A_gate (\_457_.IQ_gate) -> _229_.A
Presumably equivalent wires: _229_.Y_gold (\_397_.A1_gold), _229_.Y_gate (\_397_.A1_gate) -> _229_.Y
Presumably equivalent wires: _230_.A_gold (\_458_.IQ_gold), _230_.A_gate (\_458_.IQ_gate) -> _230_.A
Presumably equivalent wires: _230_.Y_gold (\_399_.A1_gold), _230_.Y_gate (\_399_.A1_gate) -> _230_.Y
Presumably equivalent wires: _231_.A_gold (\_459_.IQ_gold), _231_.A_gate (\_459_.IQ_gate) -> _231_.A
Presumably equivalent wires: _231_.Y_gold (\_401_.A1_gold), _231_.Y_gate (\_401_.A1_gate) -> _231_.Y
Presumably equivalent wires: _232_.A_gold (\_460_.IQ_gold), _232_.A_gate (\_460_.IQ_gate) -> _232_.A
Presumably equivalent wires: _232_.Y_gold (\_403_.A1_gold), _232_.Y_gate (\_403_.A1_gate) -> _232_.Y
Presumably equivalent wires: _233_.A_gold (\_461_.IQ_gold), _233_.A_gate (\_461_.IQ_gate) -> _233_.A
Presumably equivalent wires: _233_.Y_gold (\_405_.A1_gold), _233_.Y_gate (\_405_.A1_gate) -> _233_.Y
Presumably equivalent wires: _234_.A_gold (\_462_.IQ_gold), _234_.A_gate (\_462_.IQ_gate) -> _234_.A
Presumably equivalent wires: _234_.Y_gold (\_407_.A1_gold), _234_.Y_gate (\_407_.A1_gate) -> _234_.Y
Presumably equivalent wires: _235_.A_gold (\_463_.IQ_gold), _235_.A_gate (\_463_.IQ_gate) -> _235_.A
Presumably equivalent wires: _235_.Y_gold (\_409_.A1_gold), _235_.Y_gate (\_409_.A1_gate) -> _235_.Y
Presumably equivalent wires: _236_.A_gold (\_464_.IQ_gold), _236_.A_gate (\_464_.IQ_gate) -> _236_.A
Presumably equivalent wires: _236_.Y_gold (\_411_.A1_gold), _236_.Y_gate (\_411_.A1_gate) -> _236_.Y
Presumably equivalent wires: _237_.A_gold (\_465_.IQ_gold), _237_.A_gate (\_465_.IQ_gate) -> _237_.A
Presumably equivalent wires: _237_.Y_gold (\_413_.A1_gold), _237_.Y_gate (\_413_.A1_gate) -> _237_.Y
Presumably equivalent wires: _238_.A_gold (\_466_.IQ_gold), _238_.A_gate (\_466_.IQ_gate) -> _238_.A
Presumably equivalent wires: _238_.Y_gold (\_415_.A1_gold), _238_.Y_gate (\_415_.A1_gate) -> _238_.Y
Presumably equivalent wires: _239_.A_gold (\comp_gold), _239_.A_gate (\comp_gate) -> _239_.A
Presumably equivalent wires: _239_.Y_gold (\_324_.A1_gold), _239_.Y_gate (\_324_.A1_gate) -> _239_.Y
Presumably equivalent wires: _240_.A_gold (\start_gold), _240_.A_gate (\start_gate) -> _240_.A
Presumably equivalent wires: _240_.Y_gold (\_256_.A_gold), _240_.Y_gate (\_256_.A_gate) -> _240_.Y
Presumably equivalent wires: _241_.A_gold (\_435_.IQ_gold), _241_.A_gate (\_435_.IQ_gate) -> _241_.A
Presumably equivalent wires: _241_.B_N_gold (\_434_.IQ_gold), _241_.B_N_gate (\_434_.IQ_gate) -> _241_.B_N
Presumably equivalent wires: _241_.Y_gold (\_260_.B_gold), _241_.Y_gate (\_260_.B_gate) -> _241_.Y
Presumably equivalent wires: _242_.A_N_gold (\_435_.IQ_gold), _242_.A_N_gate (\_435_.IQ_gate) -> _242_.A_N
Presumably equivalent wires: _242_.B_gold (\_436_.IQ_gold), _242_.B_gate (\_436_.IQ_gate) -> _242_.B
Presumably equivalent wires: _242_.C_gold (\_434_.IQ_gold), _242_.C_gate (\_434_.IQ_gate) -> _242_.C
Presumably equivalent wires: _242_.Y_gold (\_246_.A_gold), _242_.Y_gate (\_246_.A_gate) -> _242_.Y
Presumably equivalent wires: _243_.A_gold (\_246_.A_gold), _243_.A_gate (\_246_.A_gate) -> _243_.A
Presumably equivalent wires: _243_.Y_gold (\_468_.D_gold), _243_.Y_gate (\_468_.D_gate) -> _243_.Y
Presumably equivalent wires: _244_.A_N_gold (\_436_.IQ_gold), _244_.A_N_gate (\_436_.IQ_gate) -> _244_.A_N
Presumably equivalent wires: _244_.B_gold (\_435_.IQ_gold), _244_.B_gate (\_435_.IQ_gate) -> _244_.B
Presumably equivalent wires: _244_.C_gold (\_434_.IQ_gold), _244_.C_gate (\_434_.IQ_gate) -> _244_.C
Presumably equivalent wires: _244_.Y_gold (\_246_.B_gold), _244_.Y_gate (\_246_.B_gate) -> _244_.Y
Presumably equivalent wires: _245_.A_gold (\_246_.B_gold), _245_.A_gate (\_246_.B_gate) -> _245_.A
Presumably equivalent wires: _245_.Y_gold (\_470_.D_gold), _245_.Y_gate (\_470_.D_gate) -> _245_.Y
Presumably equivalent wires: _246_.A_gold (\_246_.A_gold), _246_.A_gate (\_246_.A_gate) -> _246_.A
Presumably equivalent wires: _246_.B_gold (\_246_.B_gold), _246_.B_gate (\_246_.B_gate) -> _246_.B
Presumably equivalent wires: _246_.X_gold (\_302_.A_gold), _246_.X_gate (\_302_.A_gate) -> _246_.X
Presumably equivalent wires: _247_.A_gold (\_246_.A_gold), _247_.A_gate (\_246_.A_gate) -> _247_.A
Presumably equivalent wires: _247_.B_gold (\_246_.B_gold), _247_.B_gate (\_246_.B_gate) -> _247_.B
Presumably equivalent wires: _247_.Y_gold (\_259_.C1_gold), _247_.Y_gate (\_259_.C1_gate) -> _247_.Y
Presumably equivalent wires: _248_.A_gold (\_434_.IQ_gold), _248_.A_gate (\_434_.IQ_gate) -> _248_.A
Presumably equivalent wires: _248_.B_gold (\_435_.IQ_gold), _248_.B_gate (\_435_.IQ_gate) -> _248_.B
Presumably equivalent wires: _248_.Y_gold (\_249_.B_gold), _248_.Y_gate (\_249_.B_gate) -> _248_.Y
Presumably equivalent wires: _249_.A_gold (\_436_.IQ_gold), _249_.A_gate (\_436_.IQ_gate) -> _249_.A
Presumably equivalent wires: _249_.B_gold (\_249_.B_gold), _249_.B_gate (\_249_.B_gate) -> _249_.B
Presumably equivalent wires: _249_.X_gold (\_254_.A_gold), _249_.X_gate (\_254_.A_gate) -> _249_.X
Presumably equivalent wires: _250_.A_gold (\_436_.IQ_gold), _250_.A_gate (\_436_.IQ_gate) -> _250_.A
Presumably equivalent wires: _250_.B_gold (\_249_.B_gold), _250_.B_gate (\_249_.B_gate) -> _250_.B
Presumably equivalent wires: _250_.Y_gold (\_306_.B1_gold), _250_.Y_gate (\_306_.B1_gate) -> _250_.Y
Presumably equivalent wires: _251_.A_gold (\_431_.IQ_gold), _251_.A_gate (\_431_.IQ_gate) -> _251_.A
Presumably equivalent wires: _251_.B_N_gold (\_430_.IQ_gold), _251_.B_N_gate (\_430_.IQ_gate) -> _251_.B_N
Presumably equivalent wires: _251_.Y_gold (\_309_.B_gold), _251_.Y_gate (\_309_.B_gate) -> _251_.Y
Presumably equivalent wires: _252_.A_N_gold (\_431_.IQ_gold), _252_.A_N_gate (\_431_.IQ_gate) -> _252_.A_N
Presumably equivalent wires: _252_.B_gold (\_430_.IQ_gold), _252_.B_gate (\_430_.IQ_gate) -> _252_.B
Presumably equivalent wires: _252_.Y_gold (\_253_.C_gold), _252_.Y_gate (\_253_.C_gate) -> _252_.Y
Presumably equivalent wires: _253_.A_gold (\_253_.A_gold), _253_.A_gate (\_253_.A_gate) -> _253_.A
Presumably equivalent wires: _253_.B_gold (\_432_.IQ_gold), _253_.B_gate (\_432_.IQ_gate) -> _253_.B
Presumably equivalent wires: _253_.C_gold (\_253_.C_gold), _253_.C_gate (\_253_.C_gate) -> _253_.C
Presumably equivalent wires: _253_.Y_gold (\_254_.B_gold), _253_.Y_gate (\_254_.B_gate) -> _253_.Y
Presumably equivalent wires: _254_.A_gold (\_254_.A_gold), _254_.A_gate (\_254_.A_gate) -> _254_.A
Presumably equivalent wires: _254_.B_gold (\_254_.B_gold), _254_.B_gate (\_254_.B_gate) -> _254_.B
Presumably equivalent wires: _254_.Y_gold (\_303_.B_gold), _254_.Y_gate (\_303_.B_gate) -> _254_.Y
Presumably equivalent wires: _255_.A_gold (\_434_.IQ_gold), _255_.A_gate (\_434_.IQ_gate) -> _255_.A
Presumably equivalent wires: _255_.B_gold (\_435_.IQ_gold), _255_.B_gate (\_435_.IQ_gate) -> _255_.B
Presumably equivalent wires: _255_.C_gold (\_436_.IQ_gold), _255_.C_gate (\_436_.IQ_gate) -> _255_.C
Presumably equivalent wires: _255_.Y_gold (\_256_.B_gold), _255_.Y_gate (\_256_.B_gate) -> _255_.Y
Presumably equivalent wires: _256_.A_gold (\_256_.A_gold), _256_.A_gate (\_256_.A_gate) -> _256_.A
Presumably equivalent wires: _256_.B_gold (\_256_.B_gold), _256_.B_gate (\_256_.B_gate) -> _256_.B
Presumably equivalent wires: _256_.X_gold (\_258_.B1_gold), _256_.X_gate (\_258_.B1_gate) -> _256_.X
Presumably equivalent wires: _257_.A_gold (\_256_.A_gold), _257_.A_gate (\_256_.A_gate) -> _257_.A
Presumably equivalent wires: _257_.B_gold (\_256_.B_gold), _257_.B_gate (\_256_.B_gate) -> _257_.B
Presumably equivalent wires: _257_.Y_gold (\_302_.B_gold), _257_.Y_gate (\_302_.B_gate) -> _257_.Y
Presumably equivalent wires: _258_.A1_gold (\_254_.A_gold), _258_.A1_gate (\_254_.A_gate) -> _258_.A1
Presumably equivalent wires: _258_.A2_gold (\_254_.B_gold), _258_.A2_gate (\_254_.B_gate) -> _258_.A2
Presumably equivalent wires: _258_.B1_gold (\_258_.B1_gold), _258_.B1_gate (\_258_.B1_gate) -> _258_.B1
Presumably equivalent wires: _258_.Y_gold (\_376_.B_gold), _258_.Y_gate (\_376_.B_gate) -> _258_.Y
Presumably equivalent wires: _259_.A1_gold (\_254_.A_gold), _259_.A1_gate (\_254_.A_gate) -> _259_.A1
Presumably equivalent wires: _259_.A2_gold (\_254_.B_gold), _259_.A2_gate (\_254_.B_gate) -> _259_.A2
Presumably equivalent wires: _259_.B1_gold (\_256_.B_gold), _259_.B1_gate (\_256_.B_gate) -> _259_.B1
Presumably equivalent wires: _259_.B2_gold (\_256_.A_gold), _259_.B2_gate (\_256_.A_gate) -> _259_.B2
Presumably equivalent wires: _259_.C1_gold (\_259_.C1_gold), _259_.C1_gate (\_259_.C1_gate) -> _259_.C1
Presumably equivalent wires: _259_.Y_gold (\_268_.A2_gold), _259_.Y_gate (\_268_.A2_gate) -> _259_.Y
Presumably equivalent wires: _260_.A_gold (\_260_.A_gold), _260_.A_gate (\_260_.A_gate) -> _260_.A
Presumably equivalent wires: _260_.B_gold (\_260_.B_gold), _260_.B_gate (\_260_.B_gate) -> _260_.B
Presumably equivalent wires: _260_.X_gold (\_267_.B_gold), _260_.X_gate (\_267_.B_gate) -> _260_.X
Presumably equivalent wires: _261_.A_gold (\_434_.IQ_gold), _261_.A_gate (\_434_.IQ_gate) -> _261_.A
Presumably equivalent wires: _261_.B_gold (\_436_.IQ_gold), _261_.B_gate (\_436_.IQ_gate) -> _261_.B
Presumably equivalent wires: _261_.Y_gold (\_262_.B_gold), _261_.Y_gate (\_262_.B_gate) -> _261_.Y
Presumably equivalent wires: _262_.A_gold (\_435_.IQ_gold), _262_.A_gate (\_435_.IQ_gate) -> _262_.A
Presumably equivalent wires: _262_.B_gold (\_262_.B_gold), _262_.B_gate (\_262_.B_gate) -> _262_.B
Presumably equivalent wires: _262_.Y_gold (\_266_.A_gold), _262_.Y_gate (\_266_.A_gate) -> _262_.Y
Presumably equivalent wires: _263_.A_gold (\_426_.IQ_gold), _263_.A_gate (\_426_.IQ_gate) -> _263_.A
Presumably equivalent wires: _263_.B_gold (\_427_.IQ_gold), _263_.B_gate (\_427_.IQ_gate) -> _263_.B
Presumably equivalent wires: _263_.C_gold (\_428_.IQ_gold), _263_.C_gate (\_428_.IQ_gate) -> _263_.C
Presumably equivalent wires: _263_.D_gold (\_429_.IQ_gold), _263_.D_gate (\_429_.IQ_gate) -> _263_.D
Presumably equivalent wires: _263_.X_gold (\_265_.C_gold), _263_.X_gate (\_265_.C_gate) -> _263_.X
Presumably equivalent wires: _264_.A_N_gold (\_422_.IQ_gold), _264_.A_N_gate (\_422_.IQ_gate) -> _264_.A_N
Presumably equivalent wires: _264_.B_gold (\_423_.IQ_gold), _264_.B_gate (\_423_.IQ_gate) -> _264_.B
Presumably equivalent wires: _264_.Y_gold (\_265_.D_gold), _264_.Y_gate (\_265_.D_gate) -> _264_.Y
Presumably equivalent wires: _265_.A_gold (\_424_.IQ_gold), _265_.A_gate (\_424_.IQ_gate) -> _265_.A
Presumably equivalent wires: _265_.B_gold (\_425_.IQ_gold), _265_.B_gate (\_425_.IQ_gate) -> _265_.B
Presumably equivalent wires: _265_.C_gold (\_265_.C_gold), _265_.C_gate (\_265_.C_gate) -> _265_.C
Presumably equivalent wires: _265_.D_gold (\_265_.D_gold), _265_.D_gate (\_265_.D_gate) -> _265_.D
Presumably equivalent wires: _265_.Y_gold (\_266_.B_gold), _265_.Y_gate (\_266_.B_gate) -> _265_.Y
Presumably equivalent wires: _266_.A_gold (\_266_.A_gold), _266_.A_gate (\_266_.A_gate) -> _266_.A
Presumably equivalent wires: _266_.B_gold (\_266_.B_gold), _266_.B_gate (\_266_.B_gate) -> _266_.B
Presumably equivalent wires: _266_.Y_gold (\_267_.C_gold), _266_.Y_gate (\_267_.C_gate) -> _266_.Y
Presumably equivalent wires: _267_.A_gold (\_422_.IQ_gold), _267_.A_gate (\_422_.IQ_gate) -> _267_.A
Presumably equivalent wires: _267_.B_gold (\_267_.B_gold), _267_.B_gate (\_267_.B_gate) -> _267_.B
Presumably equivalent wires: _267_.C_gold (\_267_.C_gold), _267_.C_gate (\_267_.C_gate) -> _267_.C
Presumably equivalent wires: _267_.Y_gold (\_268_.B1_gold), _267_.Y_gate (\_268_.B1_gate) -> _267_.Y
Presumably equivalent wires: _268_.A1_gold (\_422_.IQ_gold), _268_.A1_gate (\_422_.IQ_gate) -> _268_.A1
Presumably equivalent wires: _268_.A2_gold (\_268_.A2_gold), _268_.A2_gate (\_268_.A2_gate) -> _268_.A2
Presumably equivalent wires: _268_.B1_gold (\_268_.B1_gold), _268_.B1_gate (\_268_.B1_gate) -> _268_.B1
Presumably equivalent wires: _268_.Y_gold (\_422_.D_gold), _268_.Y_gate (\_422_.D_gate) -> _268_.Y
Presumably equivalent wires: _269_.A_gold (\_422_.IQ_gold), _269_.A_gate (\_422_.IQ_gate) -> _269_.A
Presumably equivalent wires: _269_.B_gold (\_423_.IQ_gold), _269_.B_gate (\_423_.IQ_gate) -> _269_.B
Presumably equivalent wires: _269_.X_gold (\_270_.B1_gold), _269_.X_gate (\_270_.B1_gate) -> _269_.X
Presumably equivalent wires: _270_.A1_gold (\_267_.B_gold), _270_.A1_gate (\_267_.B_gate) -> _270_.A1
Presumably equivalent wires: _270_.A2_gold (\_267_.C_gold), _270_.A2_gate (\_267_.C_gate) -> _270_.A2
Presumably equivalent wires: _270_.B1_gold (\_270_.B1_gold), _270_.B1_gate (\_270_.B1_gate) -> _270_.B1
Presumably equivalent wires: _270_.Y_gold (\_271_.B1_gold), _270_.Y_gate (\_271_.B1_gate) -> _270_.Y
Presumably equivalent wires: _271_.A1_gold (\_271_.A1_gold), _271_.A1_gate (\_271_.A1_gate) -> _271_.A1
Presumably equivalent wires: _271_.A2_gold (\_268_.A2_gold), _271_.A2_gate (\_268_.A2_gate) -> _271_.A2
Presumably equivalent wires: _271_.B1_gold (\_271_.B1_gold), _271_.B1_gate (\_271_.B1_gate) -> _271_.B1
Presumably equivalent wires: _271_.Y_gold (\_423_.D_gold), _271_.Y_gate (\_423_.D_gate) -> _271_.Y
Presumably equivalent wires: _272_.A1_gold (\_422_.IQ_gold), _272_.A1_gate (\_422_.IQ_gate) -> _272_.A1
Presumably equivalent wires: _272_.A2_gold (\_423_.IQ_gold), _272_.A2_gate (\_423_.IQ_gate) -> _272_.A2
Presumably equivalent wires: _272_.B1_gold (\_424_.IQ_gold), _272_.B1_gate (\_424_.IQ_gate) -> _272_.B1
Presumably equivalent wires: _272_.Y_gold (\_278_.B1_gold), _272_.Y_gate (\_278_.B1_gate) -> _272_.Y
Presumably equivalent wires: _273_.A_N_gold (\_268_.A2_gold), _273_.A_N_gate (\_268_.A2_gate) -> _273_.A_N
Presumably equivalent wires: _273_.B_gold (\_424_.IQ_gold), _273_.B_gate (\_424_.IQ_gate) -> _273_.B
Presumably equivalent wires: _273_.Y_gold (\_278_.A1_gold), _273_.Y_gate (\_278_.A1_gate) -> _273_.Y
Presumably equivalent wires: _274_.A1_gold (\_260_.A_gold), _274_.A1_gate (\_260_.A_gate) -> _274_.A1
Presumably equivalent wires: _274_.A2_gold (\_260_.B_gold), _274_.A2_gate (\_260_.B_gate) -> _274_.A2
Presumably equivalent wires: _274_.B1_gold (\_262_.B_gold), _274_.B1_gate (\_262_.B_gate) -> _274_.B1
Presumably equivalent wires: _274_.B2_gold (\_435_.IQ_gold), _274_.B2_gate (\_435_.IQ_gate) -> _274_.B2
Presumably equivalent wires: _274_.Y_gold (\_298_.A1_gold), _274_.Y_gate (\_298_.A1_gate) -> _274_.Y
Presumably equivalent wires: _275_.A_N_gold (\_267_.B_gold), _275_.A_N_gate (\_267_.B_gate) -> _275_.A_N
Presumably equivalent wires: _275_.B_gold (\_266_.A_gold), _275_.B_gate (\_266_.A_gate) -> _275_.B
Presumably equivalent wires: _275_.Y_gold (\_277_.A_gold), _275_.Y_gate (\_277_.A_gate) -> _275_.Y
Presumably equivalent wires: _276_.A_gold (\_422_.IQ_gold), _276_.A_gate (\_422_.IQ_gate) -> _276_.A
Presumably equivalent wires: _276_.B_gold (\_423_.IQ_gold), _276_.B_gate (\_423_.IQ_gate) -> _276_.B
Presumably equivalent wires: _276_.C_gold (\_424_.IQ_gold), _276_.C_gate (\_424_.IQ_gate) -> _276_.C
Presumably equivalent wires: _276_.Y_gold (\_277_.B_gold), _276_.Y_gate (\_277_.B_gate) -> _276_.Y
Presumably equivalent wires: _277_.A_gold (\_277_.A_gold), _277_.A_gate (\_277_.A_gate) -> _277_.A
Presumably equivalent wires: _277_.B_gold (\_277_.B_gold), _277_.B_gate (\_277_.B_gate) -> _277_.B
Presumably equivalent wires: _277_.Y_gold (\_278_.A2_gold), _277_.Y_gate (\_278_.A2_gate) -> _277_.Y
Presumably equivalent wires: _278_.A1_gold (\_278_.A1_gold), _278_.A1_gate (\_278_.A1_gate) -> _278_.A1
Presumably equivalent wires: _278_.A2_gold (\_278_.A2_gold), _278_.A2_gate (\_278_.A2_gate) -> _278_.A2
Presumably equivalent wires: _278_.B1_gold (\_278_.B1_gold), _278_.B1_gate (\_278_.B1_gate) -> _278_.B1
Presumably equivalent wires: _278_.Y_gold (\_424_.D_gold), _278_.Y_gate (\_424_.D_gate) -> _278_.Y
Presumably equivalent wires: _279_.A_gold (\_268_.A2_gold), _279_.A_gate (\_268_.A2_gate) -> _279_.A
Presumably equivalent wires: _279_.B_N_gold (\_425_.IQ_gold), _279_.B_N_gate (\_425_.IQ_gate) -> _279_.B_N
Presumably equivalent wires: _279_.Y_gold (\_284_.A_gold), _279_.Y_gate (\_284_.A_gate) -> _279_.Y
Presumably equivalent wires: _280_.A_gold (\_425_.IQ_gold), _280_.A_gate (\_425_.IQ_gate) -> _280_.A
Presumably equivalent wires: _280_.B_gold (\_277_.B_gold), _280_.B_gate (\_277_.B_gate) -> _280_.B
Presumably equivalent wires: _280_.X_gold (\_282_.A2_gold), _280_.X_gate (\_282_.A2_gate) -> _280_.X
Presumably equivalent wires: _281_.A_gold (\_425_.IQ_gold), _281_.A_gate (\_425_.IQ_gate) -> _281_.A
Presumably equivalent wires: _281_.B_gold (\_277_.B_gold), _281_.B_gate (\_277_.B_gate) -> _281_.B
Presumably equivalent wires: _281_.Y_gold (\_283_.A2_gold), _281_.Y_gate (\_283_.A2_gate) -> _281_.Y
Presumably equivalent wires: _282_.A1_gold (\_265_.C_gold), _282_.A1_gate (\_265_.C_gate) -> _282_.A1
Presumably equivalent wires: _282_.A2_gold (\_282_.A2_gold), _282_.A2_gate (\_282_.A2_gate) -> _282_.A2
Presumably equivalent wires: _282_.B1_gold (\_267_.B_gold), _282_.B1_gate (\_267_.B_gate) -> _282_.B1
Presumably equivalent wires: _282_.Y_gold (\_283_.B1_gold), _282_.Y_gate (\_283_.B1_gate) -> _282_.Y
Presumably equivalent wires: _283_.A1_gold (\_282_.A2_gold), _283_.A1_gate (\_282_.A2_gate) -> _283_.A1
Presumably equivalent wires: _283_.A2_gold (\_283_.A2_gold), _283_.A2_gate (\_283_.A2_gate) -> _283_.A2
Presumably equivalent wires: _283_.B1_gold (\_283_.B1_gold), _283_.B1_gate (\_283_.B1_gate) -> _283_.B1
Presumably equivalent wires: _283_.B2_gold (\_266_.A_gold), _283_.B2_gate (\_266_.A_gate) -> _283_.B2
Presumably equivalent wires: _283_.Y_gold (\_284_.B_gold), _283_.Y_gate (\_284_.B_gate) -> _283_.Y
Presumably equivalent wires: _284_.A_gold (\_284_.A_gold), _284_.A_gate (\_284_.A_gate) -> _284_.A
Presumably equivalent wires: _284_.B_gold (\_284_.B_gold), _284_.B_gate (\_284_.B_gate) -> _284_.B
Presumably equivalent wires: _284_.X_gold (\_425_.D_gold), _284_.X_gate (\_425_.D_gate) -> _284_.X
Presumably equivalent wires: _285_.A_gold (\_422_.IQ_gold), _285_.A_gate (\_422_.IQ_gate) -> _285_.A
Presumably equivalent wires: _285_.B_gold (\_423_.IQ_gold), _285_.B_gate (\_423_.IQ_gate) -> _285_.B
Presumably equivalent wires: _285_.C_gold (\_424_.IQ_gold), _285_.C_gate (\_424_.IQ_gate) -> _285_.C
Presumably equivalent wires: _285_.D_gold (\_425_.IQ_gold), _285_.D_gate (\_425_.IQ_gate) -> _285_.D
Presumably equivalent wires: _285_.X_gold (\_286_.B_gold), _285_.X_gate (\_286_.B_gate) -> _285_.X
Presumably equivalent wires: _286_.A_gold (\_426_.IQ_gold), _286_.A_gate (\_426_.IQ_gate) -> _286_.A
Presumably equivalent wires: _286_.B_gold (\_286_.B_gold), _286_.B_gate (\_286_.B_gate) -> _286_.B
Presumably equivalent wires: _286_.Y_gold (\_290_.B1_gold), _286_.Y_gate (\_290_.B1_gate) -> _286_.Y
Presumably equivalent wires: _287_.A_N_gold (\_268_.A2_gold), _287_.A_N_gate (\_268_.A2_gate) -> _287_.A_N
Presumably equivalent wires: _287_.B_gold (\_426_.IQ_gold), _287_.B_gate (\_426_.IQ_gate) -> _287_.B
Presumably equivalent wires: _287_.Y_gold (\_290_.A1_gold), _287_.Y_gate (\_290_.A1_gate) -> _287_.Y
Presumably equivalent wires: _288_.A_gold (\_426_.IQ_gold), _288_.A_gate (\_426_.IQ_gate) -> _288_.A
Presumably equivalent wires: _288_.B_gold (\_286_.B_gold), _288_.B_gate (\_286_.B_gate) -> _288_.B
Presumably equivalent wires: _288_.Y_gold (\_289_.B_gold), _288_.Y_gate (\_289_.B_gate) -> _288_.Y
Presumably equivalent wires: _289_.A_gold (\_277_.A_gold), _289_.A_gate (\_277_.A_gate) -> _289_.A
Presumably equivalent wires: _289_.B_gold (\_289_.B_gold), _289_.B_gate (\_289_.B_gate) -> _289_.B
Presumably equivalent wires: _289_.Y_gold (\_290_.A2_gold), _289_.Y_gate (\_290_.A2_gate) -> _289_.Y
Presumably equivalent wires: _290_.A1_gold (\_290_.A1_gold), _290_.A1_gate (\_290_.A1_gate) -> _290_.A1
Presumably equivalent wires: _290_.A2_gold (\_290_.A2_gold), _290_.A2_gate (\_290_.A2_gate) -> _290_.A2
Presumably equivalent wires: _290_.B1_gold (\_290_.B1_gold), _290_.B1_gate (\_290_.B1_gate) -> _290_.B1
Presumably equivalent wires: _290_.Y_gold (\_426_.D_gold), _290_.Y_gate (\_426_.D_gate) -> _290_.Y
Presumably equivalent wires: _291_.A_N_gold (\_268_.A2_gold), _291_.A_N_gate (\_268_.A2_gate) -> _291_.A_N
Presumably equivalent wires: _291_.B_gold (\_427_.IQ_gold), _291_.B_gate (\_427_.IQ_gate) -> _291_.B
Presumably equivalent wires: _291_.Y_gold (\_294_.B1_gold), _291_.Y_gate (\_294_.B1_gate) -> _291_.Y
Presumably equivalent wires: _292_.A_gold (\_426_.IQ_gold), _292_.A_gate (\_426_.IQ_gate) -> _292_.A
Presumably equivalent wires: _292_.B_gold (\_427_.IQ_gold), _292_.B_gate (\_427_.IQ_gate) -> _292_.B
Presumably equivalent wires: _292_.C_gold (\_286_.B_gold), _292_.C_gate (\_286_.B_gate) -> _292_.C
Presumably equivalent wires: _292_.Y_gold (\_293_.B_gold), _292_.Y_gate (\_293_.B_gate) -> _292_.Y
Presumably equivalent wires: _293_.A_gold (\_277_.A_gold), _293_.A_gate (\_277_.A_gate) -> _293_.A
Presumably equivalent wires: _293_.B_gold (\_293_.B_gold), _293_.B_gate (\_293_.B_gate) -> _293_.B
Presumably equivalent wires: _293_.Y_gold (\_294_.B2_gold), _293_.Y_gate (\_294_.B2_gate) -> _293_.Y
Presumably equivalent wires: _294_.A1_gold (\_294_.A1_gold), _294_.A1_gate (\_294_.A1_gate) -> _294_.A1
Presumably equivalent wires: _294_.A2_gold (\_289_.B_gold), _294_.A2_gate (\_289_.B_gate) -> _294_.A2
Presumably equivalent wires: _294_.B1_gold (\_294_.B1_gold), _294_.B1_gate (\_294_.B1_gate) -> _294_.B1
Presumably equivalent wires: _294_.B2_gold (\_294_.B2_gold), _294_.B2_gate (\_294_.B2_gate) -> _294_.B2
Presumably equivalent wires: _294_.Y_gold (\_427_.D_gold), _294_.Y_gate (\_427_.D_gate) -> _294_.Y
Presumably equivalent wires: _295_.A_gold (\_426_.IQ_gold), _295_.A_gate (\_426_.IQ_gate) -> _295_.A
Presumably equivalent wires: _295_.B_gold (\_427_.IQ_gold), _295_.B_gate (\_427_.IQ_gate) -> _295_.B
Presumably equivalent wires: _295_.C_gold (\_428_.IQ_gold), _295_.C_gate (\_428_.IQ_gate) -> _295_.C
Presumably equivalent wires: _295_.D_gold (\_286_.B_gold), _295_.D_gate (\_286_.B_gate) -> _295_.D
Presumably equivalent wires: _295_.Y_gold (\_296_.B_gold), _295_.Y_gate (\_296_.B_gate) -> _295_.Y
Presumably equivalent wires: _296_.A_N_gold (\_298_.A1_gold), _296_.A_N_gate (\_298_.A1_gate) -> _296_.A_N
Presumably equivalent wires: _296_.B_gold (\_296_.B_gold), _296_.B_gate (\_296_.B_gate) -> _296_.B
Presumably equivalent wires: _296_.Y_gold (\_297_.B_gold), _296_.Y_gate (\_297_.B_gate) -> _296_.Y
Presumably equivalent wires: _297_.A_gold (\_268_.A2_gold), _297_.A_gate (\_268_.A2_gate) -> _297_.A
Presumably equivalent wires: _297_.B_gold (\_297_.B_gold), _297_.B_gate (\_297_.B_gate) -> _297_.B
Presumably equivalent wires: _297_.Y_gold (\_299_.A_gold), _297_.Y_gate (\_299_.A_gate) -> _297_.Y
Presumably equivalent wires: _298_.A1_gold (\_298_.A1_gold), _298_.A1_gate (\_298_.A1_gate) -> _298_.A1
Presumably equivalent wires: _298_.A2_gold (\_293_.B_gold), _298_.A2_gate (\_293_.B_gate) -> _298_.A2
Presumably equivalent wires: _298_.B1_gold (\_298_.B1_gold), _298_.B1_gate (\_298_.B1_gate) -> _298_.B1
Presumably equivalent wires: _298_.Y_gold (\_299_.B_gold), _298_.Y_gate (\_299_.B_gate) -> _298_.Y
Presumably equivalent wires: _299_.A_gold (\_299_.A_gold), _299_.A_gate (\_299_.A_gate) -> _299_.A
Presumably equivalent wires: _299_.B_gold (\_299_.B_gold), _299_.B_gate (\_299_.B_gate) -> _299_.B
Presumably equivalent wires: _299_.X_gold (\_428_.D_gold), _299_.X_gate (\_428_.D_gate) -> _299_.X
Presumably equivalent wires: _300_.A_gold (\_429_.IQ_gold), _300_.A_gate (\_429_.IQ_gate) -> _300_.A
Presumably equivalent wires: _300_.B_gold (\_298_.A1_gold), _300_.B_gate (\_298_.A1_gate) -> _300_.B
Presumably equivalent wires: _300_.C_gold (\_296_.B_gold), _300_.C_gate (\_296_.B_gate) -> _300_.C
Presumably equivalent wires: _300_.Y_gold (\_301_.B1_gold), _300_.Y_gate (\_301_.B1_gate) -> _300_.Y
Presumably equivalent wires: _301_.A1_gold (\_429_.IQ_gold), _301_.A1_gate (\_429_.IQ_gate) -> _301_.A1
Presumably equivalent wires: _301_.A2_gold (\_299_.A_gold), _301_.A2_gate (\_299_.A_gate) -> _301_.A2
Presumably equivalent wires: _301_.B1_gold (\_301_.B1_gold), _301_.B1_gate (\_301_.B1_gate) -> _301_.B1
Presumably equivalent wires: _301_.X_gold (\_429_.D_gold), _301_.X_gate (\_429_.D_gate) -> _301_.X
Presumably equivalent wires: _302_.A_gold (\_302_.A_gold), _302_.A_gate (\_302_.A_gate) -> _302_.A
Presumably equivalent wires: _302_.B_gold (\_302_.B_gold), _302_.B_gate (\_302_.B_gate) -> _302_.B
Presumably equivalent wires: _302_.C_gold (\_298_.A1_gold), _302_.C_gate (\_298_.A1_gate) -> _302_.C
Presumably equivalent wires: _302_.Y_gold (\_308_.B_gold), _302_.Y_gate (\_308_.B_gate) -> _302_.Y
Presumably equivalent wires: _303_.A_N_gold (\_308_.B_gold), _303_.A_N_gate (\_308_.B_gate) -> _303_.A_N
Presumably equivalent wires: _303_.B_gold (\_303_.B_gold), _303_.B_gate (\_303_.B_gate) -> _303_.B
Presumably equivalent wires: _303_.Y_gold (\_304_.A1_gold), _303_.Y_gate (\_304_.A1_gate) -> _303_.Y
Presumably equivalent wires: _304_.A0_gold (\_254_.A_gold), _304_.A0_gate (\_254_.A_gate) -> _304_.A0
Presumably equivalent wires: _304_.A1_gold (\_304_.A1_gold), _304_.A1_gate (\_304_.A1_gate) -> _304_.A1
Presumably equivalent wires: _304_.S_gold (\_430_.IQ_gold), _304_.S_gate (\_430_.IQ_gate) -> _304_.S
Presumably equivalent wires: _304_.X_gold (\_430_.D_gold), _304_.X_gate (\_430_.D_gate) -> _304_.X
Presumably equivalent wires: _305_.A_N_gold (\_430_.IQ_gold), _305_.A_N_gate (\_430_.IQ_gate) -> _305_.A_N
Presumably equivalent wires: _305_.B_gold (\_431_.IQ_gold), _305_.B_gate (\_431_.IQ_gate) -> _305_.B
Presumably equivalent wires: _305_.Y_gold (\_306_.A2_gold), _305_.Y_gate (\_306_.A2_gate) -> _305_.Y
Presumably equivalent wires: _306_.A1_gold (\_253_.C_gold), _306_.A1_gate (\_253_.C_gate) -> _306_.A1
Presumably equivalent wires: _306_.A2_gold (\_306_.A2_gold), _306_.A2_gate (\_306_.A2_gate) -> _306_.A2
Presumably equivalent wires: _306_.B1_gold (\_306_.B1_gold), _306_.B1_gate (\_306_.B1_gate) -> _306_.B1
Presumably equivalent wires: _306_.Y_gold (\_307_.A0_gold), _306_.Y_gate (\_307_.A0_gate) -> _306_.Y
Presumably equivalent wires: _307_.A0_gold (\_307_.A0_gold), _307_.A0_gate (\_307_.A0_gate) -> _307_.A0
Presumably equivalent wires: _307_.A1_gold (\_431_.IQ_gold), _307_.A1_gate (\_431_.IQ_gate) -> _307_.A1
Presumably equivalent wires: _307_.S_gold (\_304_.A1_gold), _307_.S_gate (\_304_.A1_gate) -> _307_.S
Presumably equivalent wires: _307_.X_gold (\_431_.D_gold), _307_.X_gate (\_431_.D_gate) -> _307_.X
Presumably equivalent wires: _308_.A_gold (\_432_.IQ_gold), _308_.A_gate (\_432_.IQ_gate) -> _308_.A
Presumably equivalent wires: _308_.B_gold (\_308_.B_gold), _308_.B_gate (\_308_.B_gate) -> _308_.B
Presumably equivalent wires: _308_.Y_gold (\_311_.B1_gold), _308_.Y_gate (\_311_.B1_gate) -> _308_.Y
Presumably equivalent wires: _309_.A_gold (\_309_.A_gold), _309_.A_gate (\_309_.A_gate) -> _309_.A
Presumably equivalent wires: _309_.B_gold (\_309_.B_gold), _309_.B_gate (\_309_.B_gate) -> _309_.B
Presumably equivalent wires: _309_.Y_gold (\_310_.B_gold), _309_.Y_gate (\_310_.B_gate) -> _309_.Y
Presumably equivalent wires: _310_.A_gold (\_254_.A_gold), _310_.A_gate (\_254_.A_gate) -> _310_.A
Presumably equivalent wires: _310_.B_gold (\_310_.B_gold), _310_.B_gate (\_310_.B_gate) -> _310_.B
Presumably equivalent wires: _310_.Y_gold (\_311_.A2_gold), _310_.Y_gate (\_311_.A2_gate) -> _310_.Y
Presumably equivalent wires: _311_.A1_gold (\_304_.A1_gold), _311_.A1_gate (\_304_.A1_gate) -> _311_.A1
Presumably equivalent wires: _311_.A2_gold (\_311_.A2_gold), _311_.A2_gate (\_311_.A2_gate) -> _311_.A2
Presumably equivalent wires: _311_.B1_gold (\_311_.B1_gold), _311_.B1_gate (\_311_.B1_gate) -> _311_.B1
Presumably equivalent wires: _311_.Y_gold (\_432_.D_gold), _311_.Y_gate (\_432_.D_gate) -> _311_.Y
Presumably equivalent wires: _312_.A1_gold (\_309_.A_gold), _312_.A1_gate (\_309_.A_gate) -> _312_.A1
Presumably equivalent wires: _312_.A2_gold (\_309_.B_gold), _312_.A2_gate (\_309_.B_gate) -> _312_.A2
Presumably equivalent wires: _312_.B1_gold (\_433_.IQ_gold), _312_.B1_gate (\_433_.IQ_gate) -> _312_.B1
Presumably equivalent wires: _312_.Y_gold (\_314_.C_gold), _312_.Y_gate (\_314_.C_gate) -> _312_.Y
Presumably equivalent wires: _313_.A_gold (\_306_.B1_gold), _313_.A_gate (\_306_.B1_gate) -> _313_.A
Presumably equivalent wires: _313_.B_gold (\_254_.B_gold), _313_.B_gate (\_254_.B_gate) -> _313_.B
Presumably equivalent wires: _313_.Y_gold (\_323_.A2_gold), _313_.Y_gate (\_323_.A2_gate) -> _313_.Y
Presumably equivalent wires: _314_.A_gold (\_306_.B1_gold), _314_.A_gate (\_306_.B1_gate) -> _314_.A
Presumably equivalent wires: _314_.B_gold (\_254_.B_gold), _314_.B_gate (\_254_.B_gate) -> _314_.B
Presumably equivalent wires: _314_.C_gold (\_314_.C_gold), _314_.C_gate (\_314_.C_gate) -> _314_.C
Presumably equivalent wires: _314_.Y_gold (\_315_.B1_gold), _314_.Y_gate (\_315_.B1_gate) -> _314_.Y
Presumably equivalent wires: _315_.A1_gold (\_433_.IQ_gold), _315_.A1_gate (\_433_.IQ_gate) -> _315_.A1
Presumably equivalent wires: _315_.A2_gold (\_304_.A1_gold), _315_.A2_gate (\_304_.A1_gate) -> _315_.A2
Presumably equivalent wires: _315_.B1_gold (\_315_.B1_gold), _315_.B1_gate (\_315_.B1_gate) -> _315_.B1
Presumably equivalent wires: _315_.X_gold (\_433_.D_gold), _315_.X_gate (\_433_.D_gate) -> _315_.X
Presumably equivalent wires: _316_.A1_gold (\_266_.A_gold), _316_.A1_gate (\_266_.A_gate) -> _316_.A1
Presumably equivalent wires: _316_.A2_gold (\_266_.B_gold), _316_.A2_gate (\_266_.B_gate) -> _316_.A2
Presumably equivalent wires: _316_.B1_gold (\_302_.B_gold), _316_.B1_gate (\_302_.B_gate) -> _316_.B1
Presumably equivalent wires: _316_.Y_gold (\_319_.A1_gold), _316_.Y_gate (\_319_.A1_gate) -> _316_.Y
Presumably equivalent wires: _317_.A_gold (\_302_.B_gold), _317_.A_gate (\_302_.B_gate) -> _317_.A
Presumably equivalent wires: _317_.B_gold (\_283_.B1_gold), _317_.B_gate (\_283_.B1_gate) -> _317_.B
Presumably equivalent wires: _317_.X_gold (\_321_.A1_gold), _317_.X_gate (\_321_.A1_gate) -> _317_.X
Presumably equivalent wires: _318_.A1_gold (\_254_.A_gold), _318_.A1_gate (\_254_.A_gate) -> _318_.A1
Presumably equivalent wires: _318_.A2_gold (\_254_.B_gold), _318_.A2_gate (\_254_.B_gate) -> _318_.A2
Presumably equivalent wires: _318_.B1_gold (\_262_.B_gold), _318_.B1_gate (\_262_.B_gate) -> _318_.B1
Presumably equivalent wires: _318_.Y_gold (\_319_.A2_gold), _318_.Y_gate (\_319_.A2_gate) -> _318_.Y
Presumably equivalent wires: _319_.A1_gold (\_319_.A1_gold), _319_.A1_gate (\_319_.A1_gate) -> _319_.A1
Presumably equivalent wires: _319_.A2_gold (\_319_.A2_gold), _319_.A2_gate (\_319_.A2_gate) -> _319_.A2
Presumably equivalent wires: _319_.B1_gold (\_283_.B1_gold), _319_.B1_gate (\_283_.B1_gate) -> _319_.B1
Presumably equivalent wires: _319_.Y_gold (\_434_.D_gold), _319_.Y_gate (\_434_.D_gate) -> _319_.Y
Presumably equivalent wires: _320_.A1_gold (\_306_.B1_gold), _320_.A1_gate (\_306_.B1_gate) -> _320_.A1
Presumably equivalent wires: _320_.A2_gold (\_254_.B_gold), _320_.A2_gate (\_254_.B_gate) -> _320_.A2
Presumably equivalent wires: _320_.B1_gold (\_298_.A1_gold), _320_.B1_gate (\_298_.A1_gate) -> _320_.B1
Presumably equivalent wires: _320_.Y_gold (\_321_.A2_gold), _320_.Y_gate (\_321_.A2_gate) -> _320_.Y
Presumably equivalent wires: _321_.A1_gold (\_321_.A1_gold), _321_.A1_gate (\_321_.A1_gate) -> _321_.A1
Presumably equivalent wires: _321_.A2_gold (\_321_.A2_gold), _321_.A2_gate (\_321_.A2_gate) -> _321_.A2
Presumably equivalent wires: _321_.B1_gold (\_267_.C_gold), _321_.B1_gate (\_267_.C_gate) -> _321_.B1
Presumably equivalent wires: _321_.X_gold (\_435_.D_gold), _321_.X_gate (\_435_.D_gate) -> _321_.X
Presumably equivalent wires: _322_.A_gold (\_246_.B_gold), _322_.A_gate (\_246_.B_gate) -> _322_.A
Presumably equivalent wires: _322_.B_gold (\_303_.B_gold), _322_.B_gate (\_303_.B_gate) -> _322_.B
Presumably equivalent wires: _322_.Y_gold (\_436_.D_gold), _322_.Y_gate (\_436_.D_gate) -> _322_.Y
Presumably equivalent wires: _323_.A1_gold (\_308_.B_gold), _323_.A1_gate (\_308_.B_gate) -> _323_.A1
Presumably equivalent wires: _323_.A2_gold (\_323_.A2_gold), _323_.A2_gate (\_323_.A2_gate) -> _323_.A2
Presumably equivalent wires: _323_.B1_gold (\_437_.IQ_gold), _323_.B1_gate (\_437_.IQ_gate) -> _323_.B1
Presumably equivalent wires: _323_.Y_gold (\_324_.B1_gold), _323_.Y_gate (\_324_.B1_gate) -> _323_.Y
Presumably equivalent wires: _324_.A1_gold (\_324_.A1_gold), _324_.A1_gate (\_324_.A1_gate) -> _324_.A1
Presumably equivalent wires: _324_.A2_gold (\_303_.B_gold), _324_.A2_gate (\_303_.B_gate) -> _324_.A2
Presumably equivalent wires: _324_.B1_gold (\_324_.B1_gold), _324_.B1_gate (\_324_.B1_gate) -> _324_.B1
Presumably equivalent wires: _324_.Y_gold (\_437_.D_gold), _324_.Y_gate (\_437_.D_gate) -> _324_.Y
Presumably equivalent wires: _325_.A_gold (\_254_.B_gold), _325_.A_gate (\_254_.B_gate) -> _325_.A
Presumably equivalent wires: _325_.B_gold (\_314_.C_gold), _325_.B_gate (\_314_.C_gate) -> _325_.B
Presumably equivalent wires: _325_.Y_gold (\_353_.C_gold), _325_.Y_gate (\_353_.C_gate) -> _325_.Y
Presumably equivalent wires: _326_.A_gold (\_253_.A_gold), _326_.A_gate (\_253_.A_gate) -> _326_.A
Presumably equivalent wires: _326_.B_gold (\_430_.IQ_gold), _326_.B_gate (\_430_.IQ_gate) -> _326_.B
Presumably equivalent wires: _326_.C_gold (\_431_.IQ_gold), _326_.C_gate (\_431_.IQ_gate) -> _326_.C
Presumably equivalent wires: _326_.D_gold (\_432_.IQ_gold), _326_.D_gate (\_432_.IQ_gate) -> _326_.D
Presumably equivalent wires: _326_.Y_gold (\_327_.B_gold), _326_.Y_gate (\_327_.B_gate) -> _326_.Y
Presumably equivalent wires: _327_.A_gold (\_306_.B1_gold), _327_.A_gate (\_306_.B1_gate) -> _327_.A
Presumably equivalent wires: _327_.B_gold (\_327_.B_gold), _327_.B_gate (\_327_.B_gate) -> _327_.B
Presumably equivalent wires: _327_.Y_gold (\_328_.A2_gold), _327_.Y_gate (\_328_.A2_gate) -> _327_.Y
Presumably equivalent wires: _328_.A1_gold (\_308_.B_gold), _328_.A1_gate (\_308_.B_gate) -> _328_.A1
Presumably equivalent wires: _328_.A2_gold (\_328_.A2_gold), _328_.A2_gate (\_328_.A2_gate) -> _328_.A2
Presumably equivalent wires: _328_.B1_gold (\_438_.IQ_gold), _328_.B1_gate (\_438_.IQ_gate) -> _328_.B1
Presumably equivalent wires: _328_.Y_gold (\_333_.A_gold), _328_.Y_gate (\_333_.A_gate) -> _328_.Y
Presumably equivalent wires: _329_.A_gold (\_324_.A1_gold), _329_.A_gate (\_324_.A1_gate) -> _329_.A
Presumably equivalent wires: _329_.B_gold (\_254_.B_gold), _329_.B_gate (\_254_.B_gate) -> _329_.B
Presumably equivalent wires: _329_.Y_gold (\_348_.C_gold), _329_.Y_gate (\_348_.C_gate) -> _329_.Y
Presumably equivalent wires: _330_.A_N_gold (\_430_.IQ_gold), _330_.A_N_gate (\_430_.IQ_gate) -> _330_.A_N
Presumably equivalent wires: _330_.B_gold (\_330_.B_gold), _330_.B_gate (\_330_.B_gate) -> _330_.B
Presumably equivalent wires: _330_.C_gold (\comp_gold), _330_.C_gate (\comp_gate) -> _330_.C
Presumably equivalent wires: _330_.Y_gold (\_331_.B_gold), _330_.Y_gate (\_331_.B_gate) -> _330_.Y
Presumably equivalent wires: _331_.A_gold (\_310_.B_gold), _331_.A_gate (\_310_.B_gate) -> _331_.A
Presumably equivalent wires: _331_.B_gold (\_331_.B_gold), _331_.B_gate (\_331_.B_gate) -> _331_.B
Presumably equivalent wires: _331_.Y_gold (\_332_.B_gold), _331_.Y_gate (\_332_.B_gate) -> _331_.Y
Presumably equivalent wires: _332_.A_gold (\_315_.B1_gold), _332_.A_gate (\_315_.B1_gate) -> _332_.A
Presumably equivalent wires: _332_.B_gold (\_332_.B_gold), _332_.B_gate (\_332_.B_gate) -> _332_.B
Presumably equivalent wires: _332_.Y_gold (\_333_.B_gold), _332_.Y_gate (\_333_.B_gate) -> _332_.Y
Presumably equivalent wires: _333_.A_gold (\_333_.A_gold), _333_.A_gate (\_333_.A_gate) -> _333_.A
Presumably equivalent wires: _333_.B_gold (\_333_.B_gold), _333_.B_gate (\_333_.B_gate) -> _333_.B
Presumably equivalent wires: _333_.Y_gold (\_438_.D_gold), _333_.Y_gate (\_438_.D_gate) -> _333_.Y
Presumably equivalent wires: _334_.A_gold (\_433_.IQ_gold), _334_.A_gate (\_433_.IQ_gate) -> _334_.A
Presumably equivalent wires: _334_.B_gold (\_430_.IQ_gold), _334_.B_gate (\_430_.IQ_gate) -> _334_.B
Presumably equivalent wires: _334_.C_gold (\_431_.IQ_gold), _334_.C_gate (\_431_.IQ_gate) -> _334_.C
Presumably equivalent wires: _334_.D_gold (\_309_.A_gold), _334_.D_gate (\_309_.A_gate) -> _334_.D
Presumably equivalent wires: _334_.X_gold (\_335_.B_gold), _334_.X_gate (\_335_.B_gate) -> _334_.X
Presumably equivalent wires: _335_.A_gold (\_306_.B1_gold), _335_.A_gate (\_306_.B1_gate) -> _335_.A
Presumably equivalent wires: _335_.B_gold (\_335_.B_gold), _335_.B_gate (\_335_.B_gate) -> _335_.B
Presumably equivalent wires: _335_.Y_gold (\_336_.A2_gold), _335_.Y_gate (\_336_.A2_gate) -> _335_.Y
Presumably equivalent wires: _336_.A1_gold (\_308_.B_gold), _336_.A1_gate (\_308_.B_gate) -> _336_.A1
Presumably equivalent wires: _336_.A2_gold (\_336_.A2_gold), _336_.A2_gate (\_336_.A2_gate) -> _336_.A2
Presumably equivalent wires: _336_.B1_gold (\_439_.IQ_gold), _336_.B1_gate (\_439_.IQ_gate) -> _336_.B1
Presumably equivalent wires: _336_.Y_gold (\_339_.B1_gold), _336_.Y_gate (\_339_.B1_gate) -> _336_.Y
Presumably equivalent wires: _337_.A_gold (\_430_.IQ_gold), _337_.A_gate (\_430_.IQ_gate) -> _337_.A
Presumably equivalent wires: _337_.B_gold (\_431_.IQ_gold), _337_.B_gate (\_431_.IQ_gate) -> _337_.B
Presumably equivalent wires: _337_.C_gold (\comp_gold), _337_.C_gate (\comp_gate) -> _337_.C
Presumably equivalent wires: _337_.Y_gold (\_339_.A1_gold), _337_.Y_gate (\_339_.A1_gate) -> _337_.Y
Presumably equivalent wires: _338_.A_gold (\_306_.B1_gold), _338_.A_gate (\_306_.B1_gate) -> _338_.A
Presumably equivalent wires: _338_.B_gold (\_254_.B_gold), _338_.B_gate (\_254_.B_gate) -> _338_.B
Presumably equivalent wires: _338_.C_gold (\_310_.B_gold), _338_.C_gate (\_310_.B_gate) -> _338_.C
Presumably equivalent wires: _338_.D_gold (\_314_.C_gold), _338_.D_gate (\_314_.C_gate) -> _338_.D
Presumably equivalent wires: _338_.X_gold (\_339_.A2_gold), _338_.X_gate (\_339_.A2_gate) -> _338_.X
Presumably equivalent wires: _339_.A1_gold (\_339_.A1_gold), _339_.A1_gate (\_339_.A1_gate) -> _339_.A1
Presumably equivalent wires: _339_.A2_gold (\_339_.A2_gold), _339_.A2_gate (\_339_.A2_gate) -> _339_.A2
Presumably equivalent wires: _339_.B1_gold (\_339_.B1_gold), _339_.B1_gate (\_339_.B1_gate) -> _339_.B1
Presumably equivalent wires: _339_.Y_gold (\_439_.D_gold), _339_.Y_gate (\_439_.D_gate) -> _339_.Y
Presumably equivalent wires: _340_.A_gold (\_253_.A_gold), _340_.A_gate (\_253_.A_gate) -> _340_.A
Presumably equivalent wires: _340_.B_gold (\_430_.IQ_gold), _340_.B_gate (\_430_.IQ_gate) -> _340_.B
Presumably equivalent wires: _340_.C_gold (\_330_.B_gold), _340_.C_gate (\_330_.B_gate) -> _340_.C
Presumably equivalent wires: _340_.D_gold (\_432_.IQ_gold), _340_.D_gate (\_432_.IQ_gate) -> _340_.D
Presumably equivalent wires: _340_.Y_gold (\_341_.B_gold), _340_.Y_gate (\_341_.B_gate) -> _340_.Y
Presumably equivalent wires: _341_.A_gold (\_306_.B1_gold), _341_.A_gate (\_306_.B1_gate) -> _341_.A
Presumably equivalent wires: _341_.B_gold (\_341_.B_gold), _341_.B_gate (\_341_.B_gate) -> _341_.B
Presumably equivalent wires: _341_.Y_gold (\_342_.A2_gold), _341_.Y_gate (\_342_.A2_gate) -> _341_.Y
Presumably equivalent wires: _342_.A1_gold (\_308_.B_gold), _342_.A1_gate (\_308_.B_gate) -> _342_.A1
Presumably equivalent wires: _342_.A2_gold (\_342_.A2_gold), _342_.A2_gate (\_342_.A2_gate) -> _342_.A2
Presumably equivalent wires: _342_.B1_gold (\_440_.IQ_gold), _342_.B1_gate (\_440_.IQ_gate) -> _342_.B1
Presumably equivalent wires: _342_.Y_gold (\_344_.B1_gold), _342_.Y_gate (\_344_.B1_gate) -> _342_.Y
Presumably equivalent wires: _343_.A_N_gold (\_430_.IQ_gold), _343_.A_N_gate (\_430_.IQ_gate) -> _343_.A_N
Presumably equivalent wires: _343_.B_gold (\_431_.IQ_gold), _343_.B_gate (\_431_.IQ_gate) -> _343_.B
Presumably equivalent wires: _343_.C_gold (\comp_gold), _343_.C_gate (\comp_gate) -> _343_.C
Presumably equivalent wires: _343_.Y_gold (\_344_.A2_gold), _343_.Y_gate (\_344_.A2_gate) -> _343_.Y
Presumably equivalent wires: _344_.A1_gold (\_339_.A2_gold), _344_.A1_gate (\_339_.A2_gate) -> _344_.A1
Presumably equivalent wires: _344_.A2_gold (\_344_.A2_gold), _344_.A2_gate (\_344_.A2_gate) -> _344_.A2
Presumably equivalent wires: _344_.B1_gold (\_344_.B1_gold), _344_.B1_gate (\_344_.B1_gate) -> _344_.B1
Presumably equivalent wires: _344_.Y_gold (\_440_.D_gold), _344_.Y_gate (\_440_.D_gate) -> _344_.Y
Presumably equivalent wires: _345_.A_gold (\_253_.A_gold), _345_.A_gate (\_253_.A_gate) -> _345_.A
Presumably equivalent wires: _345_.B_gold (\_309_.A_gold), _345_.B_gate (\_309_.A_gate) -> _345_.B
Presumably equivalent wires: _345_.C_gold (\_253_.C_gold), _345_.C_gate (\_253_.C_gate) -> _345_.C
Presumably equivalent wires: _345_.Y_gold (\_346_.B_gold), _345_.Y_gate (\_346_.B_gate) -> _345_.Y
Presumably equivalent wires: _346_.A_gold (\_306_.B1_gold), _346_.A_gate (\_306_.B1_gate) -> _346_.A
Presumably equivalent wires: _346_.B_gold (\_346_.B_gold), _346_.B_gate (\_346_.B_gate) -> _346_.B
Presumably equivalent wires: _346_.Y_gold (\_347_.A2_gold), _346_.Y_gate (\_347_.A2_gate) -> _346_.Y
Presumably equivalent wires: _347_.A1_gold (\_308_.B_gold), _347_.A1_gate (\_308_.B_gate) -> _347_.A1
Presumably equivalent wires: _347_.A2_gold (\_347_.A2_gold), _347_.A2_gate (\_347_.A2_gate) -> _347_.A2
Presumably equivalent wires: _347_.B1_gold (\_441_.IQ_gold), _347_.B1_gate (\_441_.IQ_gate) -> _347_.B1
Presumably equivalent wires: _347_.Y_gold (\_349_.B1_gold), _347_.Y_gate (\_349_.B1_gate) -> _347_.Y
Presumably equivalent wires: _348_.A_gold (\_430_.IQ_gold), _348_.A_gate (\_430_.IQ_gate) -> _348_.A
Presumably equivalent wires: _348_.B_gold (\_330_.B_gold), _348_.B_gate (\_330_.B_gate) -> _348_.B
Presumably equivalent wires: _348_.C_gold (\_348_.C_gold), _348_.C_gate (\_348_.C_gate) -> _348_.C
Presumably equivalent wires: _348_.Y_gold (\_349_.A2_gold), _348_.Y_gate (\_349_.A2_gate) -> _348_.Y
Presumably equivalent wires: _349_.A1_gold (\_339_.A2_gold), _349_.A1_gate (\_339_.A2_gate) -> _349_.A1
Presumably equivalent wires: _349_.A2_gold (\_349_.A2_gold), _349_.A2_gate (\_349_.A2_gate) -> _349_.A2
Presumably equivalent wires: _349_.B1_gold (\_349_.B1_gold), _349_.B1_gate (\_349_.B1_gate) -> _349_.B1
Presumably equivalent wires: _349_.Y_gold (\_441_.D_gold), _349_.Y_gate (\_441_.D_gate) -> _349_.Y
Presumably equivalent wires: _350_.A_gold (\_253_.A_gold), _350_.A_gate (\_253_.A_gate) -> _350_.A
Presumably equivalent wires: _350_.B_gold (\_430_.IQ_gold), _350_.B_gate (\_430_.IQ_gate) -> _350_.B
Presumably equivalent wires: _350_.C_gold (\_431_.IQ_gold), _350_.C_gate (\_431_.IQ_gate) -> _350_.C
Presumably equivalent wires: _350_.D_gold (\_309_.A_gold), _350_.D_gate (\_309_.A_gate) -> _350_.D
Presumably equivalent wires: _350_.Y_gold (\_351_.B_gold), _350_.Y_gate (\_351_.B_gate) -> _350_.Y
Presumably equivalent wires: _351_.A_gold (\_306_.B1_gold), _351_.A_gate (\_306_.B1_gate) -> _351_.A
Presumably equivalent wires: _351_.B_gold (\_351_.B_gold), _351_.B_gate (\_351_.B_gate) -> _351_.B
Presumably equivalent wires: _351_.Y_gold (\_352_.A2_gold), _351_.Y_gate (\_352_.A2_gate) -> _351_.Y
Presumably equivalent wires: _352_.A1_gold (\_308_.B_gold), _352_.A1_gate (\_308_.B_gate) -> _352_.A1
Presumably equivalent wires: _352_.A2_gold (\_352_.A2_gold), _352_.A2_gate (\_352_.A2_gate) -> _352_.A2
Presumably equivalent wires: _352_.B1_gold (\_442_.IQ_gold), _352_.B1_gate (\_442_.IQ_gate) -> _352_.B1
Presumably equivalent wires: _352_.Y_gold (\_354_.B1_gold), _352_.Y_gate (\_354_.B1_gate) -> _352_.Y
Presumably equivalent wires: _353_.A_gold (\_254_.A_gold), _353_.A_gate (\_254_.A_gate) -> _353_.A
Presumably equivalent wires: _353_.B_gold (\_310_.B_gold), _353_.B_gate (\_310_.B_gate) -> _353_.B
Presumably equivalent wires: _353_.C_gold (\_353_.C_gold), _353_.C_gate (\_353_.C_gate) -> _353_.C
Presumably equivalent wires: _353_.Y_gold (\_354_.A2_gold), _353_.Y_gate (\_354_.A2_gate) -> _353_.Y
Presumably equivalent wires: _354_.A1_gold (\_331_.B_gold), _354_.A1_gate (\_331_.B_gate) -> _354_.A1
Presumably equivalent wires: _354_.A2_gold (\_354_.A2_gold), _354_.A2_gate (\_354_.A2_gate) -> _354_.A2
Presumably equivalent wires: _354_.B1_gold (\_354_.B1_gold), _354_.B1_gate (\_354_.B1_gate) -> _354_.B1
Presumably equivalent wires: _354_.Y_gold (\_442_.D_gold), _354_.Y_gate (\_442_.D_gate) -> _354_.Y
Presumably equivalent wires: _355_.A_gold (\_433_.IQ_gold), _355_.A_gate (\_433_.IQ_gate) -> _355_.A
Presumably equivalent wires: _355_.B_gold (\_430_.IQ_gold), _355_.B_gate (\_430_.IQ_gate) -> _355_.B
Presumably equivalent wires: _355_.C_gold (\_431_.IQ_gold), _355_.C_gate (\_431_.IQ_gate) -> _355_.C
Presumably equivalent wires: _355_.D_gold (\_432_.IQ_gold), _355_.D_gate (\_432_.IQ_gate) -> _355_.D
Presumably equivalent wires: _355_.X_gold (\_356_.B_gold), _355_.X_gate (\_356_.B_gate) -> _355_.X
Presumably equivalent wires: _356_.A_gold (\_306_.B1_gold), _356_.A_gate (\_306_.B1_gate) -> _356_.A
Presumably equivalent wires: _356_.B_gold (\_356_.B_gold), _356_.B_gate (\_356_.B_gate) -> _356_.B
Presumably equivalent wires: _356_.Y_gold (\_357_.A2_gold), _356_.Y_gate (\_357_.A2_gate) -> _356_.Y
Presumably equivalent wires: _357_.A1_gold (\_308_.B_gold), _357_.A1_gate (\_308_.B_gate) -> _357_.A1
Presumably equivalent wires: _357_.A2_gold (\_357_.A2_gold), _357_.A2_gate (\_357_.A2_gate) -> _357_.A2
Presumably equivalent wires: _357_.B1_gold (\_443_.IQ_gold), _357_.B1_gate (\_443_.IQ_gate) -> _357_.B1
Presumably equivalent wires: _357_.Y_gold (\_358_.B1_gold), _357_.Y_gate (\_358_.B1_gate) -> _357_.Y
Presumably equivalent wires: _358_.A1_gold (\_339_.A1_gold), _358_.A1_gate (\_339_.A1_gate) -> _358_.A1
Presumably equivalent wires: _358_.A2_gold (\_354_.A2_gold), _358_.A2_gate (\_354_.A2_gate) -> _358_.A2
Presumably equivalent wires: _358_.B1_gold (\_358_.B1_gold), _358_.B1_gate (\_358_.B1_gate) -> _358_.B1
Presumably equivalent wires: _358_.Y_gold (\_443_.D_gold), _358_.Y_gate (\_443_.D_gate) -> _358_.Y
Presumably equivalent wires: _359_.A_gold (\_253_.A_gold), _359_.A_gate (\_253_.A_gate) -> _359_.A
Presumably equivalent wires: _359_.B_gold (\_430_.IQ_gold), _359_.B_gate (\_430_.IQ_gate) -> _359_.B
Presumably equivalent wires: _359_.C_gold (\_330_.B_gold), _359_.C_gate (\_330_.B_gate) -> _359_.C
Presumably equivalent wires: _359_.D_gold (\_309_.A_gold), _359_.D_gate (\_309_.A_gate) -> _359_.D
Presumably equivalent wires: _359_.Y_gold (\_360_.B_gold), _359_.Y_gate (\_360_.B_gate) -> _359_.Y
Presumably equivalent wires: _360_.A_gold (\_306_.B1_gold), _360_.A_gate (\_306_.B1_gate) -> _360_.A
Presumably equivalent wires: _360_.B_gold (\_360_.B_gold), _360_.B_gate (\_360_.B_gate) -> _360_.B
Presumably equivalent wires: _360_.Y_gold (\_361_.A2_gold), _360_.Y_gate (\_361_.A2_gate) -> _360_.Y
Presumably equivalent wires: _361_.A1_gold (\_308_.B_gold), _361_.A1_gate (\_308_.B_gate) -> _361_.A1
Presumably equivalent wires: _361_.A2_gold (\_361_.A2_gold), _361_.A2_gate (\_361_.A2_gate) -> _361_.A2
Presumably equivalent wires: _361_.B1_gold (\_444_.IQ_gold), _361_.B1_gate (\_444_.IQ_gate) -> _361_.B1
Presumably equivalent wires: _361_.Y_gold (\_362_.B1_gold), _361_.Y_gate (\_362_.B1_gate) -> _361_.Y
Presumably equivalent wires: _362_.A1_gold (\_344_.A2_gold), _362_.A1_gate (\_344_.A2_gate) -> _362_.A1
Presumably equivalent wires: _362_.A2_gold (\_354_.A2_gold), _362_.A2_gate (\_354_.A2_gate) -> _362_.A2
Presumably equivalent wires: _362_.B1_gold (\_362_.B1_gold), _362_.B1_gate (\_362_.B1_gate) -> _362_.B1
Presumably equivalent wires: _362_.Y_gold (\_444_.D_gold), _362_.Y_gate (\_444_.D_gate) -> _362_.Y
Presumably equivalent wires: _363_.A_gold (\_433_.IQ_gold), _363_.A_gate (\_433_.IQ_gate) -> _363_.A
Presumably equivalent wires: _363_.B_gold (\_432_.IQ_gold), _363_.B_gate (\_432_.IQ_gate) -> _363_.B
Presumably equivalent wires: _363_.C_gold (\_253_.C_gold), _363_.C_gate (\_253_.C_gate) -> _363_.C
Presumably equivalent wires: _363_.Y_gold (\_364_.B_gold), _363_.Y_gate (\_364_.B_gate) -> _363_.Y
Presumably equivalent wires: _364_.A_gold (\_306_.B1_gold), _364_.A_gate (\_306_.B1_gate) -> _364_.A
Presumably equivalent wires: _364_.B_gold (\_364_.B_gold), _364_.B_gate (\_364_.B_gate) -> _364_.B
Presumably equivalent wires: _364_.Y_gold (\_365_.A2_gold), _364_.Y_gate (\_365_.A2_gate) -> _364_.Y
Presumably equivalent wires: _365_.A1_gold (\_308_.B_gold), _365_.A1_gate (\_308_.B_gate) -> _365_.A1
Presumably equivalent wires: _365_.A2_gold (\_365_.A2_gold), _365_.A2_gate (\_365_.A2_gate) -> _365_.A2
Presumably equivalent wires: _365_.B1_gold (\_445_.IQ_gold), _365_.B1_gate (\_445_.IQ_gate) -> _365_.B1
Presumably equivalent wires: _365_.Y_gold (\_366_.B1_gold), _365_.Y_gate (\_366_.B1_gate) -> _365_.Y
Presumably equivalent wires: _366_.A1_gold (\_311_.A2_gold), _366_.A1_gate (\_311_.A2_gate) -> _366_.A1
Presumably equivalent wires: _366_.A2_gold (\_349_.A2_gold), _366_.A2_gate (\_349_.A2_gate) -> _366_.A2
Presumably equivalent wires: _366_.B1_gold (\_366_.B1_gold), _366_.B1_gate (\_366_.B1_gate) -> _366_.B1
Presumably equivalent wires: _366_.Y_gold (\_445_.D_gold), _366_.Y_gate (\_445_.D_gate) -> _366_.Y
Presumably equivalent wires: _367_.A_gold (\_433_.IQ_gold), _367_.A_gate (\_433_.IQ_gate) -> _367_.A
Presumably equivalent wires: _367_.B_gold (\_430_.IQ_gold), _367_.B_gate (\_430_.IQ_gate) -> _367_.B
Presumably equivalent wires: _367_.C_gold (\_431_.IQ_gold), _367_.C_gate (\_431_.IQ_gate) -> _367_.C
Presumably equivalent wires: _367_.D_gold (\_432_.IQ_gold), _367_.D_gate (\_432_.IQ_gate) -> _367_.D
Presumably equivalent wires: _367_.Y_gold (\_368_.B_gold), _367_.Y_gate (\_368_.B_gate) -> _367_.Y
Presumably equivalent wires: _368_.A_gold (\_306_.B1_gold), _368_.A_gate (\_306_.B1_gate) -> _368_.A
Presumably equivalent wires: _368_.B_gold (\_368_.B_gold), _368_.B_gate (\_368_.B_gate) -> _368_.B
Presumably equivalent wires: _368_.Y_gold (\_369_.A2_gold), _368_.Y_gate (\_369_.A2_gate) -> _368_.Y
Presumably equivalent wires: _369_.A1_gold (\_308_.B_gold), _369_.A1_gate (\_308_.B_gate) -> _369_.A1
Presumably equivalent wires: _369_.A2_gold (\_369_.A2_gold), _369_.A2_gate (\_369_.A2_gate) -> _369_.A2
Presumably equivalent wires: _369_.B1_gold (\_446_.IQ_gold), _369_.B1_gate (\_446_.IQ_gate) -> _369_.B1
Presumably equivalent wires: _369_.Y_gold (\_371_.B1_gold), _369_.Y_gate (\_371_.B1_gate) -> _369_.Y
Presumably equivalent wires: _370_.A1_gold (\_254_.B_gold), _370_.A1_gate (\_254_.B_gate) -> _370_.A1
Presumably equivalent wires: _370_.A2_gold (\_314_.C_gold), _370_.A2_gate (\_314_.C_gate) -> _370_.A2
Presumably equivalent wires: _370_.B1_gold (\_332_.B_gold), _370_.B1_gate (\_332_.B_gate) -> _370_.B1
Presumably equivalent wires: _370_.Y_gold (\_371_.A2_gold), _370_.Y_gate (\_371_.A2_gate) -> _370_.Y
Presumably equivalent wires: _371_.A1_gold (\_306_.B1_gold), _371_.A1_gate (\_306_.B1_gate) -> _371_.A1
Presumably equivalent wires: _371_.A2_gold (\_371_.A2_gold), _371_.A2_gate (\_371_.A2_gate) -> _371_.A2
Presumably equivalent wires: _371_.B1_gold (\_371_.B1_gold), _371_.B1_gate (\_371_.B1_gate) -> _371_.B1
Presumably equivalent wires: _371_.Y_gold (\_446_.D_gold), _371_.Y_gate (\_446_.D_gate) -> _371_.Y
Presumably equivalent wires: _372_.A_gold (\_302_.A_gold), _372_.A_gate (\_302_.A_gate) -> _372_.A
Presumably equivalent wires: _372_.B_gold (\_266_.A_gold), _372_.B_gate (\_266_.A_gate) -> _372_.B
Presumably equivalent wires: _372_.X_gold (\_376_.C_gold), _372_.X_gate (\_376_.C_gate) -> _372_.X
Presumably equivalent wires: _373_.A_gold (\_302_.A_gold), _373_.A_gate (\_302_.A_gate) -> _373_.A
Presumably equivalent wires: _373_.B_gold (\_266_.A_gold), _373_.B_gate (\_266_.A_gate) -> _373_.B
Presumably equivalent wires: _373_.Y_gold (\_377_.C_gold), _373_.Y_gate (\_377_.C_gate) -> _373_.Y
Presumably equivalent wires: _374_.A_gold (\comp_gold), _374_.A_gate (\comp_gate) -> _374_.A
Presumably equivalent wires: _374_.B_gold (\_306_.B1_gold), _374_.B_gate (\_306_.B1_gate) -> _374_.B
Presumably equivalent wires: _374_.C_gold (\_254_.B_gold), _374_.C_gate (\_254_.B_gate) -> _374_.C
Presumably equivalent wires: _374_.X_gold (\_379_.D_gold), _374_.X_gate (\_379_.D_gate) -> _374_.X
Presumably equivalent wires: _375_.A_N_gold (\_254_.B_gold), _375_.A_N_gate (\_254_.B_gate) -> _375_.A_N
Presumably equivalent wires: _375_.B_gold (\_254_.A_gold), _375_.B_gate (\_254_.A_gate) -> _375_.B
Presumably equivalent wires: _375_.C_gold (\comp_gold), _375_.C_gate (\comp_gate) -> _375_.C
Presumably equivalent wires: _375_.Y_gold (\_398_.D_gold), _375_.Y_gate (\_398_.D_gate) -> _375_.Y
Presumably equivalent wires: _376_.A_gold (\_254_.B_gold), _376_.A_gate (\_254_.B_gate) -> _376_.A
Presumably equivalent wires: _376_.B_gold (\_376_.B_gold), _376_.B_gate (\_376_.B_gate) -> _376_.B
Presumably equivalent wires: _376_.C_gold (\_376_.C_gold), _376_.C_gate (\_376_.C_gate) -> _376_.C
Presumably equivalent wires: _376_.Y_gold (\_378_.A2_gold), _376_.Y_gate (\_378_.A2_gate) -> _376_.Y
Presumably equivalent wires: _377_.A_gold (\_254_.A_gold), _377_.A_gate (\_254_.A_gate) -> _377_.A
Presumably equivalent wires: _377_.B_gold (\_258_.B1_gold), _377_.B_gate (\_258_.B1_gate) -> _377_.B
Presumably equivalent wires: _377_.C_gold (\_377_.C_gold), _377_.C_gate (\_377_.C_gate) -> _377_.C
Presumably equivalent wires: _377_.Y_gold (\_378_.B1_gold), _377_.Y_gate (\_378_.B1_gate) -> _377_.Y
Presumably equivalent wires: _378_.A1_gold (\_378_.A1_gold), _378_.A1_gate (\_378_.A1_gate) -> _378_.A1
Presumably equivalent wires: _378_.A2_gold (\_378_.A2_gold), _378_.A2_gate (\_378_.A2_gate) -> _378_.A2
Presumably equivalent wires: _378_.B1_gold (\_378_.B1_gold), _378_.B1_gate (\_378_.B1_gate) -> _378_.B1
Presumably equivalent wires: _378_.Y_gold (\_447_.D_gold), _378_.Y_gate (\_447_.D_gate) -> _378_.Y
Presumably equivalent wires: _379_.A_gold (\_376_.B_gold), _379_.A_gate (\_376_.B_gate) -> _379_.A
Presumably equivalent wires: _379_.B_gold (\_327_.B_gold), _379_.B_gate (\_327_.B_gate) -> _379_.B
Presumably equivalent wires: _379_.C_gold (\_376_.C_gold), _379_.C_gate (\_376_.C_gate) -> _379_.C
Presumably equivalent wires: _379_.D_gold (\_379_.D_gold), _379_.D_gate (\_379_.D_gate) -> _379_.D
Presumably equivalent wires: _379_.Y_gold (\_380_.A2_gold), _379_.Y_gate (\_380_.A2_gate) -> _379_.Y
Presumably equivalent wires: _380_.A1_gold (\_380_.A1_gold), _380_.A1_gate (\_380_.A1_gate) -> _380_.A1
Presumably equivalent wires: _380_.A2_gold (\_380_.A2_gold), _380_.A2_gate (\_380_.A2_gate) -> _380_.A2
Presumably equivalent wires: _380_.B1_gold (\_378_.B1_gold), _380_.B1_gate (\_378_.B1_gate) -> _380_.B1
Presumably equivalent wires: _380_.Y_gold (\_448_.D_gold), _380_.Y_gate (\_448_.D_gate) -> _380_.Y
Presumably equivalent wires: _381_.A_gold (\_376_.B_gold), _381_.A_gate (\_376_.B_gate) -> _381_.A
Presumably equivalent wires: _381_.B_gold (\_335_.B_gold), _381_.B_gate (\_335_.B_gate) -> _381_.B
Presumably equivalent wires: _381_.C_gold (\_376_.C_gold), _381_.C_gate (\_376_.C_gate) -> _381_.C
Presumably equivalent wires: _381_.D_gold (\_379_.D_gold), _381_.D_gate (\_379_.D_gate) -> _381_.D
Presumably equivalent wires: _381_.Y_gold (\_382_.A2_gold), _381_.Y_gate (\_382_.A2_gate) -> _381_.Y
Presumably equivalent wires: _382_.A1_gold (\_382_.A1_gold), _382_.A1_gate (\_382_.A1_gate) -> _382_.A1
Presumably equivalent wires: _382_.A2_gold (\_382_.A2_gold), _382_.A2_gate (\_382_.A2_gate) -> _382_.A2
Presumably equivalent wires: _382_.B1_gold (\_378_.B1_gold), _382_.B1_gate (\_378_.B1_gate) -> _382_.B1
Presumably equivalent wires: _382_.Y_gold (\_449_.D_gold), _382_.Y_gate (\_449_.D_gate) -> _382_.Y
Presumably equivalent wires: _383_.A_gold (\_376_.B_gold), _383_.A_gate (\_376_.B_gate) -> _383_.A
Presumably equivalent wires: _383_.B_gold (\_341_.B_gold), _383_.B_gate (\_341_.B_gate) -> _383_.B
Presumably equivalent wires: _383_.C_gold (\_376_.C_gold), _383_.C_gate (\_376_.C_gate) -> _383_.C
Presumably equivalent wires: _383_.D_gold (\_379_.D_gold), _383_.D_gate (\_379_.D_gate) -> _383_.D
Presumably equivalent wires: _383_.Y_gold (\_384_.A2_gold), _383_.Y_gate (\_384_.A2_gate) -> _383_.Y
Presumably equivalent wires: _384_.A1_gold (\_384_.A1_gold), _384_.A1_gate (\_384_.A1_gate) -> _384_.A1
Presumably equivalent wires: _384_.A2_gold (\_384_.A2_gold), _384_.A2_gate (\_384_.A2_gate) -> _384_.A2
Presumably equivalent wires: _384_.B1_gold (\_378_.B1_gold), _384_.B1_gate (\_378_.B1_gate) -> _384_.B1
Presumably equivalent wires: _384_.Y_gold (\_450_.D_gold), _384_.Y_gate (\_450_.D_gate) -> _384_.Y
Presumably equivalent wires: _385_.A_gold (\_376_.B_gold), _385_.A_gate (\_376_.B_gate) -> _385_.A
Presumably equivalent wires: _385_.B_gold (\_346_.B_gold), _385_.B_gate (\_346_.B_gate) -> _385_.B
Presumably equivalent wires: _385_.C_gold (\_376_.C_gold), _385_.C_gate (\_376_.C_gate) -> _385_.C
Presumably equivalent wires: _385_.D_gold (\_379_.D_gold), _385_.D_gate (\_379_.D_gate) -> _385_.D
Presumably equivalent wires: _385_.Y_gold (\_386_.A2_gold), _385_.Y_gate (\_386_.A2_gate) -> _385_.Y
Presumably equivalent wires: _386_.A1_gold (\_386_.A1_gold), _386_.A1_gate (\_386_.A1_gate) -> _386_.A1
Presumably equivalent wires: _386_.A2_gold (\_386_.A2_gold), _386_.A2_gate (\_386_.A2_gate) -> _386_.A2
Presumably equivalent wires: _386_.B1_gold (\_378_.B1_gold), _386_.B1_gate (\_378_.B1_gate) -> _386_.B1
Presumably equivalent wires: _386_.Y_gold (\_451_.D_gold), _386_.Y_gate (\_451_.D_gate) -> _386_.Y
Presumably equivalent wires: _387_.A_gold (\_376_.B_gold), _387_.A_gate (\_376_.B_gate) -> _387_.A
Presumably equivalent wires: _387_.B_gold (\_351_.B_gold), _387_.B_gate (\_351_.B_gate) -> _387_.B
Presumably equivalent wires: _387_.C_gold (\_376_.C_gold), _387_.C_gate (\_376_.C_gate) -> _387_.C
Presumably equivalent wires: _387_.D_gold (\_379_.D_gold), _387_.D_gate (\_379_.D_gate) -> _387_.D
Presumably equivalent wires: _387_.Y_gold (\_388_.A2_gold), _387_.Y_gate (\_388_.A2_gate) -> _387_.Y
Presumably equivalent wires: _388_.A1_gold (\_388_.A1_gold), _388_.A1_gate (\_388_.A1_gate) -> _388_.A1
Presumably equivalent wires: _388_.A2_gold (\_388_.A2_gold), _388_.A2_gate (\_388_.A2_gate) -> _388_.A2
Presumably equivalent wires: _388_.B1_gold (\_378_.B1_gold), _388_.B1_gate (\_378_.B1_gate) -> _388_.B1
Presumably equivalent wires: _388_.Y_gold (\_452_.D_gold), _388_.Y_gate (\_452_.D_gate) -> _388_.Y
Presumably equivalent wires: _389_.A_gold (\_376_.B_gold), _389_.A_gate (\_376_.B_gate) -> _389_.A
Presumably equivalent wires: _389_.B_gold (\_356_.B_gold), _389_.B_gate (\_356_.B_gate) -> _389_.B
Presumably equivalent wires: _389_.C_gold (\_376_.C_gold), _389_.C_gate (\_376_.C_gate) -> _389_.C
Presumably equivalent wires: _389_.D_gold (\_379_.D_gold), _389_.D_gate (\_379_.D_gate) -> _389_.D
Presumably equivalent wires: _389_.Y_gold (\_390_.A2_gold), _389_.Y_gate (\_390_.A2_gate) -> _389_.Y
Presumably equivalent wires: _390_.A1_gold (\_390_.A1_gold), _390_.A1_gate (\_390_.A1_gate) -> _390_.A1
Presumably equivalent wires: _390_.A2_gold (\_390_.A2_gold), _390_.A2_gate (\_390_.A2_gate) -> _390_.A2
Presumably equivalent wires: _390_.B1_gold (\_378_.B1_gold), _390_.B1_gate (\_378_.B1_gate) -> _390_.B1
Presumably equivalent wires: _390_.Y_gold (\_453_.D_gold), _390_.Y_gate (\_453_.D_gate) -> _390_.Y
Presumably equivalent wires: _391_.A_gold (\_376_.B_gold), _391_.A_gate (\_376_.B_gate) -> _391_.A
Presumably equivalent wires: _391_.B_gold (\_360_.B_gold), _391_.B_gate (\_360_.B_gate) -> _391_.B
Presumably equivalent wires: _391_.C_gold (\_376_.C_gold), _391_.C_gate (\_376_.C_gate) -> _391_.C
Presumably equivalent wires: _391_.D_gold (\_379_.D_gold), _391_.D_gate (\_379_.D_gate) -> _391_.D
Presumably equivalent wires: _391_.Y_gold (\_392_.A2_gold), _391_.Y_gate (\_392_.A2_gate) -> _391_.Y
Presumably equivalent wires: _392_.A1_gold (\_392_.A1_gold), _392_.A1_gate (\_392_.A1_gate) -> _392_.A1
Presumably equivalent wires: _392_.A2_gold (\_392_.A2_gold), _392_.A2_gate (\_392_.A2_gate) -> _392_.A2
Presumably equivalent wires: _392_.B1_gold (\_378_.B1_gold), _392_.B1_gate (\_378_.B1_gate) -> _392_.B1
Presumably equivalent wires: _392_.Y_gold (\_454_.D_gold), _392_.Y_gate (\_454_.D_gate) -> _392_.Y
Presumably equivalent wires: _393_.A_gold (\_376_.B_gold), _393_.A_gate (\_376_.B_gate) -> _393_.A
Presumably equivalent wires: _393_.B_gold (\_364_.B_gold), _393_.B_gate (\_364_.B_gate) -> _393_.B
Presumably equivalent wires: _393_.C_gold (\_376_.C_gold), _393_.C_gate (\_376_.C_gate) -> _393_.C
Presumably equivalent wires: _393_.D_gold (\_379_.D_gold), _393_.D_gate (\_379_.D_gate) -> _393_.D
Presumably equivalent wires: _393_.Y_gold (\_394_.A2_gold), _393_.Y_gate (\_394_.A2_gate) -> _393_.Y
Presumably equivalent wires: _394_.A1_gold (\_394_.A1_gold), _394_.A1_gate (\_394_.A1_gate) -> _394_.A1
Presumably equivalent wires: _394_.A2_gold (\_394_.A2_gold), _394_.A2_gate (\_394_.A2_gate) -> _394_.A2
Presumably equivalent wires: _394_.B1_gold (\_378_.B1_gold), _394_.B1_gate (\_378_.B1_gate) -> _394_.B1
Presumably equivalent wires: _394_.Y_gold (\_455_.D_gold), _394_.Y_gate (\_455_.D_gate) -> _394_.Y
Presumably equivalent wires: _395_.A_gold (\_376_.B_gold), _395_.A_gate (\_376_.B_gate) -> _395_.A
Presumably equivalent wires: _395_.B_gold (\_368_.B_gold), _395_.B_gate (\_368_.B_gate) -> _395_.B
Presumably equivalent wires: _395_.C_gold (\_376_.C_gold), _395_.C_gate (\_376_.C_gate) -> _395_.C
Presumably equivalent wires: _395_.D_gold (\_379_.D_gold), _395_.D_gate (\_379_.D_gate) -> _395_.D
Presumably equivalent wires: _395_.Y_gold (\_396_.A2_gold), _395_.Y_gate (\_396_.A2_gate) -> _395_.Y
Presumably equivalent wires: _396_.A1_gold (\_396_.A1_gold), _396_.A1_gate (\_396_.A1_gate) -> _396_.A1
Presumably equivalent wires: _396_.A2_gold (\_396_.A2_gold), _396_.A2_gate (\_396_.A2_gate) -> _396_.A2
Presumably equivalent wires: _396_.B1_gold (\_378_.B1_gold), _396_.B1_gate (\_378_.B1_gate) -> _396_.B1
Presumably equivalent wires: _396_.Y_gold (\_456_.D_gold), _396_.Y_gate (\_456_.D_gate) -> _396_.Y
Presumably equivalent wires: _397_.A1_gold (\_397_.A1_gold), _397_.A1_gate (\_397_.A1_gate) -> _397_.A1
Presumably equivalent wires: _397_.A2_gold (\_378_.A2_gold), _397_.A2_gate (\_378_.A2_gate) -> _397_.A2
Presumably equivalent wires: _397_.B1_gold (\_378_.B1_gold), _397_.B1_gate (\_378_.B1_gate) -> _397_.B1
Presumably equivalent wires: _397_.Y_gold (\_457_.D_gold), _397_.Y_gate (\_457_.D_gate) -> _397_.Y
Presumably equivalent wires: _398_.A_gold (\_376_.B_gold), _398_.A_gate (\_376_.B_gate) -> _398_.A
Presumably equivalent wires: _398_.B_gold (\_327_.B_gold), _398_.B_gate (\_327_.B_gate) -> _398_.B
Presumably equivalent wires: _398_.C_gold (\_376_.C_gold), _398_.C_gate (\_376_.C_gate) -> _398_.C
Presumably equivalent wires: _398_.D_gold (\_398_.D_gold), _398_.D_gate (\_398_.D_gate) -> _398_.D
Presumably equivalent wires: _398_.Y_gold (\_399_.A2_gold), _398_.Y_gate (\_399_.A2_gate) -> _398_.Y
Presumably equivalent wires: _399_.A1_gold (\_399_.A1_gold), _399_.A1_gate (\_399_.A1_gate) -> _399_.A1
Presumably equivalent wires: _399_.A2_gold (\_399_.A2_gold), _399_.A2_gate (\_399_.A2_gate) -> _399_.A2
Presumably equivalent wires: _399_.B1_gold (\_378_.B1_gold), _399_.B1_gate (\_378_.B1_gate) -> _399_.B1
Presumably equivalent wires: _399_.Y_gold (\_458_.D_gold), _399_.Y_gate (\_458_.D_gate) -> _399_.Y
Presumably equivalent wires: _400_.A_gold (\_376_.B_gold), _400_.A_gate (\_376_.B_gate) -> _400_.A
Presumably equivalent wires: _400_.B_gold (\_335_.B_gold), _400_.B_gate (\_335_.B_gate) -> _400_.B
Presumably equivalent wires: _400_.C_gold (\_376_.C_gold), _400_.C_gate (\_376_.C_gate) -> _400_.C
Presumably equivalent wires: _400_.D_gold (\_398_.D_gold), _400_.D_gate (\_398_.D_gate) -> _400_.D
Presumably equivalent wires: _400_.Y_gold (\_401_.A2_gold), _400_.Y_gate (\_401_.A2_gate) -> _400_.Y
Presumably equivalent wires: _401_.A1_gold (\_401_.A1_gold), _401_.A1_gate (\_401_.A1_gate) -> _401_.A1
Presumably equivalent wires: _401_.A2_gold (\_401_.A2_gold), _401_.A2_gate (\_401_.A2_gate) -> _401_.A2
Presumably equivalent wires: _401_.B1_gold (\_378_.B1_gold), _401_.B1_gate (\_378_.B1_gate) -> _401_.B1
Presumably equivalent wires: _401_.Y_gold (\_459_.D_gold), _401_.Y_gate (\_459_.D_gate) -> _401_.Y
Presumably equivalent wires: _402_.A_gold (\_376_.B_gold), _402_.A_gate (\_376_.B_gate) -> _402_.A
Presumably equivalent wires: _402_.B_gold (\_341_.B_gold), _402_.B_gate (\_341_.B_gate) -> _402_.B
Presumably equivalent wires: _402_.C_gold (\_376_.C_gold), _402_.C_gate (\_376_.C_gate) -> _402_.C
Presumably equivalent wires: _402_.D_gold (\_398_.D_gold), _402_.D_gate (\_398_.D_gate) -> _402_.D
Presumably equivalent wires: _402_.Y_gold (\_403_.A2_gold), _402_.Y_gate (\_403_.A2_gate) -> _402_.Y
Presumably equivalent wires: _403_.A1_gold (\_403_.A1_gold), _403_.A1_gate (\_403_.A1_gate) -> _403_.A1
Presumably equivalent wires: _403_.A2_gold (\_403_.A2_gold), _403_.A2_gate (\_403_.A2_gate) -> _403_.A2
Presumably equivalent wires: _403_.B1_gold (\_378_.B1_gold), _403_.B1_gate (\_378_.B1_gate) -> _403_.B1
Presumably equivalent wires: _403_.Y_gold (\_460_.D_gold), _403_.Y_gate (\_460_.D_gate) -> _403_.Y
Presumably equivalent wires: _404_.A_gold (\_376_.B_gold), _404_.A_gate (\_376_.B_gate) -> _404_.A
Presumably equivalent wires: _404_.B_gold (\_346_.B_gold), _404_.B_gate (\_346_.B_gate) -> _404_.B
Presumably equivalent wires: _404_.C_gold (\_376_.C_gold), _404_.C_gate (\_376_.C_gate) -> _404_.C
Presumably equivalent wires: _404_.D_gold (\_398_.D_gold), _404_.D_gate (\_398_.D_gate) -> _404_.D
Presumably equivalent wires: _404_.Y_gold (\_405_.A2_gold), _404_.Y_gate (\_405_.A2_gate) -> _404_.Y
Presumably equivalent wires: _405_.A1_gold (\_405_.A1_gold), _405_.A1_gate (\_405_.A1_gate) -> _405_.A1
Presumably equivalent wires: _405_.A2_gold (\_405_.A2_gold), _405_.A2_gate (\_405_.A2_gate) -> _405_.A2
Presumably equivalent wires: _405_.B1_gold (\_378_.B1_gold), _405_.B1_gate (\_378_.B1_gate) -> _405_.B1
Presumably equivalent wires: _405_.Y_gold (\_461_.D_gold), _405_.Y_gate (\_461_.D_gate) -> _405_.Y
Presumably equivalent wires: _406_.A_gold (\_376_.B_gold), _406_.A_gate (\_376_.B_gate) -> _406_.A
Presumably equivalent wires: _406_.B_gold (\_351_.B_gold), _406_.B_gate (\_351_.B_gate) -> _406_.B
Presumably equivalent wires: _406_.C_gold (\_376_.C_gold), _406_.C_gate (\_376_.C_gate) -> _406_.C
Presumably equivalent wires: _406_.D_gold (\_398_.D_gold), _406_.D_gate (\_398_.D_gate) -> _406_.D
Presumably equivalent wires: _406_.Y_gold (\_407_.A2_gold), _406_.Y_gate (\_407_.A2_gate) -> _406_.Y
Presumably equivalent wires: _407_.A1_gold (\_407_.A1_gold), _407_.A1_gate (\_407_.A1_gate) -> _407_.A1
Presumably equivalent wires: _407_.A2_gold (\_407_.A2_gold), _407_.A2_gate (\_407_.A2_gate) -> _407_.A2
Presumably equivalent wires: _407_.B1_gold (\_378_.B1_gold), _407_.B1_gate (\_378_.B1_gate) -> _407_.B1
Presumably equivalent wires: _407_.Y_gold (\_462_.D_gold), _407_.Y_gate (\_462_.D_gate) -> _407_.Y
Presumably equivalent wires: _408_.A_gold (\_376_.B_gold), _408_.A_gate (\_376_.B_gate) -> _408_.A
Presumably equivalent wires: _408_.B_gold (\_356_.B_gold), _408_.B_gate (\_356_.B_gate) -> _408_.B
Presumably equivalent wires: _408_.C_gold (\_376_.C_gold), _408_.C_gate (\_376_.C_gate) -> _408_.C
Presumably equivalent wires: _408_.D_gold (\_398_.D_gold), _408_.D_gate (\_398_.D_gate) -> _408_.D
Presumably equivalent wires: _408_.Y_gold (\_409_.A2_gold), _408_.Y_gate (\_409_.A2_gate) -> _408_.Y
Presumably equivalent wires: _409_.A1_gold (\_409_.A1_gold), _409_.A1_gate (\_409_.A1_gate) -> _409_.A1
Presumably equivalent wires: _409_.A2_gold (\_409_.A2_gold), _409_.A2_gate (\_409_.A2_gate) -> _409_.A2
Presumably equivalent wires: _409_.B1_gold (\_378_.B1_gold), _409_.B1_gate (\_378_.B1_gate) -> _409_.B1
Presumably equivalent wires: _409_.Y_gold (\_463_.D_gold), _409_.Y_gate (\_463_.D_gate) -> _409_.Y
Presumably equivalent wires: _410_.A_gold (\_376_.B_gold), _410_.A_gate (\_376_.B_gate) -> _410_.A
Presumably equivalent wires: _410_.B_gold (\_360_.B_gold), _410_.B_gate (\_360_.B_gate) -> _410_.B
Presumably equivalent wires: _410_.C_gold (\_376_.C_gold), _410_.C_gate (\_376_.C_gate) -> _410_.C
Presumably equivalent wires: _410_.D_gold (\_398_.D_gold), _410_.D_gate (\_398_.D_gate) -> _410_.D
Presumably equivalent wires: _410_.Y_gold (\_411_.A2_gold), _410_.Y_gate (\_411_.A2_gate) -> _410_.Y
Presumably equivalent wires: _411_.A1_gold (\_411_.A1_gold), _411_.A1_gate (\_411_.A1_gate) -> _411_.A1
Presumably equivalent wires: _411_.A2_gold (\_411_.A2_gold), _411_.A2_gate (\_411_.A2_gate) -> _411_.A2
Presumably equivalent wires: _411_.B1_gold (\_378_.B1_gold), _411_.B1_gate (\_378_.B1_gate) -> _411_.B1
Presumably equivalent wires: _411_.Y_gold (\_464_.D_gold), _411_.Y_gate (\_464_.D_gate) -> _411_.Y
Presumably equivalent wires: _412_.A_gold (\_376_.B_gold), _412_.A_gate (\_376_.B_gate) -> _412_.A
Presumably equivalent wires: _412_.B_gold (\_364_.B_gold), _412_.B_gate (\_364_.B_gate) -> _412_.B
Presumably equivalent wires: _412_.C_gold (\_376_.C_gold), _412_.C_gate (\_376_.C_gate) -> _412_.C
Presumably equivalent wires: _412_.D_gold (\_398_.D_gold), _412_.D_gate (\_398_.D_gate) -> _412_.D
Presumably equivalent wires: _412_.Y_gold (\_413_.A2_gold), _412_.Y_gate (\_413_.A2_gate) -> _412_.Y
Presumably equivalent wires: _413_.A1_gold (\_413_.A1_gold), _413_.A1_gate (\_413_.A1_gate) -> _413_.A1
Presumably equivalent wires: _413_.A2_gold (\_413_.A2_gold), _413_.A2_gate (\_413_.A2_gate) -> _413_.A2
Presumably equivalent wires: _413_.B1_gold (\_378_.B1_gold), _413_.B1_gate (\_378_.B1_gate) -> _413_.B1
Presumably equivalent wires: _413_.Y_gold (\_465_.D_gold), _413_.Y_gate (\_465_.D_gate) -> _413_.Y
Presumably equivalent wires: _414_.A_gold (\_376_.B_gold), _414_.A_gate (\_376_.B_gate) -> _414_.A
Presumably equivalent wires: _414_.B_gold (\_368_.B_gold), _414_.B_gate (\_368_.B_gate) -> _414_.B
Presumably equivalent wires: _414_.C_gold (\_376_.C_gold), _414_.C_gate (\_376_.C_gate) -> _414_.C
Presumably equivalent wires: _414_.D_gold (\_398_.D_gold), _414_.D_gate (\_398_.D_gate) -> _414_.D
Presumably equivalent wires: _414_.Y_gold (\_415_.A2_gold), _414_.Y_gate (\_415_.A2_gate) -> _414_.Y
Presumably equivalent wires: _415_.A1_gold (\_415_.A1_gold), _415_.A1_gate (\_415_.A1_gate) -> _415_.A1
Presumably equivalent wires: _415_.A2_gold (\_415_.A2_gold), _415_.A2_gate (\_415_.A2_gate) -> _415_.A2
Presumably equivalent wires: _415_.B1_gold (\_378_.B1_gold), _415_.B1_gate (\_378_.B1_gate) -> _415_.B1
Presumably equivalent wires: _415_.Y_gold (\_466_.D_gold), _415_.Y_gate (\_466_.D_gate) -> _415_.Y
Presumably equivalent wires: _416_.A_gold (\start_gold), _416_.A_gate (\start_gate) -> _416_.A
Presumably equivalent wires: _416_.B_gold (\_256_.B_gold), _416_.B_gate (\_256_.B_gate) -> _416_.B
Presumably equivalent wires: _416_.Y_gold (\_419_.A_gold), _416_.Y_gate (\_419_.A_gate) -> _416_.Y
Presumably equivalent wires: _417_.A_gold (\_246_.B_gold), _417_.A_gate (\_246_.B_gate) -> _417_.A
Presumably equivalent wires: _417_.B_gold (\_306_.B1_gold), _417_.B_gate (\_306_.B1_gate) -> _417_.B
Presumably equivalent wires: _417_.C_gold (\_298_.A1_gold), _417_.C_gate (\_298_.A1_gate) -> _417_.C
Presumably equivalent wires: _417_.Y_gold (\_418_.B_gold), _417_.Y_gate (\_418_.B_gate) -> _417_.Y
Presumably equivalent wires: _418_.A_gold (\_467_.IQ_gold), _418_.A_gate (\_467_.IQ_gate) -> _418_.A
Presumably equivalent wires: _418_.B_gold (\_418_.B_gold), _418_.B_gate (\_418_.B_gate) -> _418_.B
Presumably equivalent wires: _418_.Y_gold (\_419_.B_gold), _418_.Y_gate (\_419_.B_gate) -> _418_.Y
Presumably equivalent wires: _419_.A_gold (\_419_.A_gold), _419_.A_gate (\_419_.A_gate) -> _419_.A
Presumably equivalent wires: _419_.B_gold (\_419_.B_gold), _419_.B_gate (\_419_.B_gate) -> _419_.B
Presumably equivalent wires: _419_.Y_gold (\_467_.D_gold), _419_.Y_gate (\_467_.D_gate) -> _419_.Y
Presumably equivalent wires: _420_.A1_gold (\_254_.A_gold), _420_.A1_gate (\_254_.A_gate) -> _420_.A1
Presumably equivalent wires: _420_.A2_gold (\_377_.C_gold), _420_.A2_gate (\_377_.C_gate) -> _420_.A2
Presumably equivalent wires: _420_.B1_gold (\_469_.IQ_gold), _420_.B1_gate (\_469_.IQ_gate) -> _420_.B1
Presumably equivalent wires: _420_.Y_gold (\_421_.C_gold), _420_.Y_gate (\_421_.C_gate) -> _420_.Y
Presumably equivalent wires: _421_.A_gold (\_283_.B1_gold), _421_.A_gate (\_283_.B1_gate) -> _421_.A
Presumably equivalent wires: _421_.B_gold (\_419_.A_gold), _421_.B_gate (\_419_.A_gate) -> _421_.B
Presumably equivalent wires: _421_.C_gold (\_421_.C_gold), _421_.C_gate (\_421_.C_gate) -> _421_.C
Presumably equivalent wires: _421_.Y_gold (\_469_.D_gold), _421_.Y_gate (\_469_.D_gate) -> _421_.Y
Presumably equivalent wires: _422_.CLK_gold (\clk_gold), _422_.CLK_gate (\clk_gate) -> _422_.CLK
Presumably equivalent wires: _422_.D_gold (\_422_.D_gold), _422_.D_gate (\_422_.D_gate) -> _422_.D
Presumably equivalent wires: _422_.IQ_gold (\_422_.IQ_gold), _422_.IQ_gate (\_422_.IQ_gate) -> _422_.IQ
Presumably equivalent wires: _422_.Q_gold (\_422_.IQ_gold), _422_.Q_gate (\_422_.IQ_gate) -> _422_.Q
Presumably equivalent wires: _422_.RESET_B_gold (\rst_n_gold), _422_.RESET_B_gate (\rst_n_gate) -> _422_.RESET_B
Presumably equivalent wires: _423_.CLK_gold (\clk_gold), _423_.CLK_gate (\clk_gate) -> _423_.CLK
Presumably equivalent wires: _423_.D_gold (\_423_.D_gold), _423_.D_gate (\_423_.D_gate) -> _423_.D
Presumably equivalent wires: _423_.IQ_gold (\_423_.IQ_gold), _423_.IQ_gate (\_423_.IQ_gate) -> _423_.IQ
Presumably equivalent wires: _423_.Q_gold (\_423_.IQ_gold), _423_.Q_gate (\_423_.IQ_gate) -> _423_.Q
Presumably equivalent wires: _423_.RESET_B_gold (\rst_n_gold), _423_.RESET_B_gate (\rst_n_gate) -> _423_.RESET_B
Presumably equivalent wires: _424_.CLK_gold (\clk_gold), _424_.CLK_gate (\clk_gate) -> _424_.CLK
Presumably equivalent wires: _424_.D_gold (\_424_.D_gold), _424_.D_gate (\_424_.D_gate) -> _424_.D
Presumably equivalent wires: _424_.IQ_gold (\_424_.IQ_gold), _424_.IQ_gate (\_424_.IQ_gate) -> _424_.IQ
Presumably equivalent wires: _424_.Q_gold (\_424_.IQ_gold), _424_.Q_gate (\_424_.IQ_gate) -> _424_.Q
Presumably equivalent wires: _424_.RESET_B_gold (\rst_n_gold), _424_.RESET_B_gate (\rst_n_gate) -> _424_.RESET_B
Presumably equivalent wires: _425_.CLK_gold (\clk_gold), _425_.CLK_gate (\clk_gate) -> _425_.CLK
Presumably equivalent wires: _425_.D_gold (\_425_.D_gold), _425_.D_gate (\_425_.D_gate) -> _425_.D
Presumably equivalent wires: _425_.IQ_gold (\_425_.IQ_gold), _425_.IQ_gate (\_425_.IQ_gate) -> _425_.IQ
Presumably equivalent wires: _425_.Q_gold (\_425_.IQ_gold), _425_.Q_gate (\_425_.IQ_gate) -> _425_.Q
Presumably equivalent wires: _425_.RESET_B_gold (\rst_n_gold), _425_.RESET_B_gate (\rst_n_gate) -> _425_.RESET_B
Presumably equivalent wires: _426_.CLK_gold (\clk_gold), _426_.CLK_gate (\clk_gate) -> _426_.CLK
Presumably equivalent wires: _426_.D_gold (\_426_.D_gold), _426_.D_gate (\_426_.D_gate) -> _426_.D
Presumably equivalent wires: _426_.IQ_gold (\_426_.IQ_gold), _426_.IQ_gate (\_426_.IQ_gate) -> _426_.IQ
Presumably equivalent wires: _426_.Q_gold (\_426_.IQ_gold), _426_.Q_gate (\_426_.IQ_gate) -> _426_.Q
Presumably equivalent wires: _426_.RESET_B_gold (\rst_n_gold), _426_.RESET_B_gate (\rst_n_gate) -> _426_.RESET_B
Presumably equivalent wires: _427_.CLK_gold (\clk_gold), _427_.CLK_gate (\clk_gate) -> _427_.CLK
Presumably equivalent wires: _427_.D_gold (\_427_.D_gold), _427_.D_gate (\_427_.D_gate) -> _427_.D
Presumably equivalent wires: _427_.IQ_gold (\_427_.IQ_gold), _427_.IQ_gate (\_427_.IQ_gate) -> _427_.IQ
Presumably equivalent wires: _427_.Q_gold (\_427_.IQ_gold), _427_.Q_gate (\_427_.IQ_gate) -> _427_.Q
Presumably equivalent wires: _427_.RESET_B_gold (\rst_n_gold), _427_.RESET_B_gate (\rst_n_gate) -> _427_.RESET_B
Presumably equivalent wires: _428_.CLK_gold (\clk_gold), _428_.CLK_gate (\clk_gate) -> _428_.CLK
Presumably equivalent wires: _428_.D_gold (\_428_.D_gold), _428_.D_gate (\_428_.D_gate) -> _428_.D
Presumably equivalent wires: _428_.IQ_gold (\_428_.IQ_gold), _428_.IQ_gate (\_428_.IQ_gate) -> _428_.IQ
Presumably equivalent wires: _428_.Q_gold (\_428_.IQ_gold), _428_.Q_gate (\_428_.IQ_gate) -> _428_.Q
Presumably equivalent wires: _428_.RESET_B_gold (\rst_n_gold), _428_.RESET_B_gate (\rst_n_gate) -> _428_.RESET_B
Presumably equivalent wires: _429_.CLK_gold (\clk_gold), _429_.CLK_gate (\clk_gate) -> _429_.CLK
Presumably equivalent wires: _429_.D_gold (\_429_.D_gold), _429_.D_gate (\_429_.D_gate) -> _429_.D
Presumably equivalent wires: _429_.IQ_gold (\_429_.IQ_gold), _429_.IQ_gate (\_429_.IQ_gate) -> _429_.IQ
Presumably equivalent wires: _429_.Q_gold (\_429_.IQ_gold), _429_.Q_gate (\_429_.IQ_gate) -> _429_.Q
Presumably equivalent wires: _429_.RESET_B_gold (\rst_n_gold), _429_.RESET_B_gate (\rst_n_gate) -> _429_.RESET_B
Presumably equivalent wires: _430_.CLK_gold (\clk_gold), _430_.CLK_gate (\clk_gate) -> _430_.CLK
Presumably equivalent wires: _430_.D_gold (\_430_.D_gold), _430_.D_gate (\_430_.D_gate) -> _430_.D
Presumably equivalent wires: _430_.IQ_gold (\_430_.IQ_gold), _430_.IQ_gate (\_430_.IQ_gate) -> _430_.IQ
Presumably equivalent wires: _430_.Q_gold (\_430_.IQ_gold), _430_.Q_gate (\_430_.IQ_gate) -> _430_.Q
Presumably equivalent wires: _430_.RESET_B_gold (\rst_n_gold), _430_.RESET_B_gate (\rst_n_gate) -> _430_.RESET_B
Presumably equivalent wires: _431_.CLK_gold (\clk_gold), _431_.CLK_gate (\clk_gate) -> _431_.CLK
Presumably equivalent wires: _431_.D_gold (\_431_.D_gold), _431_.D_gate (\_431_.D_gate) -> _431_.D
Presumably equivalent wires: _431_.IQ_gold (\_431_.IQ_gold), _431_.IQ_gate (\_431_.IQ_gate) -> _431_.IQ
Presumably equivalent wires: _431_.Q_gold (\_431_.IQ_gold), _431_.Q_gate (\_431_.IQ_gate) -> _431_.Q
Presumably equivalent wires: _431_.RESET_B_gold (\rst_n_gold), _431_.RESET_B_gate (\rst_n_gate) -> _431_.RESET_B
Presumably equivalent wires: _432_.CLK_gold (\clk_gold), _432_.CLK_gate (\clk_gate) -> _432_.CLK
Presumably equivalent wires: _432_.D_gold (\_432_.D_gold), _432_.D_gate (\_432_.D_gate) -> _432_.D
Presumably equivalent wires: _432_.IQ_gold (\_432_.IQ_gold), _432_.IQ_gate (\_432_.IQ_gate) -> _432_.IQ
Presumably equivalent wires: _432_.Q_gold (\_432_.IQ_gold), _432_.Q_gate (\_432_.IQ_gate) -> _432_.Q
Presumably equivalent wires: _432_.RESET_B_gold (\rst_n_gold), _432_.RESET_B_gate (\rst_n_gate) -> _432_.RESET_B
Presumably equivalent wires: _433_.CLK_gold (\clk_gold), _433_.CLK_gate (\clk_gate) -> _433_.CLK
Presumably equivalent wires: _433_.D_gold (\_433_.D_gold), _433_.D_gate (\_433_.D_gate) -> _433_.D
Presumably equivalent wires: _433_.IQ_gold (\_433_.IQ_gold), _433_.IQ_gate (\_433_.IQ_gate) -> _433_.IQ
Presumably equivalent wires: _433_.Q_gold (\_433_.IQ_gold), _433_.Q_gate (\_433_.IQ_gate) -> _433_.Q
Presumably equivalent wires: _433_.RESET_B_gold (\rst_n_gold), _433_.RESET_B_gate (\rst_n_gate) -> _433_.RESET_B
Presumably equivalent wires: _434_.CLK_gold (\clk_gold), _434_.CLK_gate (\clk_gate) -> _434_.CLK
Presumably equivalent wires: _434_.D_gold (\_434_.D_gold), _434_.D_gate (\_434_.D_gate) -> _434_.D
Presumably equivalent wires: _434_.IQ_gold (\_434_.IQ_gold), _434_.IQ_gate (\_434_.IQ_gate) -> _434_.IQ
Presumably equivalent wires: _434_.Q_gold (\_434_.IQ_gold), _434_.Q_gate (\_434_.IQ_gate) -> _434_.Q
Presumably equivalent wires: _434_.RESET_B_gold (\rst_n_gold), _434_.RESET_B_gate (\rst_n_gate) -> _434_.RESET_B
Presumably equivalent wires: _435_.CLK_gold (\clk_gold), _435_.CLK_gate (\clk_gate) -> _435_.CLK
Presumably equivalent wires: _435_.D_gold (\_435_.D_gold), _435_.D_gate (\_435_.D_gate) -> _435_.D
Presumably equivalent wires: _435_.IQ_gold (\_435_.IQ_gold), _435_.IQ_gate (\_435_.IQ_gate) -> _435_.IQ
Presumably equivalent wires: _435_.Q_gold (\_435_.IQ_gold), _435_.Q_gate (\_435_.IQ_gate) -> _435_.Q
Presumably equivalent wires: _435_.RESET_B_gold (\rst_n_gold), _435_.RESET_B_gate (\rst_n_gate) -> _435_.RESET_B
Presumably equivalent wires: _436_.CLK_gold (\clk_gold), _436_.CLK_gate (\clk_gate) -> _436_.CLK
Presumably equivalent wires: _436_.D_gold (\_436_.D_gold), _436_.D_gate (\_436_.D_gate) -> _436_.D
Presumably equivalent wires: _436_.IQ_gold (\_436_.IQ_gold), _436_.IQ_gate (\_436_.IQ_gate) -> _436_.IQ
Presumably equivalent wires: _436_.Q_gold (\_436_.IQ_gold), _436_.Q_gate (\_436_.IQ_gate) -> _436_.Q
Presumably equivalent wires: _436_.RESET_B_gold (\rst_n_gold), _436_.RESET_B_gate (\rst_n_gate) -> _436_.RESET_B
Presumably equivalent wires: _437_.CLK_gold (\clk_gold), _437_.CLK_gate (\clk_gate) -> _437_.CLK
Presumably equivalent wires: _437_.D_gold (\_437_.D_gold), _437_.D_gate (\_437_.D_gate) -> _437_.D
Presumably equivalent wires: _437_.IQ_gold (\_437_.IQ_gold), _437_.IQ_gate (\_437_.IQ_gate) -> _437_.IQ
Presumably equivalent wires: _437_.Q_gold (\_437_.IQ_gold), _437_.Q_gate (\_437_.IQ_gate) -> _437_.Q
Presumably equivalent wires: _437_.RESET_B_gold (\rst_n_gold), _437_.RESET_B_gate (\rst_n_gate) -> _437_.RESET_B
Presumably equivalent wires: _438_.CLK_gold (\clk_gold), _438_.CLK_gate (\clk_gate) -> _438_.CLK
Presumably equivalent wires: _438_.D_gold (\_438_.D_gold), _438_.D_gate (\_438_.D_gate) -> _438_.D
Presumably equivalent wires: _438_.IQ_gold (\_438_.IQ_gold), _438_.IQ_gate (\_438_.IQ_gate) -> _438_.IQ
Presumably equivalent wires: _438_.Q_gold (\_438_.IQ_gold), _438_.Q_gate (\_438_.IQ_gate) -> _438_.Q
Presumably equivalent wires: _438_.RESET_B_gold (\rst_n_gold), _438_.RESET_B_gate (\rst_n_gate) -> _438_.RESET_B
Presumably equivalent wires: _439_.CLK_gold (\clk_gold), _439_.CLK_gate (\clk_gate) -> _439_.CLK
Presumably equivalent wires: _439_.D_gold (\_439_.D_gold), _439_.D_gate (\_439_.D_gate) -> _439_.D
Presumably equivalent wires: _439_.IQ_gold (\_439_.IQ_gold), _439_.IQ_gate (\_439_.IQ_gate) -> _439_.IQ
Presumably equivalent wires: _439_.Q_gold (\_439_.IQ_gold), _439_.Q_gate (\_439_.IQ_gate) -> _439_.Q
Presumably equivalent wires: _439_.RESET_B_gold (\rst_n_gold), _439_.RESET_B_gate (\rst_n_gate) -> _439_.RESET_B
Presumably equivalent wires: _440_.CLK_gold (\clk_gold), _440_.CLK_gate (\clk_gate) -> _440_.CLK
Presumably equivalent wires: _440_.D_gold (\_440_.D_gold), _440_.D_gate (\_440_.D_gate) -> _440_.D
Presumably equivalent wires: _440_.IQ_gold (\_440_.IQ_gold), _440_.IQ_gate (\_440_.IQ_gate) -> _440_.IQ
Presumably equivalent wires: _440_.Q_gold (\_440_.IQ_gold), _440_.Q_gate (\_440_.IQ_gate) -> _440_.Q
Presumably equivalent wires: _440_.RESET_B_gold (\rst_n_gold), _440_.RESET_B_gate (\rst_n_gate) -> _440_.RESET_B
Presumably equivalent wires: _441_.CLK_gold (\clk_gold), _441_.CLK_gate (\clk_gate) -> _441_.CLK
Presumably equivalent wires: _441_.D_gold (\_441_.D_gold), _441_.D_gate (\_441_.D_gate) -> _441_.D
Presumably equivalent wires: _441_.IQ_gold (\_441_.IQ_gold), _441_.IQ_gate (\_441_.IQ_gate) -> _441_.IQ
Presumably equivalent wires: _441_.Q_gold (\_441_.IQ_gold), _441_.Q_gate (\_441_.IQ_gate) -> _441_.Q
Presumably equivalent wires: _441_.RESET_B_gold (\rst_n_gold), _441_.RESET_B_gate (\rst_n_gate) -> _441_.RESET_B
Presumably equivalent wires: _442_.CLK_gold (\clk_gold), _442_.CLK_gate (\clk_gate) -> _442_.CLK
Presumably equivalent wires: _442_.D_gold (\_442_.D_gold), _442_.D_gate (\_442_.D_gate) -> _442_.D
Presumably equivalent wires: _442_.IQ_gold (\_442_.IQ_gold), _442_.IQ_gate (\_442_.IQ_gate) -> _442_.IQ
Presumably equivalent wires: _442_.Q_gold (\_442_.IQ_gold), _442_.Q_gate (\_442_.IQ_gate) -> _442_.Q
Presumably equivalent wires: _442_.RESET_B_gold (\rst_n_gold), _442_.RESET_B_gate (\rst_n_gate) -> _442_.RESET_B
Presumably equivalent wires: _443_.CLK_gold (\clk_gold), _443_.CLK_gate (\clk_gate) -> _443_.CLK
Presumably equivalent wires: _443_.D_gold (\_443_.D_gold), _443_.D_gate (\_443_.D_gate) -> _443_.D
Presumably equivalent wires: _443_.IQ_gold (\_443_.IQ_gold), _443_.IQ_gate (\_443_.IQ_gate) -> _443_.IQ
Presumably equivalent wires: _443_.Q_gold (\_443_.IQ_gold), _443_.Q_gate (\_443_.IQ_gate) -> _443_.Q
Presumably equivalent wires: _443_.RESET_B_gold (\rst_n_gold), _443_.RESET_B_gate (\rst_n_gate) -> _443_.RESET_B
Presumably equivalent wires: _444_.CLK_gold (\clk_gold), _444_.CLK_gate (\clk_gate) -> _444_.CLK
Presumably equivalent wires: _444_.D_gold (\_444_.D_gold), _444_.D_gate (\_444_.D_gate) -> _444_.D
Presumably equivalent wires: _444_.IQ_gold (\_444_.IQ_gold), _444_.IQ_gate (\_444_.IQ_gate) -> _444_.IQ
Presumably equivalent wires: _444_.Q_gold (\_444_.IQ_gold), _444_.Q_gate (\_444_.IQ_gate) -> _444_.Q
Presumably equivalent wires: _444_.RESET_B_gold (\rst_n_gold), _444_.RESET_B_gate (\rst_n_gate) -> _444_.RESET_B
Presumably equivalent wires: _445_.CLK_gold (\clk_gold), _445_.CLK_gate (\clk_gate) -> _445_.CLK
Presumably equivalent wires: _445_.D_gold (\_445_.D_gold), _445_.D_gate (\_445_.D_gate) -> _445_.D
Presumably equivalent wires: _445_.IQ_gold (\_445_.IQ_gold), _445_.IQ_gate (\_445_.IQ_gate) -> _445_.IQ
Presumably equivalent wires: _445_.Q_gold (\_445_.IQ_gold), _445_.Q_gate (\_445_.IQ_gate) -> _445_.Q
Presumably equivalent wires: _445_.RESET_B_gold (\rst_n_gold), _445_.RESET_B_gate (\rst_n_gate) -> _445_.RESET_B
Presumably equivalent wires: _446_.CLK_gold (\clk_gold), _446_.CLK_gate (\clk_gate) -> _446_.CLK
Presumably equivalent wires: _446_.D_gold (\_446_.D_gold), _446_.D_gate (\_446_.D_gate) -> _446_.D
Presumably equivalent wires: _446_.IQ_gold (\_446_.IQ_gold), _446_.IQ_gate (\_446_.IQ_gate) -> _446_.IQ
Presumably equivalent wires: _446_.Q_gold (\_446_.IQ_gold), _446_.Q_gate (\_446_.IQ_gate) -> _446_.Q
Presumably equivalent wires: _446_.RESET_B_gold (\rst_n_gold), _446_.RESET_B_gate (\rst_n_gate) -> _446_.RESET_B
Presumably equivalent wires: _447_.CLK_gold (\clk_gold), _447_.CLK_gate (\clk_gate) -> _447_.CLK
Presumably equivalent wires: _447_.D_gold (\_447_.D_gold), _447_.D_gate (\_447_.D_gate) -> _447_.D
Presumably equivalent wires: _447_.IQ_gold (\_447_.IQ_gold), _447_.IQ_gate (\_447_.IQ_gate) -> _447_.IQ
Presumably equivalent wires: _447_.Q_gold (\_447_.IQ_gold), _447_.Q_gate (\_447_.IQ_gate) -> _447_.Q
Presumably equivalent wires: _447_.RESET_B_gold (\rst_n_gold), _447_.RESET_B_gate (\rst_n_gate) -> _447_.RESET_B
Presumably equivalent wires: _448_.CLK_gold (\clk_gold), _448_.CLK_gate (\clk_gate) -> _448_.CLK
Presumably equivalent wires: _448_.D_gold (\_448_.D_gold), _448_.D_gate (\_448_.D_gate) -> _448_.D
Presumably equivalent wires: _448_.IQ_gold (\_448_.IQ_gold), _448_.IQ_gate (\_448_.IQ_gate) -> _448_.IQ
Presumably equivalent wires: _448_.Q_gold (\_448_.IQ_gold), _448_.Q_gate (\_448_.IQ_gate) -> _448_.Q
Presumably equivalent wires: _448_.RESET_B_gold (\rst_n_gold), _448_.RESET_B_gate (\rst_n_gate) -> _448_.RESET_B
Presumably equivalent wires: _449_.CLK_gold (\clk_gold), _449_.CLK_gate (\clk_gate) -> _449_.CLK
Presumably equivalent wires: _449_.D_gold (\_449_.D_gold), _449_.D_gate (\_449_.D_gate) -> _449_.D
Presumably equivalent wires: _449_.IQ_gold (\_449_.IQ_gold), _449_.IQ_gate (\_449_.IQ_gate) -> _449_.IQ
Presumably equivalent wires: _449_.Q_gold (\_449_.IQ_gold), _449_.Q_gate (\_449_.IQ_gate) -> _449_.Q
Presumably equivalent wires: _449_.RESET_B_gold (\rst_n_gold), _449_.RESET_B_gate (\rst_n_gate) -> _449_.RESET_B
Presumably equivalent wires: _450_.CLK_gold (\clk_gold), _450_.CLK_gate (\clk_gate) -> _450_.CLK
Presumably equivalent wires: _450_.D_gold (\_450_.D_gold), _450_.D_gate (\_450_.D_gate) -> _450_.D
Presumably equivalent wires: _450_.IQ_gold (\_450_.IQ_gold), _450_.IQ_gate (\_450_.IQ_gate) -> _450_.IQ
Presumably equivalent wires: _450_.Q_gold (\_450_.IQ_gold), _450_.Q_gate (\_450_.IQ_gate) -> _450_.Q
Presumably equivalent wires: _450_.RESET_B_gold (\rst_n_gold), _450_.RESET_B_gate (\rst_n_gate) -> _450_.RESET_B
Presumably equivalent wires: _451_.CLK_gold (\clk_gold), _451_.CLK_gate (\clk_gate) -> _451_.CLK
Presumably equivalent wires: _451_.D_gold (\_451_.D_gold), _451_.D_gate (\_451_.D_gate) -> _451_.D
Presumably equivalent wires: _451_.IQ_gold (\_451_.IQ_gold), _451_.IQ_gate (\_451_.IQ_gate) -> _451_.IQ
Presumably equivalent wires: _451_.Q_gold (\_451_.IQ_gold), _451_.Q_gate (\_451_.IQ_gate) -> _451_.Q
Presumably equivalent wires: _451_.RESET_B_gold (\rst_n_gold), _451_.RESET_B_gate (\rst_n_gate) -> _451_.RESET_B
Presumably equivalent wires: _452_.CLK_gold (\clk_gold), _452_.CLK_gate (\clk_gate) -> _452_.CLK
Presumably equivalent wires: _452_.D_gold (\_452_.D_gold), _452_.D_gate (\_452_.D_gate) -> _452_.D
Presumably equivalent wires: _452_.IQ_gold (\_452_.IQ_gold), _452_.IQ_gate (\_452_.IQ_gate) -> _452_.IQ
Presumably equivalent wires: _452_.Q_gold (\_452_.IQ_gold), _452_.Q_gate (\_452_.IQ_gate) -> _452_.Q
Presumably equivalent wires: _452_.RESET_B_gold (\rst_n_gold), _452_.RESET_B_gate (\rst_n_gate) -> _452_.RESET_B
Presumably equivalent wires: _453_.CLK_gold (\clk_gold), _453_.CLK_gate (\clk_gate) -> _453_.CLK
Presumably equivalent wires: _453_.D_gold (\_453_.D_gold), _453_.D_gate (\_453_.D_gate) -> _453_.D
Presumably equivalent wires: _453_.IQ_gold (\_453_.IQ_gold), _453_.IQ_gate (\_453_.IQ_gate) -> _453_.IQ
Presumably equivalent wires: _453_.Q_gold (\_453_.IQ_gold), _453_.Q_gate (\_453_.IQ_gate) -> _453_.Q
Presumably equivalent wires: _453_.RESET_B_gold (\rst_n_gold), _453_.RESET_B_gate (\rst_n_gate) -> _453_.RESET_B
Presumably equivalent wires: _454_.CLK_gold (\clk_gold), _454_.CLK_gate (\clk_gate) -> _454_.CLK
Presumably equivalent wires: _454_.D_gold (\_454_.D_gold), _454_.D_gate (\_454_.D_gate) -> _454_.D
Presumably equivalent wires: _454_.IQ_gold (\_454_.IQ_gold), _454_.IQ_gate (\_454_.IQ_gate) -> _454_.IQ
Presumably equivalent wires: _454_.Q_gold (\_454_.IQ_gold), _454_.Q_gate (\_454_.IQ_gate) -> _454_.Q
Presumably equivalent wires: _454_.RESET_B_gold (\rst_n_gold), _454_.RESET_B_gate (\rst_n_gate) -> _454_.RESET_B
Presumably equivalent wires: _455_.CLK_gold (\clk_gold), _455_.CLK_gate (\clk_gate) -> _455_.CLK
Presumably equivalent wires: _455_.D_gold (\_455_.D_gold), _455_.D_gate (\_455_.D_gate) -> _455_.D
Presumably equivalent wires: _455_.IQ_gold (\_455_.IQ_gold), _455_.IQ_gate (\_455_.IQ_gate) -> _455_.IQ
Presumably equivalent wires: _455_.Q_gold (\_455_.IQ_gold), _455_.Q_gate (\_455_.IQ_gate) -> _455_.Q
Presumably equivalent wires: _455_.RESET_B_gold (\rst_n_gold), _455_.RESET_B_gate (\rst_n_gate) -> _455_.RESET_B
Presumably equivalent wires: _456_.CLK_gold (\clk_gold), _456_.CLK_gate (\clk_gate) -> _456_.CLK
Presumably equivalent wires: _456_.D_gold (\_456_.D_gold), _456_.D_gate (\_456_.D_gate) -> _456_.D
Presumably equivalent wires: _456_.IQ_gold (\_456_.IQ_gold), _456_.IQ_gate (\_456_.IQ_gate) -> _456_.IQ
Presumably equivalent wires: _456_.Q_gold (\_456_.IQ_gold), _456_.Q_gate (\_456_.IQ_gate) -> _456_.Q
Presumably equivalent wires: _456_.RESET_B_gold (\rst_n_gold), _456_.RESET_B_gate (\rst_n_gate) -> _456_.RESET_B
Presumably equivalent wires: _457_.CLK_gold (\clk_gold), _457_.CLK_gate (\clk_gate) -> _457_.CLK
Presumably equivalent wires: _457_.D_gold (\_457_.D_gold), _457_.D_gate (\_457_.D_gate) -> _457_.D
Presumably equivalent wires: _457_.IQ_gold (\_457_.IQ_gold), _457_.IQ_gate (\_457_.IQ_gate) -> _457_.IQ
Presumably equivalent wires: _457_.Q_gold (\_457_.IQ_gold), _457_.Q_gate (\_457_.IQ_gate) -> _457_.Q
Presumably equivalent wires: _457_.RESET_B_gold (\rst_n_gold), _457_.RESET_B_gate (\rst_n_gate) -> _457_.RESET_B
Presumably equivalent wires: _458_.CLK_gold (\clk_gold), _458_.CLK_gate (\clk_gate) -> _458_.CLK
Presumably equivalent wires: _458_.D_gold (\_458_.D_gold), _458_.D_gate (\_458_.D_gate) -> _458_.D
Presumably equivalent wires: _458_.IQ_gold (\_458_.IQ_gold), _458_.IQ_gate (\_458_.IQ_gate) -> _458_.IQ
Presumably equivalent wires: _458_.Q_gold (\_458_.IQ_gold), _458_.Q_gate (\_458_.IQ_gate) -> _458_.Q
Presumably equivalent wires: _458_.RESET_B_gold (\rst_n_gold), _458_.RESET_B_gate (\rst_n_gate) -> _458_.RESET_B
Presumably equivalent wires: _459_.CLK_gold (\clk_gold), _459_.CLK_gate (\clk_gate) -> _459_.CLK
Presumably equivalent wires: _459_.D_gold (\_459_.D_gold), _459_.D_gate (\_459_.D_gate) -> _459_.D
Presumably equivalent wires: _459_.IQ_gold (\_459_.IQ_gold), _459_.IQ_gate (\_459_.IQ_gate) -> _459_.IQ
Presumably equivalent wires: _459_.Q_gold (\_459_.IQ_gold), _459_.Q_gate (\_459_.IQ_gate) -> _459_.Q
Presumably equivalent wires: _459_.RESET_B_gold (\rst_n_gold), _459_.RESET_B_gate (\rst_n_gate) -> _459_.RESET_B
Presumably equivalent wires: _460_.CLK_gold (\clk_gold), _460_.CLK_gate (\clk_gate) -> _460_.CLK
Presumably equivalent wires: _460_.D_gold (\_460_.D_gold), _460_.D_gate (\_460_.D_gate) -> _460_.D
Presumably equivalent wires: _460_.IQ_gold (\_460_.IQ_gold), _460_.IQ_gate (\_460_.IQ_gate) -> _460_.IQ
Presumably equivalent wires: _460_.Q_gold (\_460_.IQ_gold), _460_.Q_gate (\_460_.IQ_gate) -> _460_.Q
Presumably equivalent wires: _460_.RESET_B_gold (\rst_n_gold), _460_.RESET_B_gate (\rst_n_gate) -> _460_.RESET_B
Presumably equivalent wires: _461_.CLK_gold (\clk_gold), _461_.CLK_gate (\clk_gate) -> _461_.CLK
Presumably equivalent wires: _461_.D_gold (\_461_.D_gold), _461_.D_gate (\_461_.D_gate) -> _461_.D
Presumably equivalent wires: _461_.IQ_gold (\_461_.IQ_gold), _461_.IQ_gate (\_461_.IQ_gate) -> _461_.IQ
Presumably equivalent wires: _461_.Q_gold (\_461_.IQ_gold), _461_.Q_gate (\_461_.IQ_gate) -> _461_.Q
Presumably equivalent wires: _461_.RESET_B_gold (\rst_n_gold), _461_.RESET_B_gate (\rst_n_gate) -> _461_.RESET_B
Presumably equivalent wires: _462_.CLK_gold (\clk_gold), _462_.CLK_gate (\clk_gate) -> _462_.CLK
Presumably equivalent wires: _462_.D_gold (\_462_.D_gold), _462_.D_gate (\_462_.D_gate) -> _462_.D
Presumably equivalent wires: _462_.IQ_gold (\_462_.IQ_gold), _462_.IQ_gate (\_462_.IQ_gate) -> _462_.IQ
Presumably equivalent wires: _462_.Q_gold (\_462_.IQ_gold), _462_.Q_gate (\_462_.IQ_gate) -> _462_.Q
Presumably equivalent wires: _462_.RESET_B_gold (\rst_n_gold), _462_.RESET_B_gate (\rst_n_gate) -> _462_.RESET_B
Presumably equivalent wires: _463_.CLK_gold (\clk_gold), _463_.CLK_gate (\clk_gate) -> _463_.CLK
Presumably equivalent wires: _463_.D_gold (\_463_.D_gold), _463_.D_gate (\_463_.D_gate) -> _463_.D
Presumably equivalent wires: _463_.IQ_gold (\_463_.IQ_gold), _463_.IQ_gate (\_463_.IQ_gate) -> _463_.IQ
Presumably equivalent wires: _463_.Q_gold (\_463_.IQ_gold), _463_.Q_gate (\_463_.IQ_gate) -> _463_.Q
Presumably equivalent wires: _463_.RESET_B_gold (\rst_n_gold), _463_.RESET_B_gate (\rst_n_gate) -> _463_.RESET_B
Presumably equivalent wires: _464_.CLK_gold (\clk_gold), _464_.CLK_gate (\clk_gate) -> _464_.CLK
Presumably equivalent wires: _464_.D_gold (\_464_.D_gold), _464_.D_gate (\_464_.D_gate) -> _464_.D
Presumably equivalent wires: _464_.IQ_gold (\_464_.IQ_gold), _464_.IQ_gate (\_464_.IQ_gate) -> _464_.IQ
Presumably equivalent wires: _464_.Q_gold (\_464_.IQ_gold), _464_.Q_gate (\_464_.IQ_gate) -> _464_.Q
Presumably equivalent wires: _464_.RESET_B_gold (\rst_n_gold), _464_.RESET_B_gate (\rst_n_gate) -> _464_.RESET_B
Presumably equivalent wires: _465_.CLK_gold (\clk_gold), _465_.CLK_gate (\clk_gate) -> _465_.CLK
Presumably equivalent wires: _465_.D_gold (\_465_.D_gold), _465_.D_gate (\_465_.D_gate) -> _465_.D
Presumably equivalent wires: _465_.IQ_gold (\_465_.IQ_gold), _465_.IQ_gate (\_465_.IQ_gate) -> _465_.IQ
Presumably equivalent wires: _465_.Q_gold (\_465_.IQ_gold), _465_.Q_gate (\_465_.IQ_gate) -> _465_.Q
Presumably equivalent wires: _465_.RESET_B_gold (\rst_n_gold), _465_.RESET_B_gate (\rst_n_gate) -> _465_.RESET_B
Presumably equivalent wires: _466_.CLK_gold (\clk_gold), _466_.CLK_gate (\clk_gate) -> _466_.CLK
Presumably equivalent wires: _466_.D_gold (\_466_.D_gold), _466_.D_gate (\_466_.D_gate) -> _466_.D
Presumably equivalent wires: _466_.IQ_gold (\_466_.IQ_gold), _466_.IQ_gate (\_466_.IQ_gate) -> _466_.IQ
Presumably equivalent wires: _466_.Q_gold (\_466_.IQ_gold), _466_.Q_gate (\_466_.IQ_gate) -> _466_.Q
Presumably equivalent wires: _466_.RESET_B_gold (\rst_n_gold), _466_.RESET_B_gate (\rst_n_gate) -> _466_.RESET_B
Presumably equivalent wires: _467_.CLK_gold (\clk_gold), _467_.CLK_gate (\clk_gate) -> _467_.CLK
Presumably equivalent wires: _467_.D_gold (\_467_.D_gold), _467_.D_gate (\_467_.D_gate) -> _467_.D
Presumably equivalent wires: _467_.IQ_gold (\_467_.IQ_gold), _467_.IQ_gate (\_467_.IQ_gate) -> _467_.IQ
Presumably equivalent wires: _467_.Q_gold (\_467_.IQ_gold), _467_.Q_gate (\_467_.IQ_gate) -> _467_.Q
Presumably equivalent wires: _467_.RESET_B_gold (\rst_n_gold), _467_.RESET_B_gate (\rst_n_gate) -> _467_.RESET_B
Presumably equivalent wires: _468_.CLK_gold (\clk_gold), _468_.CLK_gate (\clk_gate) -> _468_.CLK
Presumably equivalent wires: _468_.D_gold (\_468_.D_gold), _468_.D_gate (\_468_.D_gate) -> _468_.D
Presumably equivalent wires: _468_.IQ_gold (\_468_.IQ_gold), _468_.IQ_gate (\_468_.IQ_gate) -> _468_.IQ
Presumably equivalent wires: _468_.Q_gold (\_468_.IQ_gold), _468_.Q_gate (\_468_.IQ_gate) -> _468_.Q
Presumably equivalent wires: _468_.RESET_B_gold (\rst_n_gold), _468_.RESET_B_gate (\rst_n_gate) -> _468_.RESET_B
Presumably equivalent wires: _469_.CLK_gold (\clk_gold), _469_.CLK_gate (\clk_gate) -> _469_.CLK
Presumably equivalent wires: _469_.D_gold (\_469_.D_gold), _469_.D_gate (\_469_.D_gate) -> _469_.D
Presumably equivalent wires: _469_.IQ_gold (\_469_.IQ_gold), _469_.IQ_gate (\_469_.IQ_gate) -> _469_.IQ
Presumably equivalent wires: _469_.Q_gold (\_469_.IQ_gold), _469_.Q_gate (\_469_.IQ_gate) -> _469_.Q
Presumably equivalent wires: _469_.RESET_B_gold (\rst_n_gold), _469_.RESET_B_gate (\rst_n_gate) -> _469_.RESET_B
Presumably equivalent wires: _470_.CLK_gold (\clk_gold), _470_.CLK_gate (\clk_gate) -> _470_.CLK
Presumably equivalent wires: _470_.D_gold (\_470_.D_gold), _470_.D_gate (\_470_.D_gate) -> _470_.D
Presumably equivalent wires: _470_.IQ_gold (\_470_.IQ_gold), _470_.IQ_gate (\_470_.IQ_gate) -> _470_.IQ
Presumably equivalent wires: _470_.Q_gold (\_470_.IQ_gold), _470_.Q_gate (\_470_.IQ_gate) -> _470_.Q
Presumably equivalent wires: _470_.RESET_B_gold (\rst_n_gold), _470_.RESET_B_gate (\rst_n_gate) -> _470_.RESET_B
Presumably equivalent wires: bn0_gold (\_447_.IQ_gold), bn0_gate (\_447_.IQ_gate) -> bn0
Presumably equivalent wires: bn1_gold (\_448_.IQ_gold), bn1_gate (\_448_.IQ_gate) -> bn1
Presumably equivalent wires: bn2_gold (\_449_.IQ_gold), bn2_gate (\_449_.IQ_gate) -> bn2
Presumably equivalent wires: bn3_gold (\_450_.IQ_gold), bn3_gate (\_450_.IQ_gate) -> bn3
Presumably equivalent wires: bn4_gold (\_451_.IQ_gold), bn4_gate (\_451_.IQ_gate) -> bn4
Presumably equivalent wires: bn5_gold (\_452_.IQ_gold), bn5_gate (\_452_.IQ_gate) -> bn5
Presumably equivalent wires: bn6_gold (\_453_.IQ_gold), bn6_gate (\_453_.IQ_gate) -> bn6
Presumably equivalent wires: bn7_gold (\_454_.IQ_gold), bn7_gate (\_454_.IQ_gate) -> bn7
Presumably equivalent wires: bn8_gold (\_455_.IQ_gold), bn8_gate (\_455_.IQ_gate) -> bn8
Presumably equivalent wires: bn9_gold (\_456_.IQ_gold), bn9_gate (\_456_.IQ_gate) -> bn9
Presumably equivalent wires: bp0_gold (\_457_.IQ_gold), bp0_gate (\_457_.IQ_gate) -> bp0
Presumably equivalent wires: bp1_gold (\_458_.IQ_gold), bp1_gate (\_458_.IQ_gate) -> bp1
Presumably equivalent wires: bp2_gold (\_459_.IQ_gold), bp2_gate (\_459_.IQ_gate) -> bp2
Presumably equivalent wires: bp3_gold (\_460_.IQ_gold), bp3_gate (\_460_.IQ_gate) -> bp3
Presumably equivalent wires: bp4_gold (\_461_.IQ_gold), bp4_gate (\_461_.IQ_gate) -> bp4
Presumably equivalent wires: bp5_gold (\_462_.IQ_gold), bp5_gate (\_462_.IQ_gate) -> bp5
Presumably equivalent wires: bp6_gold (\_463_.IQ_gold), bp6_gate (\_463_.IQ_gate) -> bp6
Presumably equivalent wires: bp7_gold (\_464_.IQ_gold), bp7_gate (\_464_.IQ_gate) -> bp7
Presumably equivalent wires: bp8_gold (\_465_.IQ_gold), bp8_gate (\_465_.IQ_gate) -> bp8
Presumably equivalent wires: bp9_gold (\_466_.IQ_gold), bp9_gate (\_466_.IQ_gate) -> bp9
Presumably equivalent wires: busy_gold (\_467_.IQ_gold), busy_gate (\_467_.IQ_gate) -> busy
Presumably equivalent wires: clk_gold (\clk_gold), clk_gate (\clk_gate) -> clk
Presumably equivalent wires: code0_gold (\_437_.IQ_gold), code0_gate (\_437_.IQ_gate) -> code0
Presumably equivalent wires: code1_gold (\_438_.IQ_gold), code1_gate (\_438_.IQ_gate) -> code1
Presumably equivalent wires: code2_gold (\_439_.IQ_gold), code2_gate (\_439_.IQ_gate) -> code2
Presumably equivalent wires: code3_gold (\_440_.IQ_gold), code3_gate (\_440_.IQ_gate) -> code3
Presumably equivalent wires: code4_gold (\_441_.IQ_gold), code4_gate (\_441_.IQ_gate) -> code4
Presumably equivalent wires: code5_gold (\_442_.IQ_gold), code5_gate (\_442_.IQ_gate) -> code5
Presumably equivalent wires: code6_gold (\_443_.IQ_gold), code6_gate (\_443_.IQ_gate) -> code6
Presumably equivalent wires: code7_gold (\_444_.IQ_gold), code7_gate (\_444_.IQ_gate) -> code7
Presumably equivalent wires: code8_gold (\_445_.IQ_gold), code8_gate (\_445_.IQ_gate) -> code8
Presumably equivalent wires: code9_gold (\_446_.IQ_gold), code9_gate (\_446_.IQ_gate) -> code9
Presumably equivalent wires: comp_gold (\comp_gold), comp_gate (\comp_gate) -> comp
Presumably equivalent wires: comp_clk_gold (\_470_.IQ_gold), comp_clk_gate (\_470_.IQ_gate) -> comp_clk
Presumably equivalent wires: rst_n_gold (\rst_n_gold), rst_n_gate (\rst_n_gate) -> rst_n
Presumably equivalent wires: sample_gold (\_469_.IQ_gold), sample_gate (\_469_.IQ_gate) -> sample
Presumably equivalent wires: start_gold (\start_gold), start_gate (\start_gate) -> start
Presumably equivalent wires: valid_gold (\_468_.IQ_gold), valid_gate (\_468_.IQ_gate) -> valid
Changing input A of cell $flatten\_212_.$auto$liberty.cc:58:create_inv_cell$497_gate ($_NOT_): \_433_.IQ_gate -> \_433_.IQ
Changing input A of cell $flatten\_213_.$auto$liberty.cc:58:create_inv_cell$497_gate ($_NOT_): \_423_.IQ_gate -> \_423_.IQ
Changing input A of cell $flatten\_214_.$auto$liberty.cc:58:create_inv_cell$497_gate ($_NOT_): \_427_.IQ_gate -> \_427_.IQ
Changing input A of cell $flatten\_215_.$auto$liberty.cc:58:create_inv_cell$497_gate ($_NOT_): \_428_.IQ_gate -> \_428_.IQ
Changing input A of cell $flatten\_216_.$auto$liberty.cc:58:create_inv_cell$497_gate ($_NOT_): \_431_.IQ_gate -> \_431_.IQ
Changing input A of cell $flatten\_217_.$auto$liberty.cc:58:create_inv_cell$497_gate ($_NOT_): \_432_.IQ_gate -> \_432_.IQ
Changing input A of cell $flatten\_218_.$auto$liberty.cc:58:create_inv_cell$497_gate ($_NOT_): \_436_.IQ_gate -> \_436_.IQ
Changing input A of cell $flatten\_219_.$auto$liberty.cc:58:create_inv_cell$497_gate ($_NOT_): \_447_.IQ_gate -> \bn0
Changing input A of cell $flatten\_220_.$auto$liberty.cc:58:create_inv_cell$497_gate ($_NOT_): \_448_.IQ_gate -> \bn1
Changing input A of cell $flatten\_221_.$auto$liberty.cc:58:create_inv_cell$497_gate ($_NOT_): \_449_.IQ_gate -> \bn2
Changing input A of cell $flatten\_222_.$auto$liberty.cc:58:create_inv_cell$497_gate ($_NOT_): \_450_.IQ_gate -> \bn3
Changing input A of cell $flatten\_223_.$auto$liberty.cc:58:create_inv_cell$497_gate ($_NOT_): \_451_.IQ_gate -> \bn4
Changing input A of cell $flatten\_224_.$auto$liberty.cc:58:create_inv_cell$497_gate ($_NOT_): \_452_.IQ_gate -> \bn5
Changing input A of cell $flatten\_225_.$auto$liberty.cc:58:create_inv_cell$497_gate ($_NOT_): \_453_.IQ_gate -> \bn6
Changing input A of cell $flatten\_226_.$auto$liberty.cc:58:create_inv_cell$497_gate ($_NOT_): \_454_.IQ_gate -> \bn7
Changing input A of cell $flatten\_227_.$auto$liberty.cc:58:create_inv_cell$497_gate ($_NOT_): \_455_.IQ_gate -> \bn8
Changing input A of cell $flatten\_228_.$auto$liberty.cc:58:create_inv_cell$497_gate ($_NOT_): \_456_.IQ_gate -> \bn9
Changing input A of cell $flatten\_229_.$auto$liberty.cc:58:create_inv_cell$497_gate ($_NOT_): \_457_.IQ_gate -> \bp0
Changing input A of cell $flatten\_230_.$auto$liberty.cc:58:create_inv_cell$497_gate ($_NOT_): \_458_.IQ_gate -> \bp1
Changing input A of cell $flatten\_231_.$auto$liberty.cc:58:create_inv_cell$497_gate ($_NOT_): \_459_.IQ_gate -> \bp2
Changing input A of cell $flatten\_232_.$auto$liberty.cc:58:create_inv_cell$497_gate ($_NOT_): \_460_.IQ_gate -> \bp3
Changing input A of cell $flatten\_233_.$auto$liberty.cc:58:create_inv_cell$497_gate ($_NOT_): \_461_.IQ_gate -> \bp4
Changing input A of cell $flatten\_234_.$auto$liberty.cc:58:create_inv_cell$497_gate ($_NOT_): \_462_.IQ_gate -> \bp5
Changing input A of cell $flatten\_235_.$auto$liberty.cc:58:create_inv_cell$497_gate ($_NOT_): \_463_.IQ_gate -> \bp6
Changing input A of cell $flatten\_236_.$auto$liberty.cc:58:create_inv_cell$497_gate ($_NOT_): \_464_.IQ_gate -> \bp7
Changing input A of cell $flatten\_237_.$auto$liberty.cc:58:create_inv_cell$497_gate ($_NOT_): \_465_.IQ_gate -> \bp8
Changing input A of cell $flatten\_238_.$auto$liberty.cc:58:create_inv_cell$497_gate ($_NOT_): \_466_.IQ_gate -> \bp9
Changing input A of cell $flatten\_241_.$auto$liberty.cc:58:create_inv_cell$603_gate ($_NOT_): \_434_.IQ_gate -> \_434_.IQ
Changing input A of cell $flatten\_241_.$auto$liberty.cc:84:create_or_cell$605_gate ($_OR_): \_435_.IQ_gate -> \_435_.IQ
Changing input A of cell $flatten\_242_.$auto$liberty.cc:58:create_inv_cell$579_gate ($_NOT_): \_435_.IQ_gate -> \_435_.IQ
Changing input A of cell $flatten\_242_.$auto$liberty.cc:58:create_inv_cell$585_gate ($_NOT_): \_468_.D_gate -> \_468_.D
Changing input B of cell $flatten\_242_.$auto$liberty.cc:75:create_and_cell$581_gate ($_AND_): \_436_.IQ_gate -> \_436_.IQ
Changing input B of cell $flatten\_242_.$auto$liberty.cc:75:create_and_cell$583_gate ($_AND_): \_434_.IQ_gate -> \_434_.IQ
Changing input A of cell $flatten\_244_.$auto$liberty.cc:58:create_inv_cell$579_gate ($_NOT_): \_436_.IQ_gate -> \_436_.IQ
Changing input A of cell $flatten\_244_.$auto$liberty.cc:58:create_inv_cell$585_gate ($_NOT_): \_470_.D_gate -> \_470_.D
Changing input B of cell $flatten\_244_.$auto$liberty.cc:75:create_and_cell$581_gate ($_AND_): \_435_.IQ_gate -> \_435_.IQ
Changing input B of cell $flatten\_244_.$auto$liberty.cc:75:create_and_cell$583_gate ($_AND_): \_434_.IQ_gate -> \_434_.IQ
Changing input A of cell $flatten\_246_.$auto$liberty.cc:75:create_and_cell$409_gate ($_AND_): \_246_.A_gate -> \_246_.A
Changing input B of cell $flatten\_246_.$auto$liberty.cc:75:create_and_cell$409_gate ($_AND_): \_246_.B_gate -> \_246_.B
Changing input A of cell $flatten\_247_.$auto$liberty.cc:75:create_and_cell$553_gate ($_AND_): \_246_.A_gate -> \_246_.A
Changing input B of cell $flatten\_247_.$auto$liberty.cc:75:create_and_cell$553_gate ($_AND_): \_246_.B_gate -> \_246_.B
Changing input A of cell $flatten\_248_.$auto$liberty.cc:84:create_or_cell$595_gate ($_OR_): \_434_.IQ_gate -> \_434_.IQ
Changing input B of cell $flatten\_248_.$auto$liberty.cc:84:create_or_cell$595_gate ($_OR_): \_435_.IQ_gate -> \_435_.IQ
Changing input A of cell $flatten\_249_.$auto$liberty.cc:75:create_and_cell$409_gate ($_AND_): \_436_.IQ_gate -> \_436_.IQ
Changing input B of cell $flatten\_249_.$auto$liberty.cc:75:create_and_cell$409_gate ($_AND_): \_249_.B_gate -> \_249_.B
Changing input A of cell $flatten\_250_.$auto$liberty.cc:75:create_and_cell$553_gate ($_AND_): \_436_.IQ_gate -> \_436_.IQ
Changing input B of cell $flatten\_250_.$auto$liberty.cc:75:create_and_cell$553_gate ($_AND_): \_249_.B_gate -> \_249_.B
Changing input A of cell $flatten\_251_.$auto$liberty.cc:58:create_inv_cell$603_gate ($_NOT_): \_430_.IQ_gate -> \_430_.IQ
Changing input A of cell $flatten\_251_.$auto$liberty.cc:84:create_or_cell$605_gate ($_OR_): \_431_.IQ_gate -> \_431_.IQ
Changing input A of cell $flatten\_252_.$auto$liberty.cc:58:create_inv_cell$561_gate ($_NOT_): \_431_.IQ_gate -> \_431_.IQ
Changing input B of cell $flatten\_252_.$auto$liberty.cc:75:create_and_cell$563_gate ($_AND_): \_430_.IQ_gate -> \_430_.IQ
Changing input A of cell $flatten\_253_.$auto$liberty.cc:84:create_or_cell$615_gate ($_OR_): \_253_.A_gate -> \_253_.A
Changing input B of cell $flatten\_253_.$auto$liberty.cc:84:create_or_cell$615_gate ($_OR_): \_432_.IQ_gate -> \_432_.IQ
Changing input B of cell $flatten\_253_.$auto$liberty.cc:84:create_or_cell$617_gate ($_OR_): \_253_.C_gate -> \_253_.C
Changing input A of cell $flatten\_254_.$auto$liberty.cc:75:create_and_cell$553_gate ($_AND_): \_254_.A_gate -> \_254_.A
Changing input B of cell $flatten\_254_.$auto$liberty.cc:75:create_and_cell$553_gate ($_AND_): \_254_.B_gate -> \_254_.B
Changing input A of cell $flatten\_255_.$auto$liberty.cc:84:create_or_cell$615_gate ($_OR_): \_434_.IQ_gate -> \_434_.IQ
Changing input B of cell $flatten\_255_.$auto$liberty.cc:84:create_or_cell$615_gate ($_OR_): \_435_.IQ_gate -> \_435_.IQ
Changing input B of cell $flatten\_255_.$auto$liberty.cc:84:create_or_cell$617_gate ($_OR_): \_436_.IQ_gate -> \_436_.IQ
Changing input A of cell $flatten\_256_.$auto$liberty.cc:75:create_and_cell$409_gate ($_AND_): \_256_.A_gate -> \_256_.A
Changing input B of cell $flatten\_256_.$auto$liberty.cc:75:create_and_cell$409_gate ($_AND_): \_256_.B_gate -> \_256_.B
Changing input A of cell $flatten\_257_.$auto$liberty.cc:75:create_and_cell$553_gate ($_AND_): \_256_.A_gate -> \_256_.A
Changing input B of cell $flatten\_257_.$auto$liberty.cc:75:create_and_cell$553_gate ($_AND_): \_256_.B_gate -> \_256_.B
Changing input A of cell $flatten\_258_.$auto$liberty.cc:75:create_and_cell$379_gate ($_AND_): \_254_.A_gate -> \_254_.A
Changing input B of cell $flatten\_258_.$auto$liberty.cc:75:create_and_cell$379_gate ($_AND_): \_254_.B_gate -> \_254_.B
Changing input B of cell $flatten\_258_.$auto$liberty.cc:84:create_or_cell$381_gate ($_OR_): \_258_.B1_gate -> \_258_.B1
Changing input A of cell $flatten\_259_.$auto$liberty.cc:75:create_and_cell$391_gate ($_AND_): \_254_.A_gate -> \_254_.A
Changing input B of cell $flatten\_259_.$auto$liberty.cc:75:create_and_cell$391_gate ($_AND_): \_254_.B_gate -> \_254_.B
Changing input A of cell $flatten\_259_.$auto$liberty.cc:75:create_and_cell$393_gate ($_AND_): \_256_.B_gate -> \_256_.B
Changing input B of cell $flatten\_259_.$auto$liberty.cc:75:create_and_cell$393_gate ($_AND_): \_256_.A_gate -> \_256_.A
Changing input B of cell $flatten\_259_.$auto$liberty.cc:84:create_or_cell$397_gate ($_OR_): \_259_.C1_gate -> \_259_.C1
Changing input A of cell $flatten\_260_.$auto$liberty.cc:75:create_and_cell$409_gate ($_AND_): \_260_.A_gate -> \_260_.A
Changing input B of cell $flatten\_260_.$auto$liberty.cc:75:create_and_cell$409_gate ($_AND_): \_260_.B_gate -> \_260_.B
Changing input A of cell $flatten\_261_.$auto$liberty.cc:84:create_or_cell$595_gate ($_OR_): \_434_.IQ_gate -> \_434_.IQ
Changing input B of cell $flatten\_261_.$auto$liberty.cc:84:create_or_cell$595_gate ($_OR_): \_436_.IQ_gate -> \_436_.IQ
Changing input A of cell $flatten\_262_.$auto$liberty.cc:75:create_and_cell$553_gate ($_AND_): \_435_.IQ_gate -> \_435_.IQ
Changing input B of cell $flatten\_262_.$auto$liberty.cc:75:create_and_cell$553_gate ($_AND_): \_262_.B_gate -> \_262_.B
Changing input A of cell $flatten\_263_.$auto$liberty.cc:84:create_or_cell$661_gate ($_OR_): \_426_.IQ_gate -> \_426_.IQ
Changing input B of cell $flatten\_263_.$auto$liberty.cc:84:create_or_cell$661_gate ($_OR_): \_427_.IQ_gate -> \_427_.IQ
Changing input B of cell $flatten\_263_.$auto$liberty.cc:84:create_or_cell$663_gate ($_OR_): \_428_.IQ_gate -> \_428_.IQ
Changing input B of cell $flatten\_263_.$auto$liberty.cc:84:create_or_cell$665_gate ($_OR_): \_429_.IQ_gate -> \_429_.IQ
Changing input A of cell $flatten\_264_.$auto$liberty.cc:58:create_inv_cell$561_gate ($_NOT_): \_422_.IQ_gate -> \_422_.IQ
Changing input B of cell $flatten\_264_.$auto$liberty.cc:75:create_and_cell$563_gate ($_AND_): \_423_.IQ_gate -> \_423_.IQ
Changing input A of cell $flatten\_265_.$auto$liberty.cc:84:create_or_cell$627_gate ($_OR_): \_424_.IQ_gate -> \_424_.IQ
Changing input B of cell $flatten\_265_.$auto$liberty.cc:84:create_or_cell$627_gate ($_OR_): \_425_.IQ_gate -> \_425_.IQ
Changing input B of cell $flatten\_265_.$auto$liberty.cc:84:create_or_cell$629_gate ($_OR_): \_265_.C_gate -> \_265_.C
Changing input B of cell $flatten\_265_.$auto$liberty.cc:84:create_or_cell$631_gate ($_OR_): \_265_.D_gate -> \_265_.D
Changing input A of cell $flatten\_266_.$auto$liberty.cc:84:create_or_cell$595_gate ($_OR_): \_266_.A_gate -> \_266_.A
Changing input B of cell $flatten\_266_.$auto$liberty.cc:84:create_or_cell$595_gate ($_OR_): \_266_.B_gate -> \_266_.B
Changing input A of cell $flatten\_267_.$auto$liberty.cc:84:create_or_cell$615_gate ($_OR_): \_422_.IQ_gate -> \_422_.IQ
Changing input B of cell $flatten\_267_.$auto$liberty.cc:84:create_or_cell$615_gate ($_OR_): \_267_.B_gate -> \_267_.B
Changing input B of cell $flatten\_267_.$auto$liberty.cc:84:create_or_cell$617_gate ($_OR_): \_267_.C_gate -> \_267_.C
Changing input A of cell $flatten\_268_.$auto$liberty.cc:75:create_and_cell$379_gate ($_AND_): \_422_.IQ_gate -> \_422_.IQ
Changing input B of cell $flatten\_268_.$auto$liberty.cc:75:create_and_cell$379_gate ($_AND_): \_268_.A2_gate -> \_268_.A2
Changing input B of cell $flatten\_268_.$auto$liberty.cc:84:create_or_cell$381_gate ($_OR_): \_268_.B1_gate -> \_268_.B1
Changing input A of cell $flatten\_269_.$auto$liberty.cc:66:create_xor_cell$739_gate ($_XOR_): \_422_.IQ_gate -> \_422_.IQ
Changing input B of cell $flatten\_269_.$auto$liberty.cc:66:create_xor_cell$739_gate ($_XOR_): \_423_.IQ_gate -> \_423_.IQ
Changing input B of cell $flatten\_270_.$auto$liberty.cc:75:create_and_cell$645_gate ($_AND_): \_270_.B1_gate -> \_270_.B1
Changing input A of cell $flatten\_270_.$auto$liberty.cc:84:create_or_cell$643_gate ($_OR_): \_267_.B_gate -> \_267_.B
Changing input B of cell $flatten\_270_.$auto$liberty.cc:84:create_or_cell$643_gate ($_OR_): \_267_.C_gate -> \_267_.C
Changing input B of cell $flatten\_271_.$auto$liberty.cc:75:create_and_cell$645_gate ($_AND_): \_271_.B1_gate -> \_271_.B1
Changing input A of cell $flatten\_271_.$auto$liberty.cc:84:create_or_cell$643_gate ($_OR_): \_271_.A1_gate -> \_271_.A1
Changing input B of cell $flatten\_271_.$auto$liberty.cc:84:create_or_cell$643_gate ($_OR_): \_268_.A2_gate -> \_268_.A2
Changing input A of cell $flatten\_272_.$auto$liberty.cc:75:create_and_cell$379_gate ($_AND_): \_422_.IQ_gate -> \_422_.IQ
Changing input B of cell $flatten\_272_.$auto$liberty.cc:75:create_and_cell$379_gate ($_AND_): \_423_.IQ_gate -> \_423_.IQ
Changing input B of cell $flatten\_272_.$auto$liberty.cc:84:create_or_cell$381_gate ($_OR_): \_424_.IQ_gate -> \_424_.IQ
Changing input B of cell $flatten\_273_.$auto$liberty.cc:75:create_and_cell$563_gate ($_AND_): \_424_.IQ_gate -> \_424_.IQ
Changing input A of cell $flatten\_274_.$auto$liberty.cc:75:create_and_cell$401_gate ($_AND_): \_260_.A_gate -> \_260_.A
Changing input B of cell $flatten\_274_.$auto$liberty.cc:75:create_and_cell$401_gate ($_AND_): \_260_.B_gate -> \_260_.B
Changing input A of cell $flatten\_274_.$auto$liberty.cc:75:create_and_cell$403_gate ($_AND_): \_262_.B_gate -> \_262_.B
Changing input B of cell $flatten\_274_.$auto$liberty.cc:75:create_and_cell$403_gate ($_AND_): \_435_.IQ_gate -> \_435_.IQ
Changing input A of cell $flatten\_275_.$auto$liberty.cc:58:create_inv_cell$561_gate ($_NOT_): \_267_.B_gate -> \_267_.B
Changing input B of cell $flatten\_275_.$auto$liberty.cc:75:create_and_cell$563_gate ($_AND_): \_266_.A_gate -> \_266_.A
Changing input A of cell $flatten\_276_.$auto$liberty.cc:75:create_and_cell$573_gate ($_AND_): \_422_.IQ_gate -> \_422_.IQ
Changing input B of cell $flatten\_276_.$auto$liberty.cc:75:create_and_cell$573_gate ($_AND_): \_423_.IQ_gate -> \_423_.IQ
Changing input B of cell $flatten\_276_.$auto$liberty.cc:75:create_and_cell$575_gate ($_AND_): \_424_.IQ_gate -> \_424_.IQ
Changing input A of cell $flatten\_277_.$auto$liberty.cc:75:create_and_cell$553_gate ($_AND_): \_277_.A_gate -> \_277_.A
Changing input B of cell $flatten\_277_.$auto$liberty.cc:75:create_and_cell$553_gate ($_AND_): \_277_.B_gate -> \_277_.B
Changing input A of cell $flatten\_278_.$auto$liberty.cc:75:create_and_cell$379_gate ($_AND_): \_278_.A1_gate -> \_278_.A1
Changing input B of cell $flatten\_278_.$auto$liberty.cc:75:create_and_cell$379_gate ($_AND_): \_278_.A2_gate -> \_278_.A2
Changing input B of cell $flatten\_278_.$auto$liberty.cc:84:create_or_cell$381_gate ($_OR_): \_278_.B1_gate -> \_278_.B1
Changing input A of cell $flatten\_279_.$auto$liberty.cc:58:create_inv_cell$603_gate ($_NOT_): \_425_.IQ_gate -> \_425_.IQ
Changing input A of cell $flatten\_279_.$auto$liberty.cc:84:create_or_cell$605_gate ($_OR_): \_268_.A2_gate -> \_268_.A2
Changing input A of cell $flatten\_280_.$auto$liberty.cc:84:create_or_cell$649_gate ($_OR_): \_425_.IQ_gate -> \_425_.IQ
Changing input B of cell $flatten\_280_.$auto$liberty.cc:84:create_or_cell$649_gate ($_OR_): \_277_.B_gate -> \_277_.B
Changing input A of cell $flatten\_281_.$auto$liberty.cc:75:create_and_cell$553_gate ($_AND_): \_425_.IQ_gate -> \_425_.IQ
Changing input B of cell $flatten\_281_.$auto$liberty.cc:75:create_and_cell$553_gate ($_AND_): \_277_.B_gate -> \_277_.B
Changing input B of cell $flatten\_282_.$auto$liberty.cc:75:create_and_cell$645_gate ($_AND_): \_267_.B_gate -> \_267_.B
Changing input A of cell $flatten\_282_.$auto$liberty.cc:84:create_or_cell$643_gate ($_OR_): \_265_.C_gate -> \_265_.C
Changing input B of cell $flatten\_282_.$auto$liberty.cc:84:create_or_cell$643_gate ($_OR_): \_282_.A2_gate -> \_282_.A2
Changing input A of cell $flatten\_283_.$auto$liberty.cc:75:create_and_cell$401_gate ($_AND_): \_282_.A2_gate -> \_282_.A2
Changing input B of cell $flatten\_283_.$auto$liberty.cc:75:create_and_cell$401_gate ($_AND_): \_283_.A2_gate -> \_283_.A2
Changing input A of cell $flatten\_283_.$auto$liberty.cc:75:create_and_cell$403_gate ($_AND_): \_283_.B1_gate -> \_283_.B1
Changing input B of cell $flatten\_283_.$auto$liberty.cc:75:create_and_cell$403_gate ($_AND_): \_266_.A_gate -> \_266_.A
Changing input A of cell $flatten\_284_.$auto$liberty.cc:84:create_or_cell$649_gate ($_OR_): \_284_.A_gate -> \_284_.A
Changing input B of cell $flatten\_284_.$auto$liberty.cc:84:create_or_cell$649_gate ($_OR_): \_284_.B_gate -> \_284_.B
Changing input A of cell $flatten\_285_.$auto$liberty.cc:75:create_and_cell$421_gate ($_AND_): \_422_.IQ_gate -> \_422_.IQ
Changing input B of cell $flatten\_285_.$auto$liberty.cc:75:create_and_cell$421_gate ($_AND_): \_423_.IQ_gate -> \_423_.IQ
Changing input B of cell $flatten\_285_.$auto$liberty.cc:75:create_and_cell$423_gate ($_AND_): \_424_.IQ_gate -> \_424_.IQ
Changing input B of cell $flatten\_285_.$auto$liberty.cc:75:create_and_cell$425_gate ($_AND_): \_425_.IQ_gate -> \_425_.IQ
Changing input A of cell $flatten\_286_.$auto$liberty.cc:84:create_or_cell$595_gate ($_OR_): \_426_.IQ_gate -> \_426_.IQ
Changing input B of cell $flatten\_286_.$auto$liberty.cc:84:create_or_cell$595_gate ($_OR_): \_286_.B_gate -> \_286_.B
Changing input B of cell $flatten\_287_.$auto$liberty.cc:75:create_and_cell$563_gate ($_AND_): \_426_.IQ_gate -> \_426_.IQ
Changing input A of cell $flatten\_288_.$auto$liberty.cc:75:create_and_cell$553_gate ($_AND_): \_426_.IQ_gate -> \_426_.IQ
Changing input B of cell $flatten\_288_.$auto$liberty.cc:75:create_and_cell$553_gate ($_AND_): \_286_.B_gate -> \_286_.B
Changing input A of cell $flatten\_289_.$auto$liberty.cc:75:create_and_cell$553_gate ($_AND_): \_277_.A_gate -> \_277_.A
Changing input B of cell $flatten\_289_.$auto$liberty.cc:75:create_and_cell$553_gate ($_AND_): \_289_.B_gate -> \_289_.B
Changing input A of cell $flatten\_290_.$auto$liberty.cc:75:create_and_cell$379_gate ($_AND_): \_290_.A1_gate -> \_290_.A1
Changing input B of cell $flatten\_290_.$auto$liberty.cc:75:create_and_cell$379_gate ($_AND_): \_290_.A2_gate -> \_290_.A2
Changing input B of cell $flatten\_290_.$auto$liberty.cc:84:create_or_cell$381_gate ($_OR_): \_290_.B1_gate -> \_290_.B1
Changing input B of cell $flatten\_291_.$auto$liberty.cc:75:create_and_cell$563_gate ($_AND_): \_427_.IQ_gate -> \_427_.IQ
Changing input A of cell $flatten\_292_.$auto$liberty.cc:75:create_and_cell$573_gate ($_AND_): \_426_.IQ_gate -> \_426_.IQ
Changing input B of cell $flatten\_292_.$auto$liberty.cc:75:create_and_cell$573_gate ($_AND_): \_427_.IQ_gate -> \_427_.IQ
Changing input B of cell $flatten\_292_.$auto$liberty.cc:75:create_and_cell$575_gate ($_AND_): \_286_.B_gate -> \_286_.B
Changing input A of cell $flatten\_293_.$auto$liberty.cc:75:create_and_cell$553_gate ($_AND_): \_277_.A_gate -> \_277_.A
Changing input B of cell $flatten\_293_.$auto$liberty.cc:75:create_and_cell$553_gate ($_AND_): \_293_.B_gate -> \_293_.B
Changing input A of cell $flatten\_294_.$auto$liberty.cc:75:create_and_cell$401_gate ($_AND_): \_294_.A1_gate -> \_294_.A1
Changing input B of cell $flatten\_294_.$auto$liberty.cc:75:create_and_cell$401_gate ($_AND_): \_289_.B_gate -> \_289_.B
Changing input A of cell $flatten\_294_.$auto$liberty.cc:75:create_and_cell$403_gate ($_AND_): \_294_.B1_gate -> \_294_.B1
Changing input B of cell $flatten\_294_.$auto$liberty.cc:75:create_and_cell$403_gate ($_AND_): \_294_.B2_gate -> \_294_.B2
Changing input A of cell $flatten\_295_.$auto$liberty.cc:75:create_and_cell$587_gate ($_AND_): \_426_.IQ_gate -> \_426_.IQ
Changing input B of cell $flatten\_295_.$auto$liberty.cc:75:create_and_cell$587_gate ($_AND_): \_427_.IQ_gate -> \_427_.IQ
Changing input B of cell $flatten\_295_.$auto$liberty.cc:75:create_and_cell$589_gate ($_AND_): \_428_.IQ_gate -> \_428_.IQ
Changing input B of cell $flatten\_295_.$auto$liberty.cc:75:create_and_cell$591_gate ($_AND_): \_286_.B_gate -> \_286_.B
Changing input B of cell $flatten\_296_.$auto$liberty.cc:75:create_and_cell$563_gate ($_AND_): \_296_.B_gate -> \_296_.B
Changing input A of cell $flatten\_297_.$auto$liberty.cc:75:create_and_cell$553_gate ($_AND_): \_268_.A2_gate -> \_268_.A2
Changing input B of cell $flatten\_297_.$auto$liberty.cc:75:create_and_cell$553_gate ($_AND_): \_297_.B_gate -> \_297_.B
Changing input B of cell $flatten\_298_.$auto$liberty.cc:75:create_and_cell$645_gate ($_AND_): \_298_.B1_gate -> \_298_.B1
Changing input A of cell $flatten\_298_.$auto$liberty.cc:84:create_or_cell$643_gate ($_OR_): \_298_.A1_gate -> \_298_.A1
Changing input B of cell $flatten\_298_.$auto$liberty.cc:84:create_or_cell$643_gate ($_OR_): \_293_.B_gate -> \_293_.B
Changing input A of cell $flatten\_299_.$auto$liberty.cc:75:create_and_cell$409_gate ($_AND_): \_299_.A_gate -> \_299_.A
Changing input B of cell $flatten\_299_.$auto$liberty.cc:75:create_and_cell$409_gate ($_AND_): \_299_.B_gate -> \_299_.B
Changing input A of cell $flatten\_300_.$auto$liberty.cc:84:create_or_cell$615_gate ($_OR_): \_429_.IQ_gate -> \_429_.IQ
Changing input B of cell $flatten\_300_.$auto$liberty.cc:84:create_or_cell$615_gate ($_OR_): \_298_.A1_gate -> \_298_.A1
Changing input B of cell $flatten\_300_.$auto$liberty.cc:84:create_or_cell$617_gate ($_OR_): \_296_.B_gate -> \_296_.B
Changing input A of cell $flatten\_301_.$auto$liberty.cc:75:create_and_cell$371_gate ($_AND_): \_429_.IQ_gate -> \_429_.IQ
Changing input B of cell $flatten\_301_.$auto$liberty.cc:75:create_and_cell$371_gate ($_AND_): \_299_.A_gate -> \_299_.A
Changing input B of cell $flatten\_301_.$auto$liberty.cc:84:create_or_cell$373_gate ($_OR_): \_301_.B1_gate -> \_301_.B1
Changing input A of cell $flatten\_302_.$auto$liberty.cc:75:create_and_cell$573_gate ($_AND_): \_302_.A_gate -> \_302_.A
Changing input B of cell $flatten\_302_.$auto$liberty.cc:75:create_and_cell$573_gate ($_AND_): \_302_.B_gate -> \_302_.B
Changing input B of cell $flatten\_302_.$auto$liberty.cc:75:create_and_cell$575_gate ($_AND_): \_298_.A1_gate -> \_298_.A1
Changing input B of cell $flatten\_303_.$auto$liberty.cc:75:create_and_cell$563_gate ($_AND_): \_303_.B_gate -> \_303_.B
Changing input A of cell $flatten\_304_.$auto$liberty.cc:58:create_inv_cell$507_gate ($_NOT_): \_430_.IQ_gate -> \_430_.IQ
Changing input B of cell $flatten\_304_.$auto$liberty.cc:75:create_and_cell$509_gate ($_AND_): \_254_.A_gate -> \_254_.A
Changing input A of cell $flatten\_304_.$auto$liberty.cc:75:create_and_cell$511_gate ($_AND_): \_430_.IQ_gate -> \_430_.IQ
Changing input B of cell $flatten\_304_.$auto$liberty.cc:75:create_and_cell$511_gate ($_AND_): \_304_.A1_gate -> \_304_.A1
Changing input A of cell $flatten\_305_.$auto$liberty.cc:58:create_inv_cell$561_gate ($_NOT_): \_430_.IQ_gate -> \_430_.IQ
Changing input B of cell $flatten\_305_.$auto$liberty.cc:75:create_and_cell$563_gate ($_AND_): \_431_.IQ_gate -> \_431_.IQ
Changing input A of cell $flatten\_306_.$auto$liberty.cc:75:create_and_cell$379_gate ($_AND_): \_253_.C_gate -> \_253_.C
Changing input B of cell $flatten\_306_.$auto$liberty.cc:75:create_and_cell$379_gate ($_AND_): \_306_.A2_gate -> \_306_.A2
Changing input B of cell $flatten\_306_.$auto$liberty.cc:84:create_or_cell$381_gate ($_OR_): \_306_.B1_gate -> \_306_.B1
Changing input B of cell $flatten\_307_.$auto$liberty.cc:75:create_and_cell$509_gate ($_AND_): \_307_.A0_gate -> \_307_.A0
Changing input A of cell $flatten\_307_.$auto$liberty.cc:75:create_and_cell$511_gate ($_AND_): \_304_.A1_gate -> \_304_.A1
Changing input B of cell $flatten\_307_.$auto$liberty.cc:75:create_and_cell$511_gate ($_AND_): \_431_.IQ_gate -> \_431_.IQ
Changing input A of cell $flatten\_308_.$auto$liberty.cc:75:create_and_cell$553_gate ($_AND_): \_432_.IQ_gate -> \_432_.IQ
Changing input B of cell $flatten\_308_.$auto$liberty.cc:75:create_and_cell$553_gate ($_AND_): \_308_.B_gate -> \_308_.B
Changing input A of cell $flatten\_309_.$auto$liberty.cc:66:create_xor_cell$735_gate ($_XOR_): \_309_.A_gate -> \_309_.A
Changing input B of cell $flatten\_309_.$auto$liberty.cc:66:create_xor_cell$735_gate ($_XOR_): \_309_.B_gate -> \_309_.B
Changing input A of cell $flatten\_310_.$auto$liberty.cc:75:create_and_cell$553_gate ($_AND_): \_254_.A_gate -> \_254_.A
Changing input B of cell $flatten\_310_.$auto$liberty.cc:75:create_and_cell$553_gate ($_AND_): \_310_.B_gate -> \_310_.B
Changing input B of cell $flatten\_311_.$auto$liberty.cc:75:create_and_cell$645_gate ($_AND_): \_311_.B1_gate -> \_311_.B1
Changing input A of cell $flatten\_311_.$auto$liberty.cc:84:create_or_cell$643_gate ($_OR_): \_304_.A1_gate -> \_304_.A1
Changing input B of cell $flatten\_311_.$auto$liberty.cc:84:create_or_cell$643_gate ($_OR_): \_311_.A2_gate -> \_311_.A2
Changing input A of cell $flatten\_312_.$auto$liberty.cc:75:create_and_cell$379_gate ($_AND_): \_309_.A_gate -> \_309_.A
Changing input B of cell $flatten\_312_.$auto$liberty.cc:75:create_and_cell$379_gate ($_AND_): \_309_.B_gate -> \_309_.B
Changing input B of cell $flatten\_312_.$auto$liberty.cc:84:create_or_cell$381_gate ($_OR_): \_433_.IQ_gate -> \_433_.IQ
Changing input A of cell $flatten\_313_.$auto$liberty.cc:84:create_or_cell$595_gate ($_OR_): \_306_.B1_gate -> \_306_.B1
Changing input B of cell $flatten\_313_.$auto$liberty.cc:84:create_or_cell$595_gate ($_OR_): \_254_.B_gate -> \_254_.B
Changing input A of cell $flatten\_314_.$auto$liberty.cc:84:create_or_cell$615_gate ($_OR_): \_306_.B1_gate -> \_306_.B1
Changing input B of cell $flatten\_314_.$auto$liberty.cc:84:create_or_cell$615_gate ($_OR_): \_254_.B_gate -> \_254_.B
Changing input B of cell $flatten\_314_.$auto$liberty.cc:84:create_or_cell$617_gate ($_OR_): \_314_.C_gate -> \_314_.C
Changing input A of cell $flatten\_315_.$auto$liberty.cc:75:create_and_cell$371_gate ($_AND_): \_433_.IQ_gate -> \_433_.IQ
Changing input B of cell $flatten\_315_.$auto$liberty.cc:75:create_and_cell$371_gate ($_AND_): \_304_.A1_gate -> \_304_.A1
Changing input B of cell $flatten\_315_.$auto$liberty.cc:84:create_or_cell$373_gate ($_OR_): \_315_.B1_gate -> \_315_.B1
Changing input B of cell $flatten\_316_.$auto$liberty.cc:75:create_and_cell$645_gate ($_AND_): \_302_.B_gate -> \_302_.B
Changing input A of cell $flatten\_316_.$auto$liberty.cc:84:create_or_cell$643_gate ($_OR_): \_266_.A_gate -> \_266_.A
Changing input B of cell $flatten\_316_.$auto$liberty.cc:84:create_or_cell$643_gate ($_OR_): \_266_.B_gate -> \_266_.B
Changing input A of cell $flatten\_317_.$auto$liberty.cc:75:create_and_cell$409_gate ($_AND_): \_302_.B_gate -> \_302_.B
Changing input B of cell $flatten\_317_.$auto$liberty.cc:75:create_and_cell$409_gate ($_AND_): \_283_.B1_gate -> \_283_.B1
Changing input A of cell $flatten\_318_.$auto$liberty.cc:75:create_and_cell$379_gate ($_AND_): \_254_.A_gate -> \_254_.A
Changing input B of cell $flatten\_318_.$auto$liberty.cc:75:create_and_cell$379_gate ($_AND_): \_254_.B_gate -> \_254_.B
Changing input B of cell $flatten\_318_.$auto$liberty.cc:84:create_or_cell$381_gate ($_OR_): \_262_.B_gate -> \_262_.B
Changing input B of cell $flatten\_319_.$auto$liberty.cc:75:create_and_cell$645_gate ($_AND_): \_283_.B1_gate -> \_283_.B1
Changing input A of cell $flatten\_319_.$auto$liberty.cc:84:create_or_cell$643_gate ($_OR_): \_319_.A1_gate -> \_319_.A1
Changing input B of cell $flatten\_319_.$auto$liberty.cc:84:create_or_cell$643_gate ($_OR_): \_319_.A2_gate -> \_319_.A2
Changing input B of cell $flatten\_320_.$auto$liberty.cc:75:create_and_cell$645_gate ($_AND_): \_298_.A1_gate -> \_298_.A1
Changing input A of cell $flatten\_320_.$auto$liberty.cc:84:create_or_cell$643_gate ($_OR_): \_306_.B1_gate -> \_306_.B1
Changing input B of cell $flatten\_320_.$auto$liberty.cc:84:create_or_cell$643_gate ($_OR_): \_254_.B_gate -> \_254_.B
Changing input A of cell $flatten\_321_.$auto$liberty.cc:75:create_and_cell$371_gate ($_AND_): \_321_.A1_gate -> \_321_.A1
Changing input B of cell $flatten\_321_.$auto$liberty.cc:75:create_and_cell$371_gate ($_AND_): \_321_.A2_gate -> \_321_.A2
Changing input B of cell $flatten\_321_.$auto$liberty.cc:84:create_or_cell$373_gate ($_OR_): \_267_.C_gate -> \_267_.C
Changing input A of cell $flatten\_322_.$auto$liberty.cc:75:create_and_cell$553_gate ($_AND_): \_246_.B_gate -> \_246_.B
Changing input B of cell $flatten\_322_.$auto$liberty.cc:75:create_and_cell$553_gate ($_AND_): \_303_.B_gate -> \_303_.B
Changing input B of cell $flatten\_323_.$auto$liberty.cc:75:create_and_cell$645_gate ($_AND_): \_437_.IQ_gate -> \code0
Changing input A of cell $flatten\_323_.$auto$liberty.cc:84:create_or_cell$643_gate ($_OR_): \_308_.B_gate -> \_308_.B
Changing input B of cell $flatten\_323_.$auto$liberty.cc:84:create_or_cell$643_gate ($_OR_): \_323_.A2_gate -> \_323_.A2
Changing input B of cell $flatten\_324_.$auto$liberty.cc:75:create_and_cell$645_gate ($_AND_): \_324_.B1_gate -> \_324_.B1
Changing input A of cell $flatten\_324_.$auto$liberty.cc:84:create_or_cell$643_gate ($_OR_): \_324_.A1_gate -> \_324_.A1
Changing input B of cell $flatten\_324_.$auto$liberty.cc:84:create_or_cell$643_gate ($_OR_): \_303_.B_gate -> \_303_.B
Changing input A of cell $flatten\_325_.$auto$liberty.cc:84:create_or_cell$595_gate ($_OR_): \_254_.B_gate -> \_254_.B
Changing input B of cell $flatten\_325_.$auto$liberty.cc:84:create_or_cell$595_gate ($_OR_): \_314_.C_gate -> \_314_.C
Changing input A of cell $flatten\_326_.$auto$liberty.cc:84:create_or_cell$627_gate ($_OR_): \_253_.A_gate -> \_253_.A
Changing input B of cell $flatten\_326_.$auto$liberty.cc:84:create_or_cell$627_gate ($_OR_): \_430_.IQ_gate -> \_430_.IQ
Changing input B of cell $flatten\_326_.$auto$liberty.cc:84:create_or_cell$629_gate ($_OR_): \_431_.IQ_gate -> \_431_.IQ
Changing input B of cell $flatten\_326_.$auto$liberty.cc:84:create_or_cell$631_gate ($_OR_): \_432_.IQ_gate -> \_432_.IQ
Changing input A of cell $flatten\_327_.$auto$liberty.cc:84:create_or_cell$595_gate ($_OR_): \_306_.B1_gate -> \_306_.B1
Changing input B of cell $flatten\_327_.$auto$liberty.cc:84:create_or_cell$595_gate ($_OR_): \_327_.B_gate -> \_327_.B
Changing input B of cell $flatten\_328_.$auto$liberty.cc:75:create_and_cell$645_gate ($_AND_): \_438_.IQ_gate -> \code1
Changing input A of cell $flatten\_328_.$auto$liberty.cc:84:create_or_cell$643_gate ($_OR_): \_308_.B_gate -> \_308_.B
Changing input B of cell $flatten\_328_.$auto$liberty.cc:84:create_or_cell$643_gate ($_OR_): \_328_.A2_gate -> \_328_.A2
Changing input A of cell $flatten\_329_.$auto$liberty.cc:84:create_or_cell$595_gate ($_OR_): \_324_.A1_gate -> \_324_.A1
Changing input B of cell $flatten\_329_.$auto$liberty.cc:84:create_or_cell$595_gate ($_OR_): \_254_.B_gate -> \_254_.B
Changing input A of cell $flatten\_330_.$auto$liberty.cc:58:create_inv_cell$579_gate ($_NOT_): \_430_.IQ_gate -> \_430_.IQ
Changing input B of cell $flatten\_330_.$auto$liberty.cc:75:create_and_cell$581_gate ($_AND_): \_330_.B_gate -> \_330_.B
Changing input A of cell $flatten\_331_.$auto$liberty.cc:84:create_or_cell$595_gate ($_OR_): \_310_.B_gate -> \_310_.B
Changing input B of cell $flatten\_331_.$auto$liberty.cc:84:create_or_cell$595_gate ($_OR_): \_331_.B_gate -> \_331_.B
Changing input A of cell $flatten\_332_.$auto$liberty.cc:75:create_and_cell$553_gate ($_AND_): \_315_.B1_gate -> \_315_.B1
Changing input B of cell $flatten\_332_.$auto$liberty.cc:75:create_and_cell$553_gate ($_AND_): \_332_.B_gate -> \_332_.B
Changing input A of cell $flatten\_333_.$auto$liberty.cc:75:create_and_cell$553_gate ($_AND_): \_333_.A_gate -> \_333_.A
Changing input B of cell $flatten\_333_.$auto$liberty.cc:75:create_and_cell$553_gate ($_AND_): \_333_.B_gate -> \_333_.B
Changing input A of cell $flatten\_334_.$auto$liberty.cc:75:create_and_cell$421_gate ($_AND_): \_433_.IQ_gate -> \_433_.IQ
Changing input B of cell $flatten\_334_.$auto$liberty.cc:75:create_and_cell$421_gate ($_AND_): \_430_.IQ_gate -> \_430_.IQ
Changing input B of cell $flatten\_334_.$auto$liberty.cc:75:create_and_cell$423_gate ($_AND_): \_431_.IQ_gate -> \_431_.IQ
Changing input B of cell $flatten\_334_.$auto$liberty.cc:75:create_and_cell$425_gate ($_AND_): \_309_.A_gate -> \_309_.A
Changing input A of cell $flatten\_335_.$auto$liberty.cc:84:create_or_cell$595_gate ($_OR_): \_306_.B1_gate -> \_306_.B1
Changing input B of cell $flatten\_335_.$auto$liberty.cc:84:create_or_cell$595_gate ($_OR_): \_335_.B_gate -> \_335_.B
Changing input B of cell $flatten\_336_.$auto$liberty.cc:75:create_and_cell$645_gate ($_AND_): \_439_.IQ_gate -> \code2
Changing input A of cell $flatten\_336_.$auto$liberty.cc:84:create_or_cell$643_gate ($_OR_): \_308_.B_gate -> \_308_.B
Changing input B of cell $flatten\_336_.$auto$liberty.cc:84:create_or_cell$643_gate ($_OR_): \_336_.A2_gate -> \_336_.A2
Changing input A of cell $flatten\_337_.$auto$liberty.cc:75:create_and_cell$573_gate ($_AND_): \_430_.IQ_gate -> \_430_.IQ
Changing input B of cell $flatten\_337_.$auto$liberty.cc:75:create_and_cell$573_gate ($_AND_): \_431_.IQ_gate -> \_431_.IQ
Changing input A of cell $flatten\_338_.$auto$liberty.cc:84:create_or_cell$661_gate ($_OR_): \_306_.B1_gate -> \_306_.B1
Changing input B of cell $flatten\_338_.$auto$liberty.cc:84:create_or_cell$661_gate ($_OR_): \_254_.B_gate -> \_254_.B
Changing input B of cell $flatten\_338_.$auto$liberty.cc:84:create_or_cell$663_gate ($_OR_): \_310_.B_gate -> \_310_.B
Changing input B of cell $flatten\_338_.$auto$liberty.cc:84:create_or_cell$665_gate ($_OR_): \_314_.C_gate -> \_314_.C
Changing input B of cell $flatten\_339_.$auto$liberty.cc:75:create_and_cell$645_gate ($_AND_): \_339_.B1_gate -> \_339_.B1
Changing input A of cell $flatten\_339_.$auto$liberty.cc:84:create_or_cell$643_gate ($_OR_): \_339_.A1_gate -> \_339_.A1
Changing input B of cell $flatten\_339_.$auto$liberty.cc:84:create_or_cell$643_gate ($_OR_): \_339_.A2_gate -> \_339_.A2
Changing input A of cell $flatten\_340_.$auto$liberty.cc:84:create_or_cell$627_gate ($_OR_): \_253_.A_gate -> \_253_.A
Changing input B of cell $flatten\_340_.$auto$liberty.cc:84:create_or_cell$627_gate ($_OR_): \_430_.IQ_gate -> \_430_.IQ
Changing input B of cell $flatten\_340_.$auto$liberty.cc:84:create_or_cell$629_gate ($_OR_): \_330_.B_gate -> \_330_.B
Changing input B of cell $flatten\_340_.$auto$liberty.cc:84:create_or_cell$631_gate ($_OR_): \_432_.IQ_gate -> \_432_.IQ
Changing input A of cell $flatten\_341_.$auto$liberty.cc:84:create_or_cell$595_gate ($_OR_): \_306_.B1_gate -> \_306_.B1
Changing input B of cell $flatten\_341_.$auto$liberty.cc:84:create_or_cell$595_gate ($_OR_): \_341_.B_gate -> \_341_.B
Changing input B of cell $flatten\_342_.$auto$liberty.cc:75:create_and_cell$645_gate ($_AND_): \_440_.IQ_gate -> \code3
Changing input A of cell $flatten\_342_.$auto$liberty.cc:84:create_or_cell$643_gate ($_OR_): \_308_.B_gate -> \_308_.B
Changing input B of cell $flatten\_342_.$auto$liberty.cc:84:create_or_cell$643_gate ($_OR_): \_342_.A2_gate -> \_342_.A2
Changing input A of cell $flatten\_343_.$auto$liberty.cc:58:create_inv_cell$579_gate ($_NOT_): \_430_.IQ_gate -> \_430_.IQ
Changing input B of cell $flatten\_343_.$auto$liberty.cc:75:create_and_cell$581_gate ($_AND_): \_431_.IQ_gate -> \_431_.IQ
Changing input B of cell $flatten\_344_.$auto$liberty.cc:75:create_and_cell$645_gate ($_AND_): \_344_.B1_gate -> \_344_.B1
Changing input A of cell $flatten\_344_.$auto$liberty.cc:84:create_or_cell$643_gate ($_OR_): \_339_.A2_gate -> \_339_.A2
Changing input B of cell $flatten\_344_.$auto$liberty.cc:84:create_or_cell$643_gate ($_OR_): \_344_.A2_gate -> \_344_.A2
Changing input A of cell $flatten\_345_.$auto$liberty.cc:84:create_or_cell$615_gate ($_OR_): \_253_.A_gate -> \_253_.A
Changing input B of cell $flatten\_345_.$auto$liberty.cc:84:create_or_cell$615_gate ($_OR_): \_309_.A_gate -> \_309_.A
Changing input B of cell $flatten\_345_.$auto$liberty.cc:84:create_or_cell$617_gate ($_OR_): \_253_.C_gate -> \_253_.C
Changing input A of cell $flatten\_346_.$auto$liberty.cc:84:create_or_cell$595_gate ($_OR_): \_306_.B1_gate -> \_306_.B1
Changing input B of cell $flatten\_346_.$auto$liberty.cc:84:create_or_cell$595_gate ($_OR_): \_346_.B_gate -> \_346_.B
Changing input B of cell $flatten\_347_.$auto$liberty.cc:75:create_and_cell$645_gate ($_AND_): \_441_.IQ_gate -> \code4
Changing input A of cell $flatten\_347_.$auto$liberty.cc:84:create_or_cell$643_gate ($_OR_): \_308_.B_gate -> \_308_.B
Changing input B of cell $flatten\_347_.$auto$liberty.cc:84:create_or_cell$643_gate ($_OR_): \_347_.A2_gate -> \_347_.A2
Changing input A of cell $flatten\_348_.$auto$liberty.cc:75:create_and_cell$573_gate ($_AND_): \_430_.IQ_gate -> \_430_.IQ
Changing input B of cell $flatten\_348_.$auto$liberty.cc:75:create_and_cell$573_gate ($_AND_): \_330_.B_gate -> \_330_.B
Changing input B of cell $flatten\_348_.$auto$liberty.cc:75:create_and_cell$575_gate ($_AND_): \_348_.C_gate -> \_348_.C
Changing input B of cell $flatten\_349_.$auto$liberty.cc:75:create_and_cell$645_gate ($_AND_): \_349_.B1_gate -> \_349_.B1
Changing input A of cell $flatten\_349_.$auto$liberty.cc:84:create_or_cell$643_gate ($_OR_): \_339_.A2_gate -> \_339_.A2
Changing input B of cell $flatten\_349_.$auto$liberty.cc:84:create_or_cell$643_gate ($_OR_): \_349_.A2_gate -> \_349_.A2
Changing input A of cell $flatten\_350_.$auto$liberty.cc:84:create_or_cell$627_gate ($_OR_): \_253_.A_gate -> \_253_.A
Changing input B of cell $flatten\_350_.$auto$liberty.cc:84:create_or_cell$627_gate ($_OR_): \_430_.IQ_gate -> \_430_.IQ
Changing input B of cell $flatten\_350_.$auto$liberty.cc:84:create_or_cell$629_gate ($_OR_): \_431_.IQ_gate -> \_431_.IQ
Changing input B of cell $flatten\_350_.$auto$liberty.cc:84:create_or_cell$631_gate ($_OR_): \_309_.A_gate -> \_309_.A
Changing input A of cell $flatten\_351_.$auto$liberty.cc:84:create_or_cell$595_gate ($_OR_): \_306_.B1_gate -> \_306_.B1
Changing input B of cell $flatten\_351_.$auto$liberty.cc:84:create_or_cell$595_gate ($_OR_): \_351_.B_gate -> \_351_.B
Changing input B of cell $flatten\_352_.$auto$liberty.cc:75:create_and_cell$645_gate ($_AND_): \_442_.IQ_gate -> \code5
Changing input A of cell $flatten\_352_.$auto$liberty.cc:84:create_or_cell$643_gate ($_OR_): \_308_.B_gate -> \_308_.B
Changing input B of cell $flatten\_352_.$auto$liberty.cc:84:create_or_cell$643_gate ($_OR_): \_352_.A2_gate -> \_352_.A2
Changing input A of cell $flatten\_353_.$auto$liberty.cc:75:create_and_cell$573_gate ($_AND_): \_254_.A_gate -> \_254_.A
Changing input B of cell $flatten\_353_.$auto$liberty.cc:75:create_and_cell$573_gate ($_AND_): \_310_.B_gate -> \_310_.B
Changing input B of cell $flatten\_353_.$auto$liberty.cc:75:create_and_cell$575_gate ($_AND_): \_353_.C_gate -> \_353_.C
Changing input B of cell $flatten\_354_.$auto$liberty.cc:75:create_and_cell$645_gate ($_AND_): \_354_.B1_gate -> \_354_.B1
Changing input A of cell $flatten\_354_.$auto$liberty.cc:84:create_or_cell$643_gate ($_OR_): \_331_.B_gate -> \_331_.B
Changing input B of cell $flatten\_354_.$auto$liberty.cc:84:create_or_cell$643_gate ($_OR_): \_354_.A2_gate -> \_354_.A2
Changing input A of cell $flatten\_355_.$auto$liberty.cc:75:create_and_cell$421_gate ($_AND_): \_433_.IQ_gate -> \_433_.IQ
Changing input B of cell $flatten\_355_.$auto$liberty.cc:75:create_and_cell$421_gate ($_AND_): \_430_.IQ_gate -> \_430_.IQ
Changing input B of cell $flatten\_355_.$auto$liberty.cc:75:create_and_cell$423_gate ($_AND_): \_431_.IQ_gate -> \_431_.IQ
Changing input B of cell $flatten\_355_.$auto$liberty.cc:75:create_and_cell$425_gate ($_AND_): \_432_.IQ_gate -> \_432_.IQ
Changing input A of cell $flatten\_356_.$auto$liberty.cc:84:create_or_cell$595_gate ($_OR_): \_306_.B1_gate -> \_306_.B1
Changing input B of cell $flatten\_356_.$auto$liberty.cc:84:create_or_cell$595_gate ($_OR_): \_356_.B_gate -> \_356_.B
Changing input B of cell $flatten\_357_.$auto$liberty.cc:75:create_and_cell$645_gate ($_AND_): \_443_.IQ_gate -> \code6
Changing input A of cell $flatten\_357_.$auto$liberty.cc:84:create_or_cell$643_gate ($_OR_): \_308_.B_gate -> \_308_.B
Changing input B of cell $flatten\_357_.$auto$liberty.cc:84:create_or_cell$643_gate ($_OR_): \_357_.A2_gate -> \_357_.A2
Changing input B of cell $flatten\_358_.$auto$liberty.cc:75:create_and_cell$645_gate ($_AND_): \_358_.B1_gate -> \_358_.B1
Changing input A of cell $flatten\_358_.$auto$liberty.cc:84:create_or_cell$643_gate ($_OR_): \_339_.A1_gate -> \_339_.A1
Changing input B of cell $flatten\_358_.$auto$liberty.cc:84:create_or_cell$643_gate ($_OR_): \_354_.A2_gate -> \_354_.A2
Changing input A of cell $flatten\_359_.$auto$liberty.cc:84:create_or_cell$627_gate ($_OR_): \_253_.A_gate -> \_253_.A
Changing input B of cell $flatten\_359_.$auto$liberty.cc:84:create_or_cell$627_gate ($_OR_): \_430_.IQ_gate -> \_430_.IQ
Changing input B of cell $flatten\_359_.$auto$liberty.cc:84:create_or_cell$629_gate ($_OR_): \_330_.B_gate -> \_330_.B
Changing input B of cell $flatten\_359_.$auto$liberty.cc:84:create_or_cell$631_gate ($_OR_): \_309_.A_gate -> \_309_.A
Changing input A of cell $flatten\_360_.$auto$liberty.cc:84:create_or_cell$595_gate ($_OR_): \_306_.B1_gate -> \_306_.B1
Changing input B of cell $flatten\_360_.$auto$liberty.cc:84:create_or_cell$595_gate ($_OR_): \_360_.B_gate -> \_360_.B
Changing input B of cell $flatten\_361_.$auto$liberty.cc:75:create_and_cell$645_gate ($_AND_): \_444_.IQ_gate -> \code7
Changing input A of cell $flatten\_361_.$auto$liberty.cc:84:create_or_cell$643_gate ($_OR_): \_308_.B_gate -> \_308_.B
Changing input B of cell $flatten\_361_.$auto$liberty.cc:84:create_or_cell$643_gate ($_OR_): \_361_.A2_gate -> \_361_.A2
Changing input B of cell $flatten\_362_.$auto$liberty.cc:75:create_and_cell$645_gate ($_AND_): \_362_.B1_gate -> \_362_.B1
Changing input A of cell $flatten\_362_.$auto$liberty.cc:84:create_or_cell$643_gate ($_OR_): \_344_.A2_gate -> \_344_.A2
Changing input B of cell $flatten\_362_.$auto$liberty.cc:84:create_or_cell$643_gate ($_OR_): \_354_.A2_gate -> \_354_.A2
Changing input A of cell $flatten\_363_.$auto$liberty.cc:84:create_or_cell$615_gate ($_OR_): \_433_.IQ_gate -> \_433_.IQ
Changing input B of cell $flatten\_363_.$auto$liberty.cc:84:create_or_cell$615_gate ($_OR_): \_432_.IQ_gate -> \_432_.IQ
Changing input B of cell $flatten\_363_.$auto$liberty.cc:84:create_or_cell$617_gate ($_OR_): \_253_.C_gate -> \_253_.C
Changing input A of cell $flatten\_364_.$auto$liberty.cc:84:create_or_cell$595_gate ($_OR_): \_306_.B1_gate -> \_306_.B1
Changing input B of cell $flatten\_364_.$auto$liberty.cc:84:create_or_cell$595_gate ($_OR_): \_364_.B_gate -> \_364_.B
Changing input B of cell $flatten\_365_.$auto$liberty.cc:75:create_and_cell$645_gate ($_AND_): \_445_.IQ_gate -> \code8
Changing input A of cell $flatten\_365_.$auto$liberty.cc:84:create_or_cell$643_gate ($_OR_): \_308_.B_gate -> \_308_.B
Changing input B of cell $flatten\_365_.$auto$liberty.cc:84:create_or_cell$643_gate ($_OR_): \_365_.A2_gate -> \_365_.A2
Changing input B of cell $flatten\_366_.$auto$liberty.cc:75:create_and_cell$645_gate ($_AND_): \_366_.B1_gate -> \_366_.B1
Changing input A of cell $flatten\_366_.$auto$liberty.cc:84:create_or_cell$643_gate ($_OR_): \_311_.A2_gate -> \_311_.A2
Changing input B of cell $flatten\_366_.$auto$liberty.cc:84:create_or_cell$643_gate ($_OR_): \_349_.A2_gate -> \_349_.A2
Changing input A of cell $flatten\_367_.$auto$liberty.cc:84:create_or_cell$627_gate ($_OR_): \_433_.IQ_gate -> \_433_.IQ
Changing input B of cell $flatten\_367_.$auto$liberty.cc:84:create_or_cell$627_gate ($_OR_): \_430_.IQ_gate -> \_430_.IQ
Changing input B of cell $flatten\_367_.$auto$liberty.cc:84:create_or_cell$629_gate ($_OR_): \_431_.IQ_gate -> \_431_.IQ
Changing input B of cell $flatten\_367_.$auto$liberty.cc:84:create_or_cell$631_gate ($_OR_): \_432_.IQ_gate -> \_432_.IQ
Changing input A of cell $flatten\_368_.$auto$liberty.cc:84:create_or_cell$595_gate ($_OR_): \_306_.B1_gate -> \_306_.B1
Changing input B of cell $flatten\_368_.$auto$liberty.cc:84:create_or_cell$595_gate ($_OR_): \_368_.B_gate -> \_368_.B
Changing input B of cell $flatten\_369_.$auto$liberty.cc:75:create_and_cell$645_gate ($_AND_): \_446_.IQ_gate -> \code9
Changing input A of cell $flatten\_369_.$auto$liberty.cc:84:create_or_cell$643_gate ($_OR_): \_308_.B_gate -> \_308_.B
Changing input B of cell $flatten\_369_.$auto$liberty.cc:84:create_or_cell$643_gate ($_OR_): \_369_.A2_gate -> \_369_.A2
Changing input B of cell $flatten\_370_.$auto$liberty.cc:75:create_and_cell$645_gate ($_AND_): \_332_.B_gate -> \_332_.B
Changing input A of cell $flatten\_370_.$auto$liberty.cc:84:create_or_cell$643_gate ($_OR_): \_254_.B_gate -> \_254_.B
Changing input B of cell $flatten\_370_.$auto$liberty.cc:84:create_or_cell$643_gate ($_OR_): \_314_.C_gate -> \_314_.C
Changing input B of cell $flatten\_371_.$auto$liberty.cc:75:create_and_cell$645_gate ($_AND_): \_371_.B1_gate -> \_371_.B1
Changing input A of cell $flatten\_371_.$auto$liberty.cc:84:create_or_cell$643_gate ($_OR_): \_306_.B1_gate -> \_306_.B1
Changing input B of cell $flatten\_371_.$auto$liberty.cc:84:create_or_cell$643_gate ($_OR_): \_371_.A2_gate -> \_371_.A2
Changing input A of cell $flatten\_372_.$auto$liberty.cc:75:create_and_cell$409_gate ($_AND_): \_302_.A_gate -> \_302_.A
Changing input B of cell $flatten\_372_.$auto$liberty.cc:75:create_and_cell$409_gate ($_AND_): \_266_.A_gate -> \_266_.A
Changing input A of cell $flatten\_373_.$auto$liberty.cc:75:create_and_cell$553_gate ($_AND_): \_302_.A_gate -> \_302_.A
Changing input B of cell $flatten\_373_.$auto$liberty.cc:75:create_and_cell$553_gate ($_AND_): \_266_.A_gate -> \_266_.A
Changing input B of cell $flatten\_374_.$auto$liberty.cc:84:create_or_cell$653_gate ($_OR_): \_306_.B1_gate -> \_306_.B1
Changing input B of cell $flatten\_374_.$auto$liberty.cc:84:create_or_cell$655_gate ($_OR_): \_254_.B_gate -> \_254_.B
Changing input B of cell $flatten\_375_.$auto$liberty.cc:75:create_and_cell$581_gate ($_AND_): \_254_.A_gate -> \_254_.A
Changing input A of cell $flatten\_376_.$auto$liberty.cc:75:create_and_cell$573_gate ($_AND_): \_254_.B_gate -> \_254_.B
Changing input B of cell $flatten\_376_.$auto$liberty.cc:75:create_and_cell$573_gate ($_AND_): \_376_.B_gate -> \_376_.B
Changing input B of cell $flatten\_376_.$auto$liberty.cc:75:create_and_cell$575_gate ($_AND_): \_376_.C_gate -> \_376_.C
Changing input A of cell $flatten\_377_.$auto$liberty.cc:84:create_or_cell$615_gate ($_OR_): \_254_.A_gate -> \_254_.A
Changing input B of cell $flatten\_377_.$auto$liberty.cc:84:create_or_cell$615_gate ($_OR_): \_258_.B1_gate -> \_258_.B1
Changing input B of cell $flatten\_377_.$auto$liberty.cc:84:create_or_cell$617_gate ($_OR_): \_377_.C_gate -> \_377_.C
Changing input A of cell $flatten\_378_.$auto$liberty.cc:75:create_and_cell$379_gate ($_AND_): \_378_.A1_gate -> \_378_.A1
Changing input B of cell $flatten\_378_.$auto$liberty.cc:75:create_and_cell$379_gate ($_AND_): \_378_.A2_gate -> \_378_.A2
Changing input B of cell $flatten\_378_.$auto$liberty.cc:84:create_or_cell$381_gate ($_OR_): \_378_.B1_gate -> \_378_.B1
Changing input A of cell $flatten\_379_.$auto$liberty.cc:75:create_and_cell$587_gate ($_AND_): \_376_.B_gate -> \_376_.B
Changing input B of cell $flatten\_379_.$auto$liberty.cc:75:create_and_cell$587_gate ($_AND_): \_327_.B_gate -> \_327_.B
Changing input B of cell $flatten\_379_.$auto$liberty.cc:75:create_and_cell$589_gate ($_AND_): \_376_.C_gate -> \_376_.C
Changing input B of cell $flatten\_379_.$auto$liberty.cc:75:create_and_cell$591_gate ($_AND_): \_379_.D_gate -> \_379_.D
Changing input A of cell $flatten\_380_.$auto$liberty.cc:75:create_and_cell$379_gate ($_AND_): \_380_.A1_gate -> \_380_.A1
Changing input B of cell $flatten\_380_.$auto$liberty.cc:75:create_and_cell$379_gate ($_AND_): \_380_.A2_gate -> \_380_.A2
Changing input B of cell $flatten\_380_.$auto$liberty.cc:84:create_or_cell$381_gate ($_OR_): \_378_.B1_gate -> \_378_.B1
Changing input A of cell $flatten\_381_.$auto$liberty.cc:75:create_and_cell$587_gate ($_AND_): \_376_.B_gate -> \_376_.B
Changing input B of cell $flatten\_381_.$auto$liberty.cc:75:create_and_cell$587_gate ($_AND_): \_335_.B_gate -> \_335_.B
Changing input B of cell $flatten\_381_.$auto$liberty.cc:75:create_and_cell$589_gate ($_AND_): \_376_.C_gate -> \_376_.C
Changing input B of cell $flatten\_381_.$auto$liberty.cc:75:create_and_cell$591_gate ($_AND_): \_379_.D_gate -> \_379_.D
Changing input A of cell $flatten\_382_.$auto$liberty.cc:75:create_and_cell$379_gate ($_AND_): \_382_.A1_gate -> \_382_.A1
Changing input B of cell $flatten\_382_.$auto$liberty.cc:75:create_and_cell$379_gate ($_AND_): \_382_.A2_gate -> \_382_.A2
Changing input B of cell $flatten\_382_.$auto$liberty.cc:84:create_or_cell$381_gate ($_OR_): \_378_.B1_gate -> \_378_.B1
Changing input A of cell $flatten\_383_.$auto$liberty.cc:75:create_and_cell$587_gate ($_AND_): \_376_.B_gate -> \_376_.B
Changing input B of cell $flatten\_383_.$auto$liberty.cc:75:create_and_cell$587_gate ($_AND_): \_341_.B_gate -> \_341_.B
Changing input B of cell $flatten\_383_.$auto$liberty.cc:75:create_and_cell$589_gate ($_AND_): \_376_.C_gate -> \_376_.C
Changing input B of cell $flatten\_383_.$auto$liberty.cc:75:create_and_cell$591_gate ($_AND_): \_379_.D_gate -> \_379_.D
Changing input A of cell $flatten\_384_.$auto$liberty.cc:75:create_and_cell$379_gate ($_AND_): \_384_.A1_gate -> \_384_.A1
Changing input B of cell $flatten\_384_.$auto$liberty.cc:75:create_and_cell$379_gate ($_AND_): \_384_.A2_gate -> \_384_.A2
Changing input B of cell $flatten\_384_.$auto$liberty.cc:84:create_or_cell$381_gate ($_OR_): \_378_.B1_gate -> \_378_.B1
Changing input A of cell $flatten\_385_.$auto$liberty.cc:75:create_and_cell$587_gate ($_AND_): \_376_.B_gate -> \_376_.B
Changing input B of cell $flatten\_385_.$auto$liberty.cc:75:create_and_cell$587_gate ($_AND_): \_346_.B_gate -> \_346_.B
Changing input B of cell $flatten\_385_.$auto$liberty.cc:75:create_and_cell$589_gate ($_AND_): \_376_.C_gate -> \_376_.C
Changing input B of cell $flatten\_385_.$auto$liberty.cc:75:create_and_cell$591_gate ($_AND_): \_379_.D_gate -> \_379_.D
Changing input A of cell $flatten\_386_.$auto$liberty.cc:75:create_and_cell$379_gate ($_AND_): \_386_.A1_gate -> \_386_.A1
Changing input B of cell $flatten\_386_.$auto$liberty.cc:75:create_and_cell$379_gate ($_AND_): \_386_.A2_gate -> \_386_.A2
Changing input B of cell $flatten\_386_.$auto$liberty.cc:84:create_or_cell$381_gate ($_OR_): \_378_.B1_gate -> \_378_.B1
Changing input A of cell $flatten\_387_.$auto$liberty.cc:75:create_and_cell$587_gate ($_AND_): \_376_.B_gate -> \_376_.B
Changing input B of cell $flatten\_387_.$auto$liberty.cc:75:create_and_cell$587_gate ($_AND_): \_351_.B_gate -> \_351_.B
Changing input B of cell $flatten\_387_.$auto$liberty.cc:75:create_and_cell$589_gate ($_AND_): \_376_.C_gate -> \_376_.C
Changing input B of cell $flatten\_387_.$auto$liberty.cc:75:create_and_cell$591_gate ($_AND_): \_379_.D_gate -> \_379_.D
Changing input A of cell $flatten\_388_.$auto$liberty.cc:75:create_and_cell$379_gate ($_AND_): \_388_.A1_gate -> \_388_.A1
Changing input B of cell $flatten\_388_.$auto$liberty.cc:75:create_and_cell$379_gate ($_AND_): \_388_.A2_gate -> \_388_.A2
Changing input B of cell $flatten\_388_.$auto$liberty.cc:84:create_or_cell$381_gate ($_OR_): \_378_.B1_gate -> \_378_.B1
Changing input A of cell $flatten\_389_.$auto$liberty.cc:75:create_and_cell$587_gate ($_AND_): \_376_.B_gate -> \_376_.B
Changing input B of cell $flatten\_389_.$auto$liberty.cc:75:create_and_cell$587_gate ($_AND_): \_356_.B_gate -> \_356_.B
Changing input B of cell $flatten\_389_.$auto$liberty.cc:75:create_and_cell$589_gate ($_AND_): \_376_.C_gate -> \_376_.C
Changing input B of cell $flatten\_389_.$auto$liberty.cc:75:create_and_cell$591_gate ($_AND_): \_379_.D_gate -> \_379_.D
Changing input A of cell $flatten\_390_.$auto$liberty.cc:75:create_and_cell$379_gate ($_AND_): \_390_.A1_gate -> \_390_.A1
Changing input B of cell $flatten\_390_.$auto$liberty.cc:75:create_and_cell$379_gate ($_AND_): \_390_.A2_gate -> \_390_.A2
Changing input B of cell $flatten\_390_.$auto$liberty.cc:84:create_or_cell$381_gate ($_OR_): \_378_.B1_gate -> \_378_.B1
Changing input A of cell $flatten\_391_.$auto$liberty.cc:75:create_and_cell$587_gate ($_AND_): \_376_.B_gate -> \_376_.B
Changing input B of cell $flatten\_391_.$auto$liberty.cc:75:create_and_cell$587_gate ($_AND_): \_360_.B_gate -> \_360_.B
Changing input B of cell $flatten\_391_.$auto$liberty.cc:75:create_and_cell$589_gate ($_AND_): \_376_.C_gate -> \_376_.C
Changing input B of cell $flatten\_391_.$auto$liberty.cc:75:create_and_cell$591_gate ($_AND_): \_379_.D_gate -> \_379_.D
Changing input A of cell $flatten\_392_.$auto$liberty.cc:75:create_and_cell$379_gate ($_AND_): \_392_.A1_gate -> \_392_.A1
Changing input B of cell $flatten\_392_.$auto$liberty.cc:75:create_and_cell$379_gate ($_AND_): \_392_.A2_gate -> \_392_.A2
Changing input B of cell $flatten\_392_.$auto$liberty.cc:84:create_or_cell$381_gate ($_OR_): \_378_.B1_gate -> \_378_.B1
Changing input A of cell $flatten\_393_.$auto$liberty.cc:75:create_and_cell$587_gate ($_AND_): \_376_.B_gate -> \_376_.B
Changing input B of cell $flatten\_393_.$auto$liberty.cc:75:create_and_cell$587_gate ($_AND_): \_364_.B_gate -> \_364_.B
Changing input B of cell $flatten\_393_.$auto$liberty.cc:75:create_and_cell$589_gate ($_AND_): \_376_.C_gate -> \_376_.C
Changing input B of cell $flatten\_393_.$auto$liberty.cc:75:create_and_cell$591_gate ($_AND_): \_379_.D_gate -> \_379_.D
Changing input A of cell $flatten\_394_.$auto$liberty.cc:75:create_and_cell$379_gate ($_AND_): \_394_.A1_gate -> \_394_.A1
Changing input B of cell $flatten\_394_.$auto$liberty.cc:75:create_and_cell$379_gate ($_AND_): \_394_.A2_gate -> \_394_.A2
Changing input B of cell $flatten\_394_.$auto$liberty.cc:84:create_or_cell$381_gate ($_OR_): \_378_.B1_gate -> \_378_.B1
Changing input A of cell $flatten\_395_.$auto$liberty.cc:75:create_and_cell$587_gate ($_AND_): \_376_.B_gate -> \_376_.B
Changing input B of cell $flatten\_395_.$auto$liberty.cc:75:create_and_cell$587_gate ($_AND_): \_368_.B_gate -> \_368_.B
Changing input B of cell $flatten\_395_.$auto$liberty.cc:75:create_and_cell$589_gate ($_AND_): \_376_.C_gate -> \_376_.C
Changing input B of cell $flatten\_395_.$auto$liberty.cc:75:create_and_cell$591_gate ($_AND_): \_379_.D_gate -> \_379_.D
Changing input A of cell $flatten\_396_.$auto$liberty.cc:75:create_and_cell$379_gate ($_AND_): \_396_.A1_gate -> \_396_.A1
Changing input B of cell $flatten\_396_.$auto$liberty.cc:75:create_and_cell$379_gate ($_AND_): \_396_.A2_gate -> \_396_.A2
Changing input B of cell $flatten\_396_.$auto$liberty.cc:84:create_or_cell$381_gate ($_OR_): \_378_.B1_gate -> \_378_.B1
Changing input A of cell $flatten\_397_.$auto$liberty.cc:75:create_and_cell$379_gate ($_AND_): \_397_.A1_gate -> \_397_.A1
Changing input B of cell $flatten\_397_.$auto$liberty.cc:75:create_and_cell$379_gate ($_AND_): \_378_.A2_gate -> \_378_.A2
Changing input B of cell $flatten\_397_.$auto$liberty.cc:84:create_or_cell$381_gate ($_OR_): \_378_.B1_gate -> \_378_.B1
Changing input A of cell $flatten\_398_.$auto$liberty.cc:75:create_and_cell$587_gate ($_AND_): \_376_.B_gate -> \_376_.B
Changing input B of cell $flatten\_398_.$auto$liberty.cc:75:create_and_cell$587_gate ($_AND_): \_327_.B_gate -> \_327_.B
Changing input B of cell $flatten\_398_.$auto$liberty.cc:75:create_and_cell$589_gate ($_AND_): \_376_.C_gate -> \_376_.C
Changing input B of cell $flatten\_398_.$auto$liberty.cc:75:create_and_cell$591_gate ($_AND_): \_398_.D_gate -> \_398_.D
Changing input A of cell $flatten\_399_.$auto$liberty.cc:75:create_and_cell$379_gate ($_AND_): \_399_.A1_gate -> \_399_.A1
Changing input B of cell $flatten\_399_.$auto$liberty.cc:75:create_and_cell$379_gate ($_AND_): \_399_.A2_gate -> \_399_.A2
Changing input B of cell $flatten\_399_.$auto$liberty.cc:84:create_or_cell$381_gate ($_OR_): \_378_.B1_gate -> \_378_.B1
Changing input A of cell $flatten\_400_.$auto$liberty.cc:75:create_and_cell$587_gate ($_AND_): \_376_.B_gate -> \_376_.B
Changing input B of cell $flatten\_400_.$auto$liberty.cc:75:create_and_cell$587_gate ($_AND_): \_335_.B_gate -> \_335_.B
Changing input B of cell $flatten\_400_.$auto$liberty.cc:75:create_and_cell$589_gate ($_AND_): \_376_.C_gate -> \_376_.C
Changing input B of cell $flatten\_400_.$auto$liberty.cc:75:create_and_cell$591_gate ($_AND_): \_398_.D_gate -> \_398_.D
Changing input A of cell $flatten\_401_.$auto$liberty.cc:75:create_and_cell$379_gate ($_AND_): \_401_.A1_gate -> \_401_.A1
Changing input B of cell $flatten\_401_.$auto$liberty.cc:75:create_and_cell$379_gate ($_AND_): \_401_.A2_gate -> \_401_.A2
Changing input B of cell $flatten\_401_.$auto$liberty.cc:84:create_or_cell$381_gate ($_OR_): \_378_.B1_gate -> \_378_.B1
Changing input A of cell $flatten\_402_.$auto$liberty.cc:75:create_and_cell$587_gate ($_AND_): \_376_.B_gate -> \_376_.B
Changing input B of cell $flatten\_402_.$auto$liberty.cc:75:create_and_cell$587_gate ($_AND_): \_341_.B_gate -> \_341_.B
Changing input B of cell $flatten\_402_.$auto$liberty.cc:75:create_and_cell$589_gate ($_AND_): \_376_.C_gate -> \_376_.C
Changing input B of cell $flatten\_402_.$auto$liberty.cc:75:create_and_cell$591_gate ($_AND_): \_398_.D_gate -> \_398_.D
Changing input A of cell $flatten\_403_.$auto$liberty.cc:75:create_and_cell$379_gate ($_AND_): \_403_.A1_gate -> \_403_.A1
Changing input B of cell $flatten\_403_.$auto$liberty.cc:75:create_and_cell$379_gate ($_AND_): \_403_.A2_gate -> \_403_.A2
Changing input B of cell $flatten\_403_.$auto$liberty.cc:84:create_or_cell$381_gate ($_OR_): \_378_.B1_gate -> \_378_.B1
Changing input A of cell $flatten\_404_.$auto$liberty.cc:75:create_and_cell$587_gate ($_AND_): \_376_.B_gate -> \_376_.B
Changing input B of cell $flatten\_404_.$auto$liberty.cc:75:create_and_cell$587_gate ($_AND_): \_346_.B_gate -> \_346_.B
Changing input B of cell $flatten\_404_.$auto$liberty.cc:75:create_and_cell$589_gate ($_AND_): \_376_.C_gate -> \_376_.C
Changing input B of cell $flatten\_404_.$auto$liberty.cc:75:create_and_cell$591_gate ($_AND_): \_398_.D_gate -> \_398_.D
Changing input A of cell $flatten\_405_.$auto$liberty.cc:75:create_and_cell$379_gate ($_AND_): \_405_.A1_gate -> \_405_.A1
Changing input B of cell $flatten\_405_.$auto$liberty.cc:75:create_and_cell$379_gate ($_AND_): \_405_.A2_gate -> \_405_.A2
Changing input B of cell $flatten\_405_.$auto$liberty.cc:84:create_or_cell$381_gate ($_OR_): \_378_.B1_gate -> \_378_.B1
Changing input A of cell $flatten\_406_.$auto$liberty.cc:75:create_and_cell$587_gate ($_AND_): \_376_.B_gate -> \_376_.B
Changing input B of cell $flatten\_406_.$auto$liberty.cc:75:create_and_cell$587_gate ($_AND_): \_351_.B_gate -> \_351_.B
Changing input B of cell $flatten\_406_.$auto$liberty.cc:75:create_and_cell$589_gate ($_AND_): \_376_.C_gate -> \_376_.C
Changing input B of cell $flatten\_406_.$auto$liberty.cc:75:create_and_cell$591_gate ($_AND_): \_398_.D_gate -> \_398_.D
Changing input A of cell $flatten\_407_.$auto$liberty.cc:75:create_and_cell$379_gate ($_AND_): \_407_.A1_gate -> \_407_.A1
Changing input B of cell $flatten\_407_.$auto$liberty.cc:75:create_and_cell$379_gate ($_AND_): \_407_.A2_gate -> \_407_.A2
Changing input B of cell $flatten\_407_.$auto$liberty.cc:84:create_or_cell$381_gate ($_OR_): \_378_.B1_gate -> \_378_.B1
Changing input A of cell $flatten\_408_.$auto$liberty.cc:75:create_and_cell$587_gate ($_AND_): \_376_.B_gate -> \_376_.B
Changing input B of cell $flatten\_408_.$auto$liberty.cc:75:create_and_cell$587_gate ($_AND_): \_356_.B_gate -> \_356_.B
Changing input B of cell $flatten\_408_.$auto$liberty.cc:75:create_and_cell$589_gate ($_AND_): \_376_.C_gate -> \_376_.C
Changing input B of cell $flatten\_408_.$auto$liberty.cc:75:create_and_cell$591_gate ($_AND_): \_398_.D_gate -> \_398_.D
Changing input A of cell $flatten\_409_.$auto$liberty.cc:75:create_and_cell$379_gate ($_AND_): \_409_.A1_gate -> \_409_.A1
Changing input B of cell $flatten\_409_.$auto$liberty.cc:75:create_and_cell$379_gate ($_AND_): \_409_.A2_gate -> \_409_.A2
Changing input B of cell $flatten\_409_.$auto$liberty.cc:84:create_or_cell$381_gate ($_OR_): \_378_.B1_gate -> \_378_.B1
Changing input A of cell $flatten\_410_.$auto$liberty.cc:75:create_and_cell$587_gate ($_AND_): \_376_.B_gate -> \_376_.B
Changing input B of cell $flatten\_410_.$auto$liberty.cc:75:create_and_cell$587_gate ($_AND_): \_360_.B_gate -> \_360_.B
Changing input B of cell $flatten\_410_.$auto$liberty.cc:75:create_and_cell$589_gate ($_AND_): \_376_.C_gate -> \_376_.C
Changing input B of cell $flatten\_410_.$auto$liberty.cc:75:create_and_cell$591_gate ($_AND_): \_398_.D_gate -> \_398_.D
Changing input A of cell $flatten\_411_.$auto$liberty.cc:75:create_and_cell$379_gate ($_AND_): \_411_.A1_gate -> \_411_.A1
Changing input B of cell $flatten\_411_.$auto$liberty.cc:75:create_and_cell$379_gate ($_AND_): \_411_.A2_gate -> \_411_.A2
Changing input B of cell $flatten\_411_.$auto$liberty.cc:84:create_or_cell$381_gate ($_OR_): \_378_.B1_gate -> \_378_.B1
Changing input A of cell $flatten\_412_.$auto$liberty.cc:75:create_and_cell$587_gate ($_AND_): \_376_.B_gate -> \_376_.B
Changing input B of cell $flatten\_412_.$auto$liberty.cc:75:create_and_cell$587_gate ($_AND_): \_364_.B_gate -> \_364_.B
Changing input B of cell $flatten\_412_.$auto$liberty.cc:75:create_and_cell$589_gate ($_AND_): \_376_.C_gate -> \_376_.C
Changing input B of cell $flatten\_412_.$auto$liberty.cc:75:create_and_cell$591_gate ($_AND_): \_398_.D_gate -> \_398_.D
Changing input A of cell $flatten\_413_.$auto$liberty.cc:75:create_and_cell$379_gate ($_AND_): \_413_.A1_gate -> \_413_.A1
Changing input B of cell $flatten\_413_.$auto$liberty.cc:75:create_and_cell$379_gate ($_AND_): \_413_.A2_gate -> \_413_.A2
Changing input B of cell $flatten\_413_.$auto$liberty.cc:84:create_or_cell$381_gate ($_OR_): \_378_.B1_gate -> \_378_.B1
Changing input A of cell $flatten\_414_.$auto$liberty.cc:75:create_and_cell$587_gate ($_AND_): \_376_.B_gate -> \_376_.B
Changing input B of cell $flatten\_414_.$auto$liberty.cc:75:create_and_cell$587_gate ($_AND_): \_368_.B_gate -> \_368_.B
Changing input B of cell $flatten\_414_.$auto$liberty.cc:75:create_and_cell$589_gate ($_AND_): \_376_.C_gate -> \_376_.C
Changing input B of cell $flatten\_414_.$auto$liberty.cc:75:create_and_cell$591_gate ($_AND_): \_398_.D_gate -> \_398_.D
Changing input A of cell $flatten\_415_.$auto$liberty.cc:75:create_and_cell$379_gate ($_AND_): \_415_.A1_gate -> \_415_.A1
Changing input B of cell $flatten\_415_.$auto$liberty.cc:75:create_and_cell$379_gate ($_AND_): \_415_.A2_gate -> \_415_.A2
Changing input B of cell $flatten\_415_.$auto$liberty.cc:84:create_or_cell$381_gate ($_OR_): \_378_.B1_gate -> \_378_.B1
Changing input B of cell $flatten\_416_.$auto$liberty.cc:75:create_and_cell$553_gate ($_AND_): \_256_.B_gate -> \_256_.B
Changing input A of cell $flatten\_417_.$auto$liberty.cc:75:create_and_cell$573_gate ($_AND_): \_246_.B_gate -> \_246_.B
Changing input B of cell $flatten\_417_.$auto$liberty.cc:75:create_and_cell$573_gate ($_AND_): \_306_.B1_gate -> \_306_.B1
Changing input B of cell $flatten\_417_.$auto$liberty.cc:75:create_and_cell$575_gate ($_AND_): \_298_.A1_gate -> \_298_.A1
Changing input A of cell $flatten\_418_.$auto$liberty.cc:75:create_and_cell$553_gate ($_AND_): \_467_.IQ_gate -> \busy
Changing input B of cell $flatten\_418_.$auto$liberty.cc:75:create_and_cell$553_gate ($_AND_): \_418_.B_gate -> \_418_.B
Changing input A of cell $flatten\_419_.$auto$liberty.cc:75:create_and_cell$553_gate ($_AND_): \_419_.A_gate -> \_419_.A
Changing input B of cell $flatten\_419_.$auto$liberty.cc:75:create_and_cell$553_gate ($_AND_): \_419_.B_gate -> \_419_.B
Changing input B of cell $flatten\_420_.$auto$liberty.cc:75:create_and_cell$645_gate ($_AND_): \_469_.IQ_gate -> \sample
Changing input A of cell $flatten\_420_.$auto$liberty.cc:84:create_or_cell$643_gate ($_OR_): \_254_.A_gate -> \_254_.A
Changing input B of cell $flatten\_420_.$auto$liberty.cc:84:create_or_cell$643_gate ($_OR_): \_377_.C_gate -> \_377_.C
Changing input A of cell $flatten\_421_.$auto$liberty.cc:75:create_and_cell$573_gate ($_AND_): \_283_.B1_gate -> \_283_.B1
Changing input B of cell $flatten\_421_.$auto$liberty.cc:75:create_and_cell$573_gate ($_AND_): \_419_.A_gate -> \_419_.A
Changing input B of cell $flatten\_421_.$auto$liberty.cc:75:create_and_cell$575_gate ($_AND_): \_421_.C_gate -> \_421_.C
Changing input D of cell $flatten\_422_.$auto$liberty.cc:266:create_ff$444_gate ($_SDFF_PN0_): \_422_.D_gate -> \_422_.D
Changing input D of cell $flatten\_423_.$auto$liberty.cc:266:create_ff$444_gate ($_SDFF_PN0_): \_423_.D_gate -> \_423_.D
Changing input D of cell $flatten\_424_.$auto$liberty.cc:266:create_ff$444_gate ($_SDFF_PN0_): \_424_.D_gate -> \_424_.D
Changing input D of cell $flatten\_425_.$auto$liberty.cc:266:create_ff$444_gate ($_SDFF_PN0_): \_425_.D_gate -> \_425_.D
Changing input D of cell $flatten\_426_.$auto$liberty.cc:266:create_ff$444_gate ($_SDFF_PN0_): \_426_.D_gate -> \_426_.D
Changing input D of cell $flatten\_427_.$auto$liberty.cc:266:create_ff$444_gate ($_SDFF_PN0_): \_427_.D_gate -> \_427_.D
Changing input D of cell $flatten\_428_.$auto$liberty.cc:266:create_ff$444_gate ($_SDFF_PN0_): \_428_.D_gate -> \_428_.D
Changing input D of cell $flatten\_429_.$auto$liberty.cc:266:create_ff$444_gate ($_SDFF_PN0_): \_429_.D_gate -> \_429_.D
Changing input D of cell $flatten\_430_.$auto$liberty.cc:266:create_ff$444_gate ($_SDFF_PN0_): \_430_.D_gate -> \_430_.D
Changing input D of cell $flatten\_431_.$auto$liberty.cc:266:create_ff$444_gate ($_SDFF_PN0_): \_431_.D_gate -> \_431_.D
Changing input D of cell $flatten\_432_.$auto$liberty.cc:266:create_ff$444_gate ($_SDFF_PN0_): \_432_.D_gate -> \_432_.D
Changing input D of cell $flatten\_433_.$auto$liberty.cc:266:create_ff$444_gate ($_SDFF_PN0_): \_433_.D_gate -> \_433_.D
Changing input D of cell $flatten\_434_.$auto$liberty.cc:266:create_ff$444_gate ($_SDFF_PN0_): \_434_.D_gate -> \_434_.D
Changing input D of cell $flatten\_435_.$auto$liberty.cc:266:create_ff$444_gate ($_SDFF_PN0_): \_435_.D_gate -> \_435_.D
Changing input D of cell $flatten\_436_.$auto$liberty.cc:266:create_ff$444_gate ($_SDFF_PN0_): \_436_.D_gate -> \_436_.D
Changing input D of cell $flatten\_437_.$auto$liberty.cc:266:create_ff$444_gate ($_SDFF_PN0_): \_437_.D_gate -> \_437_.D
Changing input D of cell $flatten\_438_.$auto$liberty.cc:266:create_ff$444_gate ($_SDFF_PN0_): \_438_.D_gate -> \_438_.D
Changing input D of cell $flatten\_439_.$auto$liberty.cc:266:create_ff$444_gate ($_SDFF_PN0_): \_439_.D_gate -> \_439_.D
Changing input D of cell $flatten\_440_.$auto$liberty.cc:266:create_ff$444_gate ($_SDFF_PN0_): \_440_.D_gate -> \_440_.D
Changing input D of cell $flatten\_441_.$auto$liberty.cc:266:create_ff$444_gate ($_SDFF_PN0_): \_441_.D_gate -> \_441_.D
Changing input D of cell $flatten\_442_.$auto$liberty.cc:266:create_ff$444_gate ($_SDFF_PN0_): \_442_.D_gate -> \_442_.D
Changing input D of cell $flatten\_443_.$auto$liberty.cc:266:create_ff$444_gate ($_SDFF_PN0_): \_443_.D_gate -> \_443_.D
Changing input D of cell $flatten\_444_.$auto$liberty.cc:266:create_ff$444_gate ($_SDFF_PN0_): \_444_.D_gate -> \_444_.D
Changing input D of cell $flatten\_445_.$auto$liberty.cc:266:create_ff$444_gate ($_SDFF_PN0_): \_445_.D_gate -> \_445_.D
Changing input D of cell $flatten\_446_.$auto$liberty.cc:266:create_ff$444_gate ($_SDFF_PN0_): \_446_.D_gate -> \_446_.D
Changing input D of cell $flatten\_447_.$auto$liberty.cc:266:create_ff$444_gate ($_SDFF_PN0_): \_447_.D_gate -> \_447_.D
Changing input D of cell $flatten\_448_.$auto$liberty.cc:266:create_ff$444_gate ($_SDFF_PN0_): \_448_.D_gate -> \_448_.D
Changing input D of cell $flatten\_449_.$auto$liberty.cc:266:create_ff$444_gate ($_SDFF_PN0_): \_449_.D_gate -> \_449_.D
Changing input D of cell $flatten\_450_.$auto$liberty.cc:266:create_ff$444_gate ($_SDFF_PN0_): \_450_.D_gate -> \_450_.D
Changing input D of cell $flatten\_451_.$auto$liberty.cc:266:create_ff$444_gate ($_SDFF_PN0_): \_451_.D_gate -> \_451_.D
Changing input D of cell $flatten\_452_.$auto$liberty.cc:266:create_ff$444_gate ($_SDFF_PN0_): \_452_.D_gate -> \_452_.D
Changing input D of cell $flatten\_453_.$auto$liberty.cc:266:create_ff$444_gate ($_SDFF_PN0_): \_453_.D_gate -> \_453_.D
Changing input D of cell $flatten\_454_.$auto$liberty.cc:266:create_ff$444_gate ($_SDFF_PN0_): \_454_.D_gate -> \_454_.D
Changing input D of cell $flatten\_455_.$auto$liberty.cc:266:create_ff$444_gate ($_SDFF_PN0_): \_455_.D_gate -> \_455_.D
Changing input D of cell $flatten\_456_.$auto$liberty.cc:266:create_ff$444_gate ($_SDFF_PN0_): \_456_.D_gate -> \_456_.D
Changing input D of cell $flatten\_457_.$auto$liberty.cc:266:create_ff$444_gate ($_SDFF_PN0_): \_457_.D_gate -> \_457_.D
Changing input D of cell $flatten\_458_.$auto$liberty.cc:266:create_ff$444_gate ($_SDFF_PN0_): \_458_.D_gate -> \_458_.D
Changing input D of cell $flatten\_459_.$auto$liberty.cc:266:create_ff$444_gate ($_SDFF_PN0_): \_459_.D_gate -> \_459_.D
Changing input D of cell $flatten\_460_.$auto$liberty.cc:266:create_ff$444_gate ($_SDFF_PN0_): \_460_.D_gate -> \_460_.D
Changing input D of cell $flatten\_461_.$auto$liberty.cc:266:create_ff$444_gate ($_SDFF_PN0_): \_461_.D_gate -> \_461_.D
Changing input D of cell $flatten\_462_.$auto$liberty.cc:266:create_ff$444_gate ($_SDFF_PN0_): \_462_.D_gate -> \_462_.D
Changing input D of cell $flatten\_463_.$auto$liberty.cc:266:create_ff$444_gate ($_SDFF_PN0_): \_463_.D_gate -> \_463_.D
Changing input D of cell $flatten\_464_.$auto$liberty.cc:266:create_ff$444_gate ($_SDFF_PN0_): \_464_.D_gate -> \_464_.D
Changing input D of cell $flatten\_465_.$auto$liberty.cc:266:create_ff$444_gate ($_SDFF_PN0_): \_465_.D_gate -> \_465_.D
Changing input D of cell $flatten\_466_.$auto$liberty.cc:266:create_ff$444_gate ($_SDFF_PN0_): \_466_.D_gate -> \_466_.D
Changing input D of cell $flatten\_467_.$auto$liberty.cc:266:create_ff$444_gate ($_SDFF_PN0_): \_467_.D_gate -> \_467_.D
Changing input D of cell $flatten\_468_.$auto$liberty.cc:266:create_ff$444_gate ($_SDFF_PN0_): \_468_.D_gate -> \_468_.D
Changing input D of cell $flatten\_469_.$auto$liberty.cc:266:create_ff$444_gate ($_SDFF_PN0_): \_469_.D_gate -> \_469_.D
Changing input D of cell $flatten\_470_.$auto$liberty.cc:266:create_ff$444_gate ($_SDFF_PN0_): \_470_.D_gate -> \_470_.D
Changing input A of cell $flatten\_212_.$auto$liberty.cc:58:create_inv_cell$127_gold ($_NOT_): \_433_.IQ_gold -> \_433_.IQ
Changing input A of cell $flatten\_213_.$auto$liberty.cc:58:create_inv_cell$127_gold ($_NOT_): \_423_.IQ_gold -> \_423_.IQ
Changing input A of cell $flatten\_214_.$auto$liberty.cc:58:create_inv_cell$127_gold ($_NOT_): \_427_.IQ_gold -> \_427_.IQ
Changing input A of cell $flatten\_215_.$auto$liberty.cc:58:create_inv_cell$127_gold ($_NOT_): \_428_.IQ_gold -> \_428_.IQ
Changing input A of cell $flatten\_216_.$auto$liberty.cc:58:create_inv_cell$127_gold ($_NOT_): \_431_.IQ_gold -> \_431_.IQ
Changing input A of cell $flatten\_217_.$auto$liberty.cc:58:create_inv_cell$127_gold ($_NOT_): \_432_.IQ_gold -> \_432_.IQ
Changing input A of cell $flatten\_218_.$auto$liberty.cc:58:create_inv_cell$127_gold ($_NOT_): \_436_.IQ_gold -> \_436_.IQ
Changing input A of cell $flatten\_219_.$auto$liberty.cc:58:create_inv_cell$127_gold ($_NOT_): \_447_.IQ_gold -> \bn0
Changing input A of cell $flatten\_220_.$auto$liberty.cc:58:create_inv_cell$127_gold ($_NOT_): \_448_.IQ_gold -> \bn1
Changing input A of cell $flatten\_221_.$auto$liberty.cc:58:create_inv_cell$127_gold ($_NOT_): \_449_.IQ_gold -> \bn2
Changing input A of cell $flatten\_222_.$auto$liberty.cc:58:create_inv_cell$127_gold ($_NOT_): \_450_.IQ_gold -> \bn3
Changing input A of cell $flatten\_223_.$auto$liberty.cc:58:create_inv_cell$127_gold ($_NOT_): \_451_.IQ_gold -> \bn4
Changing input A of cell $flatten\_224_.$auto$liberty.cc:58:create_inv_cell$127_gold ($_NOT_): \_452_.IQ_gold -> \bn5
Changing input A of cell $flatten\_225_.$auto$liberty.cc:58:create_inv_cell$127_gold ($_NOT_): \_453_.IQ_gold -> \bn6
Changing input A of cell $flatten\_226_.$auto$liberty.cc:58:create_inv_cell$127_gold ($_NOT_): \_454_.IQ_gold -> \bn7
Changing input A of cell $flatten\_227_.$auto$liberty.cc:58:create_inv_cell$127_gold ($_NOT_): \_455_.IQ_gold -> \bn8
Changing input A of cell $flatten\_228_.$auto$liberty.cc:58:create_inv_cell$127_gold ($_NOT_): \_456_.IQ_gold -> \bn9
Changing input A of cell $flatten\_229_.$auto$liberty.cc:58:create_inv_cell$127_gold ($_NOT_): \_457_.IQ_gold -> \bp0
Changing input A of cell $flatten\_230_.$auto$liberty.cc:58:create_inv_cell$127_gold ($_NOT_): \_458_.IQ_gold -> \bp1
Changing input A of cell $flatten\_231_.$auto$liberty.cc:58:create_inv_cell$127_gold ($_NOT_): \_459_.IQ_gold -> \bp2
Changing input A of cell $flatten\_232_.$auto$liberty.cc:58:create_inv_cell$127_gold ($_NOT_): \_460_.IQ_gold -> \bp3
Changing input A of cell $flatten\_233_.$auto$liberty.cc:58:create_inv_cell$127_gold ($_NOT_): \_461_.IQ_gold -> \bp4
Changing input A of cell $flatten\_234_.$auto$liberty.cc:58:create_inv_cell$127_gold ($_NOT_): \_462_.IQ_gold -> \bp5
Changing input A of cell $flatten\_235_.$auto$liberty.cc:58:create_inv_cell$127_gold ($_NOT_): \_463_.IQ_gold -> \bp6
Changing input A of cell $flatten\_236_.$auto$liberty.cc:58:create_inv_cell$127_gold ($_NOT_): \_464_.IQ_gold -> \bp7
Changing input A of cell $flatten\_237_.$auto$liberty.cc:58:create_inv_cell$127_gold ($_NOT_): \_465_.IQ_gold -> \bp8
Changing input A of cell $flatten\_238_.$auto$liberty.cc:58:create_inv_cell$127_gold ($_NOT_): \_466_.IQ_gold -> \bp9
Changing input A of cell $flatten\_241_.$auto$liberty.cc:58:create_inv_cell$233_gold ($_NOT_): \_434_.IQ_gold -> \_434_.IQ
Changing input A of cell $flatten\_241_.$auto$liberty.cc:84:create_or_cell$235_gold ($_OR_): \_435_.IQ_gold -> \_435_.IQ
Changing input A of cell $flatten\_242_.$auto$liberty.cc:58:create_inv_cell$209_gold ($_NOT_): \_435_.IQ_gold -> \_435_.IQ
Changing input A of cell $flatten\_242_.$auto$liberty.cc:58:create_inv_cell$215_gold ($_NOT_): \_468_.D_gold -> \_468_.D
Changing input B of cell $flatten\_242_.$auto$liberty.cc:75:create_and_cell$211_gold ($_AND_): \_436_.IQ_gold -> \_436_.IQ
Changing input B of cell $flatten\_242_.$auto$liberty.cc:75:create_and_cell$213_gold ($_AND_): \_434_.IQ_gold -> \_434_.IQ
Changing input A of cell $flatten\_244_.$auto$liberty.cc:58:create_inv_cell$209_gold ($_NOT_): \_436_.IQ_gold -> \_436_.IQ
Changing input A of cell $flatten\_244_.$auto$liberty.cc:58:create_inv_cell$215_gold ($_NOT_): \_470_.D_gold -> \_470_.D
Changing input B of cell $flatten\_244_.$auto$liberty.cc:75:create_and_cell$211_gold ($_AND_): \_435_.IQ_gold -> \_435_.IQ
Changing input B of cell $flatten\_244_.$auto$liberty.cc:75:create_and_cell$213_gold ($_AND_): \_434_.IQ_gold -> \_434_.IQ
Changing input A of cell $flatten\_246_.$auto$liberty.cc:75:create_and_cell$39_gold ($_AND_): \_246_.A_gold -> \_246_.A
Changing input B of cell $flatten\_246_.$auto$liberty.cc:75:create_and_cell$39_gold ($_AND_): \_246_.B_gold -> \_246_.B
Changing input A of cell $flatten\_247_.$auto$liberty.cc:75:create_and_cell$183_gold ($_AND_): \_246_.A_gold -> \_246_.A
Changing input B of cell $flatten\_247_.$auto$liberty.cc:75:create_and_cell$183_gold ($_AND_): \_246_.B_gold -> \_246_.B
Changing input A of cell $flatten\_248_.$auto$liberty.cc:84:create_or_cell$225_gold ($_OR_): \_434_.IQ_gold -> \_434_.IQ
Changing input B of cell $flatten\_248_.$auto$liberty.cc:84:create_or_cell$225_gold ($_OR_): \_435_.IQ_gold -> \_435_.IQ
Changing input A of cell $flatten\_249_.$auto$liberty.cc:75:create_and_cell$39_gold ($_AND_): \_436_.IQ_gold -> \_436_.IQ
Changing input B of cell $flatten\_249_.$auto$liberty.cc:75:create_and_cell$39_gold ($_AND_): \_249_.B_gold -> \_249_.B
Changing input A of cell $flatten\_250_.$auto$liberty.cc:75:create_and_cell$183_gold ($_AND_): \_436_.IQ_gold -> \_436_.IQ
Changing input B of cell $flatten\_250_.$auto$liberty.cc:75:create_and_cell$183_gold ($_AND_): \_249_.B_gold -> \_249_.B
Changing input A of cell $flatten\_251_.$auto$liberty.cc:58:create_inv_cell$233_gold ($_NOT_): \_430_.IQ_gold -> \_430_.IQ
Changing input A of cell $flatten\_251_.$auto$liberty.cc:84:create_or_cell$235_gold ($_OR_): \_431_.IQ_gold -> \_431_.IQ
Changing input A of cell $flatten\_252_.$auto$liberty.cc:58:create_inv_cell$191_gold ($_NOT_): \_431_.IQ_gold -> \_431_.IQ
Changing input B of cell $flatten\_252_.$auto$liberty.cc:75:create_and_cell$193_gold ($_AND_): \_430_.IQ_gold -> \_430_.IQ
Changing input A of cell $flatten\_253_.$auto$liberty.cc:84:create_or_cell$245_gold ($_OR_): \_253_.A_gold -> \_253_.A
Changing input B of cell $flatten\_253_.$auto$liberty.cc:84:create_or_cell$245_gold ($_OR_): \_432_.IQ_gold -> \_432_.IQ
Changing input B of cell $flatten\_253_.$auto$liberty.cc:84:create_or_cell$247_gold ($_OR_): \_253_.C_gold -> \_253_.C
Changing input A of cell $flatten\_254_.$auto$liberty.cc:75:create_and_cell$183_gold ($_AND_): \_254_.A_gold -> \_254_.A
Changing input B of cell $flatten\_254_.$auto$liberty.cc:75:create_and_cell$183_gold ($_AND_): \_254_.B_gold -> \_254_.B
Changing input A of cell $flatten\_255_.$auto$liberty.cc:84:create_or_cell$245_gold ($_OR_): \_434_.IQ_gold -> \_434_.IQ
Changing input B of cell $flatten\_255_.$auto$liberty.cc:84:create_or_cell$245_gold ($_OR_): \_435_.IQ_gold -> \_435_.IQ
Changing input B of cell $flatten\_255_.$auto$liberty.cc:84:create_or_cell$247_gold ($_OR_): \_436_.IQ_gold -> \_436_.IQ
Changing input A of cell $flatten\_256_.$auto$liberty.cc:75:create_and_cell$39_gold ($_AND_): \_256_.A_gold -> \_256_.A
Changing input B of cell $flatten\_256_.$auto$liberty.cc:75:create_and_cell$39_gold ($_AND_): \_256_.B_gold -> \_256_.B
Changing input A of cell $flatten\_257_.$auto$liberty.cc:75:create_and_cell$183_gold ($_AND_): \_256_.A_gold -> \_256_.A
Changing input B of cell $flatten\_257_.$auto$liberty.cc:75:create_and_cell$183_gold ($_AND_): \_256_.B_gold -> \_256_.B
Changing input A of cell $flatten\_258_.$auto$liberty.cc:75:create_and_cell$9_gold ($_AND_): \_254_.A_gold -> \_254_.A
Changing input B of cell $flatten\_258_.$auto$liberty.cc:75:create_and_cell$9_gold ($_AND_): \_254_.B_gold -> \_254_.B
Changing input B of cell $flatten\_258_.$auto$liberty.cc:84:create_or_cell$11_gold ($_OR_): \_258_.B1_gold -> \_258_.B1
Changing input A of cell $flatten\_259_.$auto$liberty.cc:75:create_and_cell$21_gold ($_AND_): \_254_.A_gold -> \_254_.A
Changing input B of cell $flatten\_259_.$auto$liberty.cc:75:create_and_cell$21_gold ($_AND_): \_254_.B_gold -> \_254_.B
Changing input A of cell $flatten\_259_.$auto$liberty.cc:75:create_and_cell$23_gold ($_AND_): \_256_.B_gold -> \_256_.B
Changing input B of cell $flatten\_259_.$auto$liberty.cc:75:create_and_cell$23_gold ($_AND_): \_256_.A_gold -> \_256_.A
Changing input B of cell $flatten\_259_.$auto$liberty.cc:84:create_or_cell$27_gold ($_OR_): \_259_.C1_gold -> \_259_.C1
Changing input A of cell $flatten\_260_.$auto$liberty.cc:75:create_and_cell$39_gold ($_AND_): \_260_.A_gold -> \_260_.A
Changing input B of cell $flatten\_260_.$auto$liberty.cc:75:create_and_cell$39_gold ($_AND_): \_260_.B_gold -> \_260_.B
Changing input A of cell $flatten\_261_.$auto$liberty.cc:84:create_or_cell$225_gold ($_OR_): \_434_.IQ_gold -> \_434_.IQ
Changing input B of cell $flatten\_261_.$auto$liberty.cc:84:create_or_cell$225_gold ($_OR_): \_436_.IQ_gold -> \_436_.IQ
Changing input A of cell $flatten\_262_.$auto$liberty.cc:75:create_and_cell$183_gold ($_AND_): \_435_.IQ_gold -> \_435_.IQ
Changing input B of cell $flatten\_262_.$auto$liberty.cc:75:create_and_cell$183_gold ($_AND_): \_262_.B_gold -> \_262_.B
Changing input A of cell $flatten\_263_.$auto$liberty.cc:84:create_or_cell$291_gold ($_OR_): \_426_.IQ_gold -> \_426_.IQ
Changing input B of cell $flatten\_263_.$auto$liberty.cc:84:create_or_cell$291_gold ($_OR_): \_427_.IQ_gold -> \_427_.IQ
Changing input B of cell $flatten\_263_.$auto$liberty.cc:84:create_or_cell$293_gold ($_OR_): \_428_.IQ_gold -> \_428_.IQ
Changing input B of cell $flatten\_263_.$auto$liberty.cc:84:create_or_cell$295_gold ($_OR_): \_429_.IQ_gold -> \_429_.IQ
Changing input A of cell $flatten\_264_.$auto$liberty.cc:58:create_inv_cell$191_gold ($_NOT_): \_422_.IQ_gold -> \_422_.IQ
Changing input B of cell $flatten\_264_.$auto$liberty.cc:75:create_and_cell$193_gold ($_AND_): \_423_.IQ_gold -> \_423_.IQ
Changing input A of cell $flatten\_265_.$auto$liberty.cc:84:create_or_cell$257_gold ($_OR_): \_424_.IQ_gold -> \_424_.IQ
Changing input B of cell $flatten\_265_.$auto$liberty.cc:84:create_or_cell$257_gold ($_OR_): \_425_.IQ_gold -> \_425_.IQ
Changing input B of cell $flatten\_265_.$auto$liberty.cc:84:create_or_cell$259_gold ($_OR_): \_265_.C_gold -> \_265_.C
Changing input B of cell $flatten\_265_.$auto$liberty.cc:84:create_or_cell$261_gold ($_OR_): \_265_.D_gold -> \_265_.D
Changing input A of cell $flatten\_266_.$auto$liberty.cc:84:create_or_cell$225_gold ($_OR_): \_266_.A_gold -> \_266_.A
Changing input B of cell $flatten\_266_.$auto$liberty.cc:84:create_or_cell$225_gold ($_OR_): \_266_.B_gold -> \_266_.B
Changing input A of cell $flatten\_267_.$auto$liberty.cc:84:create_or_cell$245_gold ($_OR_): \_422_.IQ_gold -> \_422_.IQ
Changing input B of cell $flatten\_267_.$auto$liberty.cc:84:create_or_cell$245_gold ($_OR_): \_267_.B_gold -> \_267_.B
Changing input B of cell $flatten\_267_.$auto$liberty.cc:84:create_or_cell$247_gold ($_OR_): \_267_.C_gold -> \_267_.C
Changing input A of cell $flatten\_268_.$auto$liberty.cc:75:create_and_cell$9_gold ($_AND_): \_422_.IQ_gold -> \_422_.IQ
Changing input B of cell $flatten\_268_.$auto$liberty.cc:75:create_and_cell$9_gold ($_AND_): \_268_.A2_gold -> \_268_.A2
Changing input B of cell $flatten\_268_.$auto$liberty.cc:84:create_or_cell$11_gold ($_OR_): \_268_.B1_gold -> \_268_.B1
Changing input A of cell $flatten\_269_.$auto$liberty.cc:66:create_xor_cell$369_gold ($_XOR_): \_422_.IQ_gold -> \_422_.IQ
Changing input B of cell $flatten\_269_.$auto$liberty.cc:66:create_xor_cell$369_gold ($_XOR_): \_423_.IQ_gold -> \_423_.IQ
Changing input B of cell $flatten\_270_.$auto$liberty.cc:75:create_and_cell$275_gold ($_AND_): \_270_.B1_gold -> \_270_.B1
Changing input A of cell $flatten\_270_.$auto$liberty.cc:84:create_or_cell$273_gold ($_OR_): \_267_.B_gold -> \_267_.B
Changing input B of cell $flatten\_270_.$auto$liberty.cc:84:create_or_cell$273_gold ($_OR_): \_267_.C_gold -> \_267_.C
Changing input B of cell $flatten\_271_.$auto$liberty.cc:75:create_and_cell$275_gold ($_AND_): \_271_.B1_gold -> \_271_.B1
Changing input A of cell $flatten\_271_.$auto$liberty.cc:84:create_or_cell$273_gold ($_OR_): \_271_.A1_gold -> \_271_.A1
Changing input B of cell $flatten\_271_.$auto$liberty.cc:84:create_or_cell$273_gold ($_OR_): \_268_.A2_gold -> \_268_.A2
Changing input A of cell $flatten\_272_.$auto$liberty.cc:75:create_and_cell$9_gold ($_AND_): \_422_.IQ_gold -> \_422_.IQ
Changing input B of cell $flatten\_272_.$auto$liberty.cc:75:create_and_cell$9_gold ($_AND_): \_423_.IQ_gold -> \_423_.IQ
Changing input B of cell $flatten\_272_.$auto$liberty.cc:84:create_or_cell$11_gold ($_OR_): \_424_.IQ_gold -> \_424_.IQ
Changing input B of cell $flatten\_273_.$auto$liberty.cc:75:create_and_cell$193_gold ($_AND_): \_424_.IQ_gold -> \_424_.IQ
Changing input A of cell $flatten\_274_.$auto$liberty.cc:75:create_and_cell$31_gold ($_AND_): \_260_.A_gold -> \_260_.A
Changing input B of cell $flatten\_274_.$auto$liberty.cc:75:create_and_cell$31_gold ($_AND_): \_260_.B_gold -> \_260_.B
Changing input A of cell $flatten\_274_.$auto$liberty.cc:75:create_and_cell$33_gold ($_AND_): \_262_.B_gold -> \_262_.B
Changing input B of cell $flatten\_274_.$auto$liberty.cc:75:create_and_cell$33_gold ($_AND_): \_435_.IQ_gold -> \_435_.IQ
Changing input A of cell $flatten\_275_.$auto$liberty.cc:58:create_inv_cell$191_gold ($_NOT_): \_267_.B_gold -> \_267_.B
Changing input B of cell $flatten\_275_.$auto$liberty.cc:75:create_and_cell$193_gold ($_AND_): \_266_.A_gold -> \_266_.A
Changing input A of cell $flatten\_276_.$auto$liberty.cc:75:create_and_cell$203_gold ($_AND_): \_422_.IQ_gold -> \_422_.IQ
Changing input B of cell $flatten\_276_.$auto$liberty.cc:75:create_and_cell$203_gold ($_AND_): \_423_.IQ_gold -> \_423_.IQ
Changing input B of cell $flatten\_276_.$auto$liberty.cc:75:create_and_cell$205_gold ($_AND_): \_424_.IQ_gold -> \_424_.IQ
Changing input A of cell $flatten\_277_.$auto$liberty.cc:75:create_and_cell$183_gold ($_AND_): \_277_.A_gold -> \_277_.A
Changing input B of cell $flatten\_277_.$auto$liberty.cc:75:create_and_cell$183_gold ($_AND_): \_277_.B_gold -> \_277_.B
Changing input A of cell $flatten\_278_.$auto$liberty.cc:75:create_and_cell$9_gold ($_AND_): \_278_.A1_gold -> \_278_.A1
Changing input B of cell $flatten\_278_.$auto$liberty.cc:75:create_and_cell$9_gold ($_AND_): \_278_.A2_gold -> \_278_.A2
Changing input B of cell $flatten\_278_.$auto$liberty.cc:84:create_or_cell$11_gold ($_OR_): \_278_.B1_gold -> \_278_.B1
Changing input A of cell $flatten\_279_.$auto$liberty.cc:58:create_inv_cell$233_gold ($_NOT_): \_425_.IQ_gold -> \_425_.IQ
Changing input A of cell $flatten\_279_.$auto$liberty.cc:84:create_or_cell$235_gold ($_OR_): \_268_.A2_gold -> \_268_.A2
Changing input A of cell $flatten\_280_.$auto$liberty.cc:84:create_or_cell$279_gold ($_OR_): \_425_.IQ_gold -> \_425_.IQ
Changing input B of cell $flatten\_280_.$auto$liberty.cc:84:create_or_cell$279_gold ($_OR_): \_277_.B_gold -> \_277_.B
Changing input A of cell $flatten\_281_.$auto$liberty.cc:75:create_and_cell$183_gold ($_AND_): \_425_.IQ_gold -> \_425_.IQ
Changing input B of cell $flatten\_281_.$auto$liberty.cc:75:create_and_cell$183_gold ($_AND_): \_277_.B_gold -> \_277_.B
Changing input B of cell $flatten\_282_.$auto$liberty.cc:75:create_and_cell$275_gold ($_AND_): \_267_.B_gold -> \_267_.B
Changing input A of cell $flatten\_282_.$auto$liberty.cc:84:create_or_cell$273_gold ($_OR_): \_265_.C_gold -> \_265_.C
Changing input B of cell $flatten\_282_.$auto$liberty.cc:84:create_or_cell$273_gold ($_OR_): \_282_.A2_gold -> \_282_.A2
Changing input A of cell $flatten\_283_.$auto$liberty.cc:75:create_and_cell$31_gold ($_AND_): \_282_.A2_gold -> \_282_.A2
Changing input B of cell $flatten\_283_.$auto$liberty.cc:75:create_and_cell$31_gold ($_AND_): \_283_.A2_gold -> \_283_.A2
Changing input A of cell $flatten\_283_.$auto$liberty.cc:75:create_and_cell$33_gold ($_AND_): \_283_.B1_gold -> \_283_.B1
Changing input B of cell $flatten\_283_.$auto$liberty.cc:75:create_and_cell$33_gold ($_AND_): \_266_.A_gold -> \_266_.A
Changing input A of cell $flatten\_284_.$auto$liberty.cc:84:create_or_cell$279_gold ($_OR_): \_284_.A_gold -> \_284_.A
Changing input B of cell $flatten\_284_.$auto$liberty.cc:84:create_or_cell$279_gold ($_OR_): \_284_.B_gold -> \_284_.B
Changing input A of cell $flatten\_285_.$auto$liberty.cc:75:create_and_cell$51_gold ($_AND_): \_422_.IQ_gold -> \_422_.IQ
Changing input B of cell $flatten\_285_.$auto$liberty.cc:75:create_and_cell$51_gold ($_AND_): \_423_.IQ_gold -> \_423_.IQ
Changing input B of cell $flatten\_285_.$auto$liberty.cc:75:create_and_cell$53_gold ($_AND_): \_424_.IQ_gold -> \_424_.IQ
Changing input B of cell $flatten\_285_.$auto$liberty.cc:75:create_and_cell$55_gold ($_AND_): \_425_.IQ_gold -> \_425_.IQ
Changing input A of cell $flatten\_286_.$auto$liberty.cc:84:create_or_cell$225_gold ($_OR_): \_426_.IQ_gold -> \_426_.IQ
Changing input B of cell $flatten\_286_.$auto$liberty.cc:84:create_or_cell$225_gold ($_OR_): \_286_.B_gold -> \_286_.B
Changing input B of cell $flatten\_287_.$auto$liberty.cc:75:create_and_cell$193_gold ($_AND_): \_426_.IQ_gold -> \_426_.IQ
Changing input A of cell $flatten\_288_.$auto$liberty.cc:75:create_and_cell$183_gold ($_AND_): \_426_.IQ_gold -> \_426_.IQ
Changing input B of cell $flatten\_288_.$auto$liberty.cc:75:create_and_cell$183_gold ($_AND_): \_286_.B_gold -> \_286_.B
Changing input A of cell $flatten\_289_.$auto$liberty.cc:75:create_and_cell$183_gold ($_AND_): \_277_.A_gold -> \_277_.A
Changing input B of cell $flatten\_289_.$auto$liberty.cc:75:create_and_cell$183_gold ($_AND_): \_289_.B_gold -> \_289_.B
Changing input A of cell $flatten\_290_.$auto$liberty.cc:75:create_and_cell$9_gold ($_AND_): \_290_.A1_gold -> \_290_.A1
Changing input B of cell $flatten\_290_.$auto$liberty.cc:75:create_and_cell$9_gold ($_AND_): \_290_.A2_gold -> \_290_.A2
Changing input B of cell $flatten\_290_.$auto$liberty.cc:84:create_or_cell$11_gold ($_OR_): \_290_.B1_gold -> \_290_.B1
Changing input B of cell $flatten\_291_.$auto$liberty.cc:75:create_and_cell$193_gold ($_AND_): \_427_.IQ_gold -> \_427_.IQ
Changing input A of cell $flatten\_292_.$auto$liberty.cc:75:create_and_cell$203_gold ($_AND_): \_426_.IQ_gold -> \_426_.IQ
Changing input B of cell $flatten\_292_.$auto$liberty.cc:75:create_and_cell$203_gold ($_AND_): \_427_.IQ_gold -> \_427_.IQ
Changing input B of cell $flatten\_292_.$auto$liberty.cc:75:create_and_cell$205_gold ($_AND_): \_286_.B_gold -> \_286_.B
Changing input A of cell $flatten\_293_.$auto$liberty.cc:75:create_and_cell$183_gold ($_AND_): \_277_.A_gold -> \_277_.A
Changing input B of cell $flatten\_293_.$auto$liberty.cc:75:create_and_cell$183_gold ($_AND_): \_293_.B_gold -> \_293_.B
Changing input A of cell $flatten\_294_.$auto$liberty.cc:75:create_and_cell$31_gold ($_AND_): \_294_.A1_gold -> \_294_.A1
Changing input B of cell $flatten\_294_.$auto$liberty.cc:75:create_and_cell$31_gold ($_AND_): \_289_.B_gold -> \_289_.B
Changing input A of cell $flatten\_294_.$auto$liberty.cc:75:create_and_cell$33_gold ($_AND_): \_294_.B1_gold -> \_294_.B1
Changing input B of cell $flatten\_294_.$auto$liberty.cc:75:create_and_cell$33_gold ($_AND_): \_294_.B2_gold -> \_294_.B2
Changing input A of cell $flatten\_295_.$auto$liberty.cc:75:create_and_cell$217_gold ($_AND_): \_426_.IQ_gold -> \_426_.IQ
Changing input B of cell $flatten\_295_.$auto$liberty.cc:75:create_and_cell$217_gold ($_AND_): \_427_.IQ_gold -> \_427_.IQ
Changing input B of cell $flatten\_295_.$auto$liberty.cc:75:create_and_cell$219_gold ($_AND_): \_428_.IQ_gold -> \_428_.IQ
Changing input B of cell $flatten\_295_.$auto$liberty.cc:75:create_and_cell$221_gold ($_AND_): \_286_.B_gold -> \_286_.B
Changing input B of cell $flatten\_296_.$auto$liberty.cc:75:create_and_cell$193_gold ($_AND_): \_296_.B_gold -> \_296_.B
Changing input A of cell $flatten\_297_.$auto$liberty.cc:75:create_and_cell$183_gold ($_AND_): \_268_.A2_gold -> \_268_.A2
Changing input B of cell $flatten\_297_.$auto$liberty.cc:75:create_and_cell$183_gold ($_AND_): \_297_.B_gold -> \_297_.B
Changing input B of cell $flatten\_298_.$auto$liberty.cc:75:create_and_cell$275_gold ($_AND_): \_298_.B1_gold -> \_298_.B1
Changing input A of cell $flatten\_298_.$auto$liberty.cc:84:create_or_cell$273_gold ($_OR_): \_298_.A1_gold -> \_298_.A1
Changing input B of cell $flatten\_298_.$auto$liberty.cc:84:create_or_cell$273_gold ($_OR_): \_293_.B_gold -> \_293_.B
Changing input A of cell $flatten\_299_.$auto$liberty.cc:75:create_and_cell$39_gold ($_AND_): \_299_.A_gold -> \_299_.A
Changing input B of cell $flatten\_299_.$auto$liberty.cc:75:create_and_cell$39_gold ($_AND_): \_299_.B_gold -> \_299_.B
Changing input A of cell $flatten\_300_.$auto$liberty.cc:84:create_or_cell$245_gold ($_OR_): \_429_.IQ_gold -> \_429_.IQ
Changing input B of cell $flatten\_300_.$auto$liberty.cc:84:create_or_cell$245_gold ($_OR_): \_298_.A1_gold -> \_298_.A1
Changing input B of cell $flatten\_300_.$auto$liberty.cc:84:create_or_cell$247_gold ($_OR_): \_296_.B_gold -> \_296_.B
Changing input A of cell $flatten\_301_.$auto$liberty.cc:75:create_and_cell$1_gold ($_AND_): \_429_.IQ_gold -> \_429_.IQ
Changing input B of cell $flatten\_301_.$auto$liberty.cc:75:create_and_cell$1_gold ($_AND_): \_299_.A_gold -> \_299_.A
Changing input B of cell $flatten\_301_.$auto$liberty.cc:84:create_or_cell$3_gold ($_OR_): \_301_.B1_gold -> \_301_.B1
Changing input A of cell $flatten\_302_.$auto$liberty.cc:75:create_and_cell$203_gold ($_AND_): \_302_.A_gold -> \_302_.A
Changing input B of cell $flatten\_302_.$auto$liberty.cc:75:create_and_cell$203_gold ($_AND_): \_302_.B_gold -> \_302_.B
Changing input B of cell $flatten\_302_.$auto$liberty.cc:75:create_and_cell$205_gold ($_AND_): \_298_.A1_gold -> \_298_.A1
Changing input B of cell $flatten\_303_.$auto$liberty.cc:75:create_and_cell$193_gold ($_AND_): \_303_.B_gold -> \_303_.B
Changing input A of cell $flatten\_304_.$auto$liberty.cc:58:create_inv_cell$137_gold ($_NOT_): \_430_.IQ_gold -> \_430_.IQ
Changing input B of cell $flatten\_304_.$auto$liberty.cc:75:create_and_cell$139_gold ($_AND_): \_254_.A_gold -> \_254_.A
Changing input A of cell $flatten\_304_.$auto$liberty.cc:75:create_and_cell$141_gold ($_AND_): \_430_.IQ_gold -> \_430_.IQ
Changing input B of cell $flatten\_304_.$auto$liberty.cc:75:create_and_cell$141_gold ($_AND_): \_304_.A1_gold -> \_304_.A1
Changing input A of cell $flatten\_305_.$auto$liberty.cc:58:create_inv_cell$191_gold ($_NOT_): \_430_.IQ_gold -> \_430_.IQ
Changing input B of cell $flatten\_305_.$auto$liberty.cc:75:create_and_cell$193_gold ($_AND_): \_431_.IQ_gold -> \_431_.IQ
Changing input A of cell $flatten\_306_.$auto$liberty.cc:75:create_and_cell$9_gold ($_AND_): \_253_.C_gold -> \_253_.C
Changing input B of cell $flatten\_306_.$auto$liberty.cc:75:create_and_cell$9_gold ($_AND_): \_306_.A2_gold -> \_306_.A2
Changing input B of cell $flatten\_306_.$auto$liberty.cc:84:create_or_cell$11_gold ($_OR_): \_306_.B1_gold -> \_306_.B1
Changing input B of cell $flatten\_307_.$auto$liberty.cc:75:create_and_cell$139_gold ($_AND_): \_307_.A0_gold -> \_307_.A0
Changing input A of cell $flatten\_307_.$auto$liberty.cc:75:create_and_cell$141_gold ($_AND_): \_304_.A1_gold -> \_304_.A1
Changing input B of cell $flatten\_307_.$auto$liberty.cc:75:create_and_cell$141_gold ($_AND_): \_431_.IQ_gold -> \_431_.IQ
Changing input A of cell $flatten\_308_.$auto$liberty.cc:75:create_and_cell$183_gold ($_AND_): \_432_.IQ_gold -> \_432_.IQ
Changing input B of cell $flatten\_308_.$auto$liberty.cc:75:create_and_cell$183_gold ($_AND_): \_308_.B_gold -> \_308_.B
Changing input A of cell $flatten\_309_.$auto$liberty.cc:66:create_xor_cell$365_gold ($_XOR_): \_309_.A_gold -> \_309_.A
Changing input B of cell $flatten\_309_.$auto$liberty.cc:66:create_xor_cell$365_gold ($_XOR_): \_309_.B_gold -> \_309_.B
Changing input A of cell $flatten\_310_.$auto$liberty.cc:75:create_and_cell$183_gold ($_AND_): \_254_.A_gold -> \_254_.A
Changing input B of cell $flatten\_310_.$auto$liberty.cc:75:create_and_cell$183_gold ($_AND_): \_310_.B_gold -> \_310_.B
Changing input B of cell $flatten\_311_.$auto$liberty.cc:75:create_and_cell$275_gold ($_AND_): \_311_.B1_gold -> \_311_.B1
Changing input A of cell $flatten\_311_.$auto$liberty.cc:84:create_or_cell$273_gold ($_OR_): \_304_.A1_gold -> \_304_.A1
Changing input B of cell $flatten\_311_.$auto$liberty.cc:84:create_or_cell$273_gold ($_OR_): \_311_.A2_gold -> \_311_.A2
Changing input A of cell $flatten\_312_.$auto$liberty.cc:75:create_and_cell$9_gold ($_AND_): \_309_.A_gold -> \_309_.A
Changing input B of cell $flatten\_312_.$auto$liberty.cc:75:create_and_cell$9_gold ($_AND_): \_309_.B_gold -> \_309_.B
Changing input B of cell $flatten\_312_.$auto$liberty.cc:84:create_or_cell$11_gold ($_OR_): \_433_.IQ_gold -> \_433_.IQ
Changing input A of cell $flatten\_313_.$auto$liberty.cc:84:create_or_cell$225_gold ($_OR_): \_306_.B1_gold -> \_306_.B1
Changing input B of cell $flatten\_313_.$auto$liberty.cc:84:create_or_cell$225_gold ($_OR_): \_254_.B_gold -> \_254_.B
Changing input A of cell $flatten\_314_.$auto$liberty.cc:84:create_or_cell$245_gold ($_OR_): \_306_.B1_gold -> \_306_.B1
Changing input B of cell $flatten\_314_.$auto$liberty.cc:84:create_or_cell$245_gold ($_OR_): \_254_.B_gold -> \_254_.B
Changing input B of cell $flatten\_314_.$auto$liberty.cc:84:create_or_cell$247_gold ($_OR_): \_314_.C_gold -> \_314_.C
Changing input A of cell $flatten\_315_.$auto$liberty.cc:75:create_and_cell$1_gold ($_AND_): \_433_.IQ_gold -> \_433_.IQ
Changing input B of cell $flatten\_315_.$auto$liberty.cc:75:create_and_cell$1_gold ($_AND_): \_304_.A1_gold -> \_304_.A1
Changing input B of cell $flatten\_315_.$auto$liberty.cc:84:create_or_cell$3_gold ($_OR_): \_315_.B1_gold -> \_315_.B1
Changing input B of cell $flatten\_316_.$auto$liberty.cc:75:create_and_cell$275_gold ($_AND_): \_302_.B_gold -> \_302_.B
Changing input A of cell $flatten\_316_.$auto$liberty.cc:84:create_or_cell$273_gold ($_OR_): \_266_.A_gold -> \_266_.A
Changing input B of cell $flatten\_316_.$auto$liberty.cc:84:create_or_cell$273_gold ($_OR_): \_266_.B_gold -> \_266_.B
Changing input A of cell $flatten\_317_.$auto$liberty.cc:75:create_and_cell$39_gold ($_AND_): \_302_.B_gold -> \_302_.B
Changing input B of cell $flatten\_317_.$auto$liberty.cc:75:create_and_cell$39_gold ($_AND_): \_283_.B1_gold -> \_283_.B1
Changing input A of cell $flatten\_318_.$auto$liberty.cc:75:create_and_cell$9_gold ($_AND_): \_254_.A_gold -> \_254_.A
Changing input B of cell $flatten\_318_.$auto$liberty.cc:75:create_and_cell$9_gold ($_AND_): \_254_.B_gold -> \_254_.B
Changing input B of cell $flatten\_318_.$auto$liberty.cc:84:create_or_cell$11_gold ($_OR_): \_262_.B_gold -> \_262_.B
Changing input B of cell $flatten\_319_.$auto$liberty.cc:75:create_and_cell$275_gold ($_AND_): \_283_.B1_gold -> \_283_.B1
Changing input A of cell $flatten\_319_.$auto$liberty.cc:84:create_or_cell$273_gold ($_OR_): \_319_.A1_gold -> \_319_.A1
Changing input B of cell $flatten\_319_.$auto$liberty.cc:84:create_or_cell$273_gold ($_OR_): \_319_.A2_gold -> \_319_.A2
Changing input B of cell $flatten\_320_.$auto$liberty.cc:75:create_and_cell$275_gold ($_AND_): \_298_.A1_gold -> \_298_.A1
Changing input A of cell $flatten\_320_.$auto$liberty.cc:84:create_or_cell$273_gold ($_OR_): \_306_.B1_gold -> \_306_.B1
Changing input B of cell $flatten\_320_.$auto$liberty.cc:84:create_or_cell$273_gold ($_OR_): \_254_.B_gold -> \_254_.B
Changing input A of cell $flatten\_321_.$auto$liberty.cc:75:create_and_cell$1_gold ($_AND_): \_321_.A1_gold -> \_321_.A1
Changing input B of cell $flatten\_321_.$auto$liberty.cc:75:create_and_cell$1_gold ($_AND_): \_321_.A2_gold -> \_321_.A2
Changing input B of cell $flatten\_321_.$auto$liberty.cc:84:create_or_cell$3_gold ($_OR_): \_267_.C_gold -> \_267_.C
Changing input A of cell $flatten\_322_.$auto$liberty.cc:75:create_and_cell$183_gold ($_AND_): \_246_.B_gold -> \_246_.B
Changing input B of cell $flatten\_322_.$auto$liberty.cc:75:create_and_cell$183_gold ($_AND_): \_303_.B_gold -> \_303_.B
Changing input B of cell $flatten\_323_.$auto$liberty.cc:75:create_and_cell$275_gold ($_AND_): \_437_.IQ_gold -> \code0
Changing input A of cell $flatten\_323_.$auto$liberty.cc:84:create_or_cell$273_gold ($_OR_): \_308_.B_gold -> \_308_.B
Changing input B of cell $flatten\_323_.$auto$liberty.cc:84:create_or_cell$273_gold ($_OR_): \_323_.A2_gold -> \_323_.A2
Changing input B of cell $flatten\_324_.$auto$liberty.cc:75:create_and_cell$275_gold ($_AND_): \_324_.B1_gold -> \_324_.B1
Changing input A of cell $flatten\_324_.$auto$liberty.cc:84:create_or_cell$273_gold ($_OR_): \_324_.A1_gold -> \_324_.A1
Changing input B of cell $flatten\_324_.$auto$liberty.cc:84:create_or_cell$273_gold ($_OR_): \_303_.B_gold -> \_303_.B
Changing input A of cell $flatten\_325_.$auto$liberty.cc:84:create_or_cell$225_gold ($_OR_): \_254_.B_gold -> \_254_.B
Changing input B of cell $flatten\_325_.$auto$liberty.cc:84:create_or_cell$225_gold ($_OR_): \_314_.C_gold -> \_314_.C
Changing input A of cell $flatten\_326_.$auto$liberty.cc:84:create_or_cell$257_gold ($_OR_): \_253_.A_gold -> \_253_.A
Changing input B of cell $flatten\_326_.$auto$liberty.cc:84:create_or_cell$257_gold ($_OR_): \_430_.IQ_gold -> \_430_.IQ
Changing input B of cell $flatten\_326_.$auto$liberty.cc:84:create_or_cell$259_gold ($_OR_): \_431_.IQ_gold -> \_431_.IQ
Changing input B of cell $flatten\_326_.$auto$liberty.cc:84:create_or_cell$261_gold ($_OR_): \_432_.IQ_gold -> \_432_.IQ
Changing input A of cell $flatten\_327_.$auto$liberty.cc:84:create_or_cell$225_gold ($_OR_): \_306_.B1_gold -> \_306_.B1
Changing input B of cell $flatten\_327_.$auto$liberty.cc:84:create_or_cell$225_gold ($_OR_): \_327_.B_gold -> \_327_.B
Changing input B of cell $flatten\_328_.$auto$liberty.cc:75:create_and_cell$275_gold ($_AND_): \_438_.IQ_gold -> \code1
Changing input A of cell $flatten\_328_.$auto$liberty.cc:84:create_or_cell$273_gold ($_OR_): \_308_.B_gold -> \_308_.B
Changing input B of cell $flatten\_328_.$auto$liberty.cc:84:create_or_cell$273_gold ($_OR_): \_328_.A2_gold -> \_328_.A2
Changing input A of cell $flatten\_329_.$auto$liberty.cc:84:create_or_cell$225_gold ($_OR_): \_324_.A1_gold -> \_324_.A1
Changing input B of cell $flatten\_329_.$auto$liberty.cc:84:create_or_cell$225_gold ($_OR_): \_254_.B_gold -> \_254_.B
Changing input A of cell $flatten\_330_.$auto$liberty.cc:58:create_inv_cell$209_gold ($_NOT_): \_430_.IQ_gold -> \_430_.IQ
Changing input B of cell $flatten\_330_.$auto$liberty.cc:75:create_and_cell$211_gold ($_AND_): \_330_.B_gold -> \_330_.B
Changing input A of cell $flatten\_331_.$auto$liberty.cc:84:create_or_cell$225_gold ($_OR_): \_310_.B_gold -> \_310_.B
Changing input B of cell $flatten\_331_.$auto$liberty.cc:84:create_or_cell$225_gold ($_OR_): \_331_.B_gold -> \_331_.B
Changing input A of cell $flatten\_332_.$auto$liberty.cc:75:create_and_cell$183_gold ($_AND_): \_315_.B1_gold -> \_315_.B1
Changing input B of cell $flatten\_332_.$auto$liberty.cc:75:create_and_cell$183_gold ($_AND_): \_332_.B_gold -> \_332_.B
Changing input A of cell $flatten\_333_.$auto$liberty.cc:75:create_and_cell$183_gold ($_AND_): \_333_.A_gold -> \_333_.A
Changing input B of cell $flatten\_333_.$auto$liberty.cc:75:create_and_cell$183_gold ($_AND_): \_333_.B_gold -> \_333_.B
Changing input A of cell $flatten\_334_.$auto$liberty.cc:75:create_and_cell$51_gold ($_AND_): \_433_.IQ_gold -> \_433_.IQ
Changing input B of cell $flatten\_334_.$auto$liberty.cc:75:create_and_cell$51_gold ($_AND_): \_430_.IQ_gold -> \_430_.IQ
Changing input B of cell $flatten\_334_.$auto$liberty.cc:75:create_and_cell$53_gold ($_AND_): \_431_.IQ_gold -> \_431_.IQ
Changing input B of cell $flatten\_334_.$auto$liberty.cc:75:create_and_cell$55_gold ($_AND_): \_309_.A_gold -> \_309_.A
Changing input A of cell $flatten\_335_.$auto$liberty.cc:84:create_or_cell$225_gold ($_OR_): \_306_.B1_gold -> \_306_.B1
Changing input B of cell $flatten\_335_.$auto$liberty.cc:84:create_or_cell$225_gold ($_OR_): \_335_.B_gold -> \_335_.B
Changing input B of cell $flatten\_336_.$auto$liberty.cc:75:create_and_cell$275_gold ($_AND_): \_439_.IQ_gold -> \code2
Changing input A of cell $flatten\_336_.$auto$liberty.cc:84:create_or_cell$273_gold ($_OR_): \_308_.B_gold -> \_308_.B
Changing input B of cell $flatten\_336_.$auto$liberty.cc:84:create_or_cell$273_gold ($_OR_): \_336_.A2_gold -> \_336_.A2
Changing input A of cell $flatten\_337_.$auto$liberty.cc:75:create_and_cell$203_gold ($_AND_): \_430_.IQ_gold -> \_430_.IQ
Changing input B of cell $flatten\_337_.$auto$liberty.cc:75:create_and_cell$203_gold ($_AND_): \_431_.IQ_gold -> \_431_.IQ
Changing input A of cell $flatten\_338_.$auto$liberty.cc:84:create_or_cell$291_gold ($_OR_): \_306_.B1_gold -> \_306_.B1
Changing input B of cell $flatten\_338_.$auto$liberty.cc:84:create_or_cell$291_gold ($_OR_): \_254_.B_gold -> \_254_.B
Changing input B of cell $flatten\_338_.$auto$liberty.cc:84:create_or_cell$293_gold ($_OR_): \_310_.B_gold -> \_310_.B
Changing input B of cell $flatten\_338_.$auto$liberty.cc:84:create_or_cell$295_gold ($_OR_): \_314_.C_gold -> \_314_.C
Changing input B of cell $flatten\_339_.$auto$liberty.cc:75:create_and_cell$275_gold ($_AND_): \_339_.B1_gold -> \_339_.B1
Changing input A of cell $flatten\_339_.$auto$liberty.cc:84:create_or_cell$273_gold ($_OR_): \_339_.A1_gold -> \_339_.A1
Changing input B of cell $flatten\_339_.$auto$liberty.cc:84:create_or_cell$273_gold ($_OR_): \_339_.A2_gold -> \_339_.A2
Changing input A of cell $flatten\_340_.$auto$liberty.cc:84:create_or_cell$257_gold ($_OR_): \_253_.A_gold -> \_253_.A
Changing input B of cell $flatten\_340_.$auto$liberty.cc:84:create_or_cell$257_gold ($_OR_): \_430_.IQ_gold -> \_430_.IQ
Changing input B of cell $flatten\_340_.$auto$liberty.cc:84:create_or_cell$259_gold ($_OR_): \_330_.B_gold -> \_330_.B
Changing input B of cell $flatten\_340_.$auto$liberty.cc:84:create_or_cell$261_gold ($_OR_): \_432_.IQ_gold -> \_432_.IQ
Changing input A of cell $flatten\_341_.$auto$liberty.cc:84:create_or_cell$225_gold ($_OR_): \_306_.B1_gold -> \_306_.B1
Changing input B of cell $flatten\_341_.$auto$liberty.cc:84:create_or_cell$225_gold ($_OR_): \_341_.B_gold -> \_341_.B
Changing input B of cell $flatten\_342_.$auto$liberty.cc:75:create_and_cell$275_gold ($_AND_): \_440_.IQ_gold -> \code3
Changing input A of cell $flatten\_342_.$auto$liberty.cc:84:create_or_cell$273_gold ($_OR_): \_308_.B_gold -> \_308_.B
Changing input B of cell $flatten\_342_.$auto$liberty.cc:84:create_or_cell$273_gold ($_OR_): \_342_.A2_gold -> \_342_.A2
Changing input A of cell $flatten\_343_.$auto$liberty.cc:58:create_inv_cell$209_gold ($_NOT_): \_430_.IQ_gold -> \_430_.IQ
Changing input B of cell $flatten\_343_.$auto$liberty.cc:75:create_and_cell$211_gold ($_AND_): \_431_.IQ_gold -> \_431_.IQ
Changing input B of cell $flatten\_344_.$auto$liberty.cc:75:create_and_cell$275_gold ($_AND_): \_344_.B1_gold -> \_344_.B1
Changing input A of cell $flatten\_344_.$auto$liberty.cc:84:create_or_cell$273_gold ($_OR_): \_339_.A2_gold -> \_339_.A2
Changing input B of cell $flatten\_344_.$auto$liberty.cc:84:create_or_cell$273_gold ($_OR_): \_344_.A2_gold -> \_344_.A2
Changing input A of cell $flatten\_345_.$auto$liberty.cc:84:create_or_cell$245_gold ($_OR_): \_253_.A_gold -> \_253_.A
Changing input B of cell $flatten\_345_.$auto$liberty.cc:84:create_or_cell$245_gold ($_OR_): \_309_.A_gold -> \_309_.A
Changing input B of cell $flatten\_345_.$auto$liberty.cc:84:create_or_cell$247_gold ($_OR_): \_253_.C_gold -> \_253_.C
Changing input A of cell $flatten\_346_.$auto$liberty.cc:84:create_or_cell$225_gold ($_OR_): \_306_.B1_gold -> \_306_.B1
Changing input B of cell $flatten\_346_.$auto$liberty.cc:84:create_or_cell$225_gold ($_OR_): \_346_.B_gold -> \_346_.B
Changing input B of cell $flatten\_347_.$auto$liberty.cc:75:create_and_cell$275_gold ($_AND_): \_441_.IQ_gold -> \code4
Changing input A of cell $flatten\_347_.$auto$liberty.cc:84:create_or_cell$273_gold ($_OR_): \_308_.B_gold -> \_308_.B
Changing input B of cell $flatten\_347_.$auto$liberty.cc:84:create_or_cell$273_gold ($_OR_): \_347_.A2_gold -> \_347_.A2
Changing input A of cell $flatten\_348_.$auto$liberty.cc:75:create_and_cell$203_gold ($_AND_): \_430_.IQ_gold -> \_430_.IQ
Changing input B of cell $flatten\_348_.$auto$liberty.cc:75:create_and_cell$203_gold ($_AND_): \_330_.B_gold -> \_330_.B
Changing input B of cell $flatten\_348_.$auto$liberty.cc:75:create_and_cell$205_gold ($_AND_): \_348_.C_gold -> \_348_.C
Changing input B of cell $flatten\_349_.$auto$liberty.cc:75:create_and_cell$275_gold ($_AND_): \_349_.B1_gold -> \_349_.B1
Changing input A of cell $flatten\_349_.$auto$liberty.cc:84:create_or_cell$273_gold ($_OR_): \_339_.A2_gold -> \_339_.A2
Changing input B of cell $flatten\_349_.$auto$liberty.cc:84:create_or_cell$273_gold ($_OR_): \_349_.A2_gold -> \_349_.A2
Changing input A of cell $flatten\_350_.$auto$liberty.cc:84:create_or_cell$257_gold ($_OR_): \_253_.A_gold -> \_253_.A
Changing input B of cell $flatten\_350_.$auto$liberty.cc:84:create_or_cell$257_gold ($_OR_): \_430_.IQ_gold -> \_430_.IQ
Changing input B of cell $flatten\_350_.$auto$liberty.cc:84:create_or_cell$259_gold ($_OR_): \_431_.IQ_gold -> \_431_.IQ
Changing input B of cell $flatten\_350_.$auto$liberty.cc:84:create_or_cell$261_gold ($_OR_): \_309_.A_gold -> \_309_.A
Changing input A of cell $flatten\_351_.$auto$liberty.cc:84:create_or_cell$225_gold ($_OR_): \_306_.B1_gold -> \_306_.B1
Changing input B of cell $flatten\_351_.$auto$liberty.cc:84:create_or_cell$225_gold ($_OR_): \_351_.B_gold -> \_351_.B
Changing input B of cell $flatten\_352_.$auto$liberty.cc:75:create_and_cell$275_gold ($_AND_): \_442_.IQ_gold -> \code5
Changing input A of cell $flatten\_352_.$auto$liberty.cc:84:create_or_cell$273_gold ($_OR_): \_308_.B_gold -> \_308_.B
Changing input B of cell $flatten\_352_.$auto$liberty.cc:84:create_or_cell$273_gold ($_OR_): \_352_.A2_gold -> \_352_.A2
Changing input A of cell $flatten\_353_.$auto$liberty.cc:75:create_and_cell$203_gold ($_AND_): \_254_.A_gold -> \_254_.A
Changing input B of cell $flatten\_353_.$auto$liberty.cc:75:create_and_cell$203_gold ($_AND_): \_310_.B_gold -> \_310_.B
Changing input B of cell $flatten\_353_.$auto$liberty.cc:75:create_and_cell$205_gold ($_AND_): \_353_.C_gold -> \_353_.C
Changing input B of cell $flatten\_354_.$auto$liberty.cc:75:create_and_cell$275_gold ($_AND_): \_354_.B1_gold -> \_354_.B1
Changing input A of cell $flatten\_354_.$auto$liberty.cc:84:create_or_cell$273_gold ($_OR_): \_331_.B_gold -> \_331_.B
Changing input B of cell $flatten\_354_.$auto$liberty.cc:84:create_or_cell$273_gold ($_OR_): \_354_.A2_gold -> \_354_.A2
Changing input A of cell $flatten\_355_.$auto$liberty.cc:75:create_and_cell$51_gold ($_AND_): \_433_.IQ_gold -> \_433_.IQ
Changing input B of cell $flatten\_355_.$auto$liberty.cc:75:create_and_cell$51_gold ($_AND_): \_430_.IQ_gold -> \_430_.IQ
Changing input B of cell $flatten\_355_.$auto$liberty.cc:75:create_and_cell$53_gold ($_AND_): \_431_.IQ_gold -> \_431_.IQ
Changing input B of cell $flatten\_355_.$auto$liberty.cc:75:create_and_cell$55_gold ($_AND_): \_432_.IQ_gold -> \_432_.IQ
Changing input A of cell $flatten\_356_.$auto$liberty.cc:84:create_or_cell$225_gold ($_OR_): \_306_.B1_gold -> \_306_.B1
Changing input B of cell $flatten\_356_.$auto$liberty.cc:84:create_or_cell$225_gold ($_OR_): \_356_.B_gold -> \_356_.B
Changing input B of cell $flatten\_357_.$auto$liberty.cc:75:create_and_cell$275_gold ($_AND_): \_443_.IQ_gold -> \code6
Changing input A of cell $flatten\_357_.$auto$liberty.cc:84:create_or_cell$273_gold ($_OR_): \_308_.B_gold -> \_308_.B
Changing input B of cell $flatten\_357_.$auto$liberty.cc:84:create_or_cell$273_gold ($_OR_): \_357_.A2_gold -> \_357_.A2
Changing input B of cell $flatten\_358_.$auto$liberty.cc:75:create_and_cell$275_gold ($_AND_): \_358_.B1_gold -> \_358_.B1
Changing input A of cell $flatten\_358_.$auto$liberty.cc:84:create_or_cell$273_gold ($_OR_): \_339_.A1_gold -> \_339_.A1
Changing input B of cell $flatten\_358_.$auto$liberty.cc:84:create_or_cell$273_gold ($_OR_): \_354_.A2_gold -> \_354_.A2
Changing input A of cell $flatten\_359_.$auto$liberty.cc:84:create_or_cell$257_gold ($_OR_): \_253_.A_gold -> \_253_.A
Changing input B of cell $flatten\_359_.$auto$liberty.cc:84:create_or_cell$257_gold ($_OR_): \_430_.IQ_gold -> \_430_.IQ
Changing input B of cell $flatten\_359_.$auto$liberty.cc:84:create_or_cell$259_gold ($_OR_): \_330_.B_gold -> \_330_.B
Changing input B of cell $flatten\_359_.$auto$liberty.cc:84:create_or_cell$261_gold ($_OR_): \_309_.A_gold -> \_309_.A
Changing input A of cell $flatten\_360_.$auto$liberty.cc:84:create_or_cell$225_gold ($_OR_): \_306_.B1_gold -> \_306_.B1
Changing input B of cell $flatten\_360_.$auto$liberty.cc:84:create_or_cell$225_gold ($_OR_): \_360_.B_gold -> \_360_.B
Changing input B of cell $flatten\_361_.$auto$liberty.cc:75:create_and_cell$275_gold ($_AND_): \_444_.IQ_gold -> \code7
Changing input A of cell $flatten\_361_.$auto$liberty.cc:84:create_or_cell$273_gold ($_OR_): \_308_.B_gold -> \_308_.B
Changing input B of cell $flatten\_361_.$auto$liberty.cc:84:create_or_cell$273_gold ($_OR_): \_361_.A2_gold -> \_361_.A2
Changing input B of cell $flatten\_362_.$auto$liberty.cc:75:create_and_cell$275_gold ($_AND_): \_362_.B1_gold -> \_362_.B1
Changing input A of cell $flatten\_362_.$auto$liberty.cc:84:create_or_cell$273_gold ($_OR_): \_344_.A2_gold -> \_344_.A2
Changing input B of cell $flatten\_362_.$auto$liberty.cc:84:create_or_cell$273_gold ($_OR_): \_354_.A2_gold -> \_354_.A2
Changing input A of cell $flatten\_363_.$auto$liberty.cc:84:create_or_cell$245_gold ($_OR_): \_433_.IQ_gold -> \_433_.IQ
Changing input B of cell $flatten\_363_.$auto$liberty.cc:84:create_or_cell$245_gold ($_OR_): \_432_.IQ_gold -> \_432_.IQ
Changing input B of cell $flatten\_363_.$auto$liberty.cc:84:create_or_cell$247_gold ($_OR_): \_253_.C_gold -> \_253_.C
Changing input A of cell $flatten\_364_.$auto$liberty.cc:84:create_or_cell$225_gold ($_OR_): \_306_.B1_gold -> \_306_.B1
Changing input B of cell $flatten\_364_.$auto$liberty.cc:84:create_or_cell$225_gold ($_OR_): \_364_.B_gold -> \_364_.B
Changing input B of cell $flatten\_365_.$auto$liberty.cc:75:create_and_cell$275_gold ($_AND_): \_445_.IQ_gold -> \code8
Changing input A of cell $flatten\_365_.$auto$liberty.cc:84:create_or_cell$273_gold ($_OR_): \_308_.B_gold -> \_308_.B
Changing input B of cell $flatten\_365_.$auto$liberty.cc:84:create_or_cell$273_gold ($_OR_): \_365_.A2_gold -> \_365_.A2
Changing input B of cell $flatten\_366_.$auto$liberty.cc:75:create_and_cell$275_gold ($_AND_): \_366_.B1_gold -> \_366_.B1
Changing input A of cell $flatten\_366_.$auto$liberty.cc:84:create_or_cell$273_gold ($_OR_): \_311_.A2_gold -> \_311_.A2
Changing input B of cell $flatten\_366_.$auto$liberty.cc:84:create_or_cell$273_gold ($_OR_): \_349_.A2_gold -> \_349_.A2
Changing input A of cell $flatten\_367_.$auto$liberty.cc:84:create_or_cell$257_gold ($_OR_): \_433_.IQ_gold -> \_433_.IQ
Changing input B of cell $flatten\_367_.$auto$liberty.cc:84:create_or_cell$257_gold ($_OR_): \_430_.IQ_gold -> \_430_.IQ
Changing input B of cell $flatten\_367_.$auto$liberty.cc:84:create_or_cell$259_gold ($_OR_): \_431_.IQ_gold -> \_431_.IQ
Changing input B of cell $flatten\_367_.$auto$liberty.cc:84:create_or_cell$261_gold ($_OR_): \_432_.IQ_gold -> \_432_.IQ
Changing input A of cell $flatten\_368_.$auto$liberty.cc:84:create_or_cell$225_gold ($_OR_): \_306_.B1_gold -> \_306_.B1
Changing input B of cell $flatten\_368_.$auto$liberty.cc:84:create_or_cell$225_gold ($_OR_): \_368_.B_gold -> \_368_.B
Changing input B of cell $flatten\_369_.$auto$liberty.cc:75:create_and_cell$275_gold ($_AND_): \_446_.IQ_gold -> \code9
Changing input A of cell $flatten\_369_.$auto$liberty.cc:84:create_or_cell$273_gold ($_OR_): \_308_.B_gold -> \_308_.B
Changing input B of cell $flatten\_369_.$auto$liberty.cc:84:create_or_cell$273_gold ($_OR_): \_369_.A2_gold -> \_369_.A2
Changing input B of cell $flatten\_370_.$auto$liberty.cc:75:create_and_cell$275_gold ($_AND_): \_332_.B_gold -> \_332_.B
Changing input A of cell $flatten\_370_.$auto$liberty.cc:84:create_or_cell$273_gold ($_OR_): \_254_.B_gold -> \_254_.B
Changing input B of cell $flatten\_370_.$auto$liberty.cc:84:create_or_cell$273_gold ($_OR_): \_314_.C_gold -> \_314_.C
Changing input B of cell $flatten\_371_.$auto$liberty.cc:75:create_and_cell$275_gold ($_AND_): \_371_.B1_gold -> \_371_.B1
Changing input A of cell $flatten\_371_.$auto$liberty.cc:84:create_or_cell$273_gold ($_OR_): \_306_.B1_gold -> \_306_.B1
Changing input B of cell $flatten\_371_.$auto$liberty.cc:84:create_or_cell$273_gold ($_OR_): \_371_.A2_gold -> \_371_.A2
Changing input A of cell $flatten\_372_.$auto$liberty.cc:75:create_and_cell$39_gold ($_AND_): \_302_.A_gold -> \_302_.A
Changing input B of cell $flatten\_372_.$auto$liberty.cc:75:create_and_cell$39_gold ($_AND_): \_266_.A_gold -> \_266_.A
Changing input A of cell $flatten\_373_.$auto$liberty.cc:75:create_and_cell$183_gold ($_AND_): \_302_.A_gold -> \_302_.A
Changing input B of cell $flatten\_373_.$auto$liberty.cc:75:create_and_cell$183_gold ($_AND_): \_266_.A_gold -> \_266_.A
Changing input B of cell $flatten\_374_.$auto$liberty.cc:84:create_or_cell$283_gold ($_OR_): \_306_.B1_gold -> \_306_.B1
Changing input B of cell $flatten\_374_.$auto$liberty.cc:84:create_or_cell$285_gold ($_OR_): \_254_.B_gold -> \_254_.B
Changing input B of cell $flatten\_375_.$auto$liberty.cc:75:create_and_cell$211_gold ($_AND_): \_254_.A_gold -> \_254_.A
Changing input A of cell $flatten\_376_.$auto$liberty.cc:75:create_and_cell$203_gold ($_AND_): \_254_.B_gold -> \_254_.B
Changing input B of cell $flatten\_376_.$auto$liberty.cc:75:create_and_cell$203_gold ($_AND_): \_376_.B_gold -> \_376_.B
Changing input B of cell $flatten\_376_.$auto$liberty.cc:75:create_and_cell$205_gold ($_AND_): \_376_.C_gold -> \_376_.C
Changing input A of cell $flatten\_377_.$auto$liberty.cc:84:create_or_cell$245_gold ($_OR_): \_254_.A_gold -> \_254_.A
Changing input B of cell $flatten\_377_.$auto$liberty.cc:84:create_or_cell$245_gold ($_OR_): \_258_.B1_gold -> \_258_.B1
Changing input B of cell $flatten\_377_.$auto$liberty.cc:84:create_or_cell$247_gold ($_OR_): \_377_.C_gold -> \_377_.C
Changing input A of cell $flatten\_378_.$auto$liberty.cc:75:create_and_cell$9_gold ($_AND_): \_378_.A1_gold -> \_378_.A1
Changing input B of cell $flatten\_378_.$auto$liberty.cc:75:create_and_cell$9_gold ($_AND_): \_378_.A2_gold -> \_378_.A2
Changing input B of cell $flatten\_378_.$auto$liberty.cc:84:create_or_cell$11_gold ($_OR_): \_378_.B1_gold -> \_378_.B1
Changing input A of cell $flatten\_379_.$auto$liberty.cc:75:create_and_cell$217_gold ($_AND_): \_376_.B_gold -> \_376_.B
Changing input B of cell $flatten\_379_.$auto$liberty.cc:75:create_and_cell$217_gold ($_AND_): \_327_.B_gold -> \_327_.B
Changing input B of cell $flatten\_379_.$auto$liberty.cc:75:create_and_cell$219_gold ($_AND_): \_376_.C_gold -> \_376_.C
Changing input B of cell $flatten\_379_.$auto$liberty.cc:75:create_and_cell$221_gold ($_AND_): \_379_.D_gold -> \_379_.D
Changing input A of cell $flatten\_380_.$auto$liberty.cc:75:create_and_cell$9_gold ($_AND_): \_380_.A1_gold -> \_380_.A1
Changing input B of cell $flatten\_380_.$auto$liberty.cc:75:create_and_cell$9_gold ($_AND_): \_380_.A2_gold -> \_380_.A2
Changing input B of cell $flatten\_380_.$auto$liberty.cc:84:create_or_cell$11_gold ($_OR_): \_378_.B1_gold -> \_378_.B1
Changing input A of cell $flatten\_381_.$auto$liberty.cc:75:create_and_cell$217_gold ($_AND_): \_376_.B_gold -> \_376_.B
Changing input B of cell $flatten\_381_.$auto$liberty.cc:75:create_and_cell$217_gold ($_AND_): \_335_.B_gold -> \_335_.B
Changing input B of cell $flatten\_381_.$auto$liberty.cc:75:create_and_cell$219_gold ($_AND_): \_376_.C_gold -> \_376_.C
Changing input B of cell $flatten\_381_.$auto$liberty.cc:75:create_and_cell$221_gold ($_AND_): \_379_.D_gold -> \_379_.D
Changing input A of cell $flatten\_382_.$auto$liberty.cc:75:create_and_cell$9_gold ($_AND_): \_382_.A1_gold -> \_382_.A1
Changing input B of cell $flatten\_382_.$auto$liberty.cc:75:create_and_cell$9_gold ($_AND_): \_382_.A2_gold -> \_382_.A2
Changing input B of cell $flatten\_382_.$auto$liberty.cc:84:create_or_cell$11_gold ($_OR_): \_378_.B1_gold -> \_378_.B1
Changing input A of cell $flatten\_383_.$auto$liberty.cc:75:create_and_cell$217_gold ($_AND_): \_376_.B_gold -> \_376_.B
Changing input B of cell $flatten\_383_.$auto$liberty.cc:75:create_and_cell$217_gold ($_AND_): \_341_.B_gold -> \_341_.B
Changing input B of cell $flatten\_383_.$auto$liberty.cc:75:create_and_cell$219_gold ($_AND_): \_376_.C_gold -> \_376_.C
Changing input B of cell $flatten\_383_.$auto$liberty.cc:75:create_and_cell$221_gold ($_AND_): \_379_.D_gold -> \_379_.D
Changing input A of cell $flatten\_384_.$auto$liberty.cc:75:create_and_cell$9_gold ($_AND_): \_384_.A1_gold -> \_384_.A1
Changing input B of cell $flatten\_384_.$auto$liberty.cc:75:create_and_cell$9_gold ($_AND_): \_384_.A2_gold -> \_384_.A2
Changing input B of cell $flatten\_384_.$auto$liberty.cc:84:create_or_cell$11_gold ($_OR_): \_378_.B1_gold -> \_378_.B1
Changing input A of cell $flatten\_385_.$auto$liberty.cc:75:create_and_cell$217_gold ($_AND_): \_376_.B_gold -> \_376_.B
Changing input B of cell $flatten\_385_.$auto$liberty.cc:75:create_and_cell$217_gold ($_AND_): \_346_.B_gold -> \_346_.B
Changing input B of cell $flatten\_385_.$auto$liberty.cc:75:create_and_cell$219_gold ($_AND_): \_376_.C_gold -> \_376_.C
Changing input B of cell $flatten\_385_.$auto$liberty.cc:75:create_and_cell$221_gold ($_AND_): \_379_.D_gold -> \_379_.D
Changing input A of cell $flatten\_386_.$auto$liberty.cc:75:create_and_cell$9_gold ($_AND_): \_386_.A1_gold -> \_386_.A1
Changing input B of cell $flatten\_386_.$auto$liberty.cc:75:create_and_cell$9_gold ($_AND_): \_386_.A2_gold -> \_386_.A2
Changing input B of cell $flatten\_386_.$auto$liberty.cc:84:create_or_cell$11_gold ($_OR_): \_378_.B1_gold -> \_378_.B1
Changing input A of cell $flatten\_387_.$auto$liberty.cc:75:create_and_cell$217_gold ($_AND_): \_376_.B_gold -> \_376_.B
Changing input B of cell $flatten\_387_.$auto$liberty.cc:75:create_and_cell$217_gold ($_AND_): \_351_.B_gold -> \_351_.B
Changing input B of cell $flatten\_387_.$auto$liberty.cc:75:create_and_cell$219_gold ($_AND_): \_376_.C_gold -> \_376_.C
Changing input B of cell $flatten\_387_.$auto$liberty.cc:75:create_and_cell$221_gold ($_AND_): \_379_.D_gold -> \_379_.D
Changing input A of cell $flatten\_388_.$auto$liberty.cc:75:create_and_cell$9_gold ($_AND_): \_388_.A1_gold -> \_388_.A1
Changing input B of cell $flatten\_388_.$auto$liberty.cc:75:create_and_cell$9_gold ($_AND_): \_388_.A2_gold -> \_388_.A2
Changing input B of cell $flatten\_388_.$auto$liberty.cc:84:create_or_cell$11_gold ($_OR_): \_378_.B1_gold -> \_378_.B1
Changing input A of cell $flatten\_389_.$auto$liberty.cc:75:create_and_cell$217_gold ($_AND_): \_376_.B_gold -> \_376_.B
Changing input B of cell $flatten\_389_.$auto$liberty.cc:75:create_and_cell$217_gold ($_AND_): \_356_.B_gold -> \_356_.B
Changing input B of cell $flatten\_389_.$auto$liberty.cc:75:create_and_cell$219_gold ($_AND_): \_376_.C_gold -> \_376_.C
Changing input B of cell $flatten\_389_.$auto$liberty.cc:75:create_and_cell$221_gold ($_AND_): \_379_.D_gold -> \_379_.D
Changing input A of cell $flatten\_390_.$auto$liberty.cc:75:create_and_cell$9_gold ($_AND_): \_390_.A1_gold -> \_390_.A1
Changing input B of cell $flatten\_390_.$auto$liberty.cc:75:create_and_cell$9_gold ($_AND_): \_390_.A2_gold -> \_390_.A2
Changing input B of cell $flatten\_390_.$auto$liberty.cc:84:create_or_cell$11_gold ($_OR_): \_378_.B1_gold -> \_378_.B1
Changing input A of cell $flatten\_391_.$auto$liberty.cc:75:create_and_cell$217_gold ($_AND_): \_376_.B_gold -> \_376_.B
Changing input B of cell $flatten\_391_.$auto$liberty.cc:75:create_and_cell$217_gold ($_AND_): \_360_.B_gold -> \_360_.B
Changing input B of cell $flatten\_391_.$auto$liberty.cc:75:create_and_cell$219_gold ($_AND_): \_376_.C_gold -> \_376_.C
Changing input B of cell $flatten\_391_.$auto$liberty.cc:75:create_and_cell$221_gold ($_AND_): \_379_.D_gold -> \_379_.D
Changing input A of cell $flatten\_392_.$auto$liberty.cc:75:create_and_cell$9_gold ($_AND_): \_392_.A1_gold -> \_392_.A1
Changing input B of cell $flatten\_392_.$auto$liberty.cc:75:create_and_cell$9_gold ($_AND_): \_392_.A2_gold -> \_392_.A2
Changing input B of cell $flatten\_392_.$auto$liberty.cc:84:create_or_cell$11_gold ($_OR_): \_378_.B1_gold -> \_378_.B1
Changing input A of cell $flatten\_393_.$auto$liberty.cc:75:create_and_cell$217_gold ($_AND_): \_376_.B_gold -> \_376_.B
Changing input B of cell $flatten\_393_.$auto$liberty.cc:75:create_and_cell$217_gold ($_AND_): \_364_.B_gold -> \_364_.B
Changing input B of cell $flatten\_393_.$auto$liberty.cc:75:create_and_cell$219_gold ($_AND_): \_376_.C_gold -> \_376_.C
Changing input B of cell $flatten\_393_.$auto$liberty.cc:75:create_and_cell$221_gold ($_AND_): \_379_.D_gold -> \_379_.D
Changing input A of cell $flatten\_394_.$auto$liberty.cc:75:create_and_cell$9_gold ($_AND_): \_394_.A1_gold -> \_394_.A1
Changing input B of cell $flatten\_394_.$auto$liberty.cc:75:create_and_cell$9_gold ($_AND_): \_394_.A2_gold -> \_394_.A2
Changing input B of cell $flatten\_394_.$auto$liberty.cc:84:create_or_cell$11_gold ($_OR_): \_378_.B1_gold -> \_378_.B1
Changing input A of cell $flatten\_395_.$auto$liberty.cc:75:create_and_cell$217_gold ($_AND_): \_376_.B_gold -> \_376_.B
Changing input B of cell $flatten\_395_.$auto$liberty.cc:75:create_and_cell$217_gold ($_AND_): \_368_.B_gold -> \_368_.B
Changing input B of cell $flatten\_395_.$auto$liberty.cc:75:create_and_cell$219_gold ($_AND_): \_376_.C_gold -> \_376_.C
Changing input B of cell $flatten\_395_.$auto$liberty.cc:75:create_and_cell$221_gold ($_AND_): \_379_.D_gold -> \_379_.D
Changing input A of cell $flatten\_396_.$auto$liberty.cc:75:create_and_cell$9_gold ($_AND_): \_396_.A1_gold -> \_396_.A1
Changing input B of cell $flatten\_396_.$auto$liberty.cc:75:create_and_cell$9_gold ($_AND_): \_396_.A2_gold -> \_396_.A2
Changing input B of cell $flatten\_396_.$auto$liberty.cc:84:create_or_cell$11_gold ($_OR_): \_378_.B1_gold -> \_378_.B1
Changing input A of cell $flatten\_397_.$auto$liberty.cc:75:create_and_cell$9_gold ($_AND_): \_397_.A1_gold -> \_397_.A1
Changing input B of cell $flatten\_397_.$auto$liberty.cc:75:create_and_cell$9_gold ($_AND_): \_378_.A2_gold -> \_378_.A2
Changing input B of cell $flatten\_397_.$auto$liberty.cc:84:create_or_cell$11_gold ($_OR_): \_378_.B1_gold -> \_378_.B1
Changing input A of cell $flatten\_398_.$auto$liberty.cc:75:create_and_cell$217_gold ($_AND_): \_376_.B_gold -> \_376_.B
Changing input B of cell $flatten\_398_.$auto$liberty.cc:75:create_and_cell$217_gold ($_AND_): \_327_.B_gold -> \_327_.B
Changing input B of cell $flatten\_398_.$auto$liberty.cc:75:create_and_cell$219_gold ($_AND_): \_376_.C_gold -> \_376_.C
Changing input B of cell $flatten\_398_.$auto$liberty.cc:75:create_and_cell$221_gold ($_AND_): \_398_.D_gold -> \_398_.D
Changing input A of cell $flatten\_399_.$auto$liberty.cc:75:create_and_cell$9_gold ($_AND_): \_399_.A1_gold -> \_399_.A1
Changing input B of cell $flatten\_399_.$auto$liberty.cc:75:create_and_cell$9_gold ($_AND_): \_399_.A2_gold -> \_399_.A2
Changing input B of cell $flatten\_399_.$auto$liberty.cc:84:create_or_cell$11_gold ($_OR_): \_378_.B1_gold -> \_378_.B1
Changing input A of cell $flatten\_400_.$auto$liberty.cc:75:create_and_cell$217_gold ($_AND_): \_376_.B_gold -> \_376_.B
Changing input B of cell $flatten\_400_.$auto$liberty.cc:75:create_and_cell$217_gold ($_AND_): \_335_.B_gold -> \_335_.B
Changing input B of cell $flatten\_400_.$auto$liberty.cc:75:create_and_cell$219_gold ($_AND_): \_376_.C_gold -> \_376_.C
Changing input B of cell $flatten\_400_.$auto$liberty.cc:75:create_and_cell$221_gold ($_AND_): \_398_.D_gold -> \_398_.D
Changing input A of cell $flatten\_401_.$auto$liberty.cc:75:create_and_cell$9_gold ($_AND_): \_401_.A1_gold -> \_401_.A1
Changing input B of cell $flatten\_401_.$auto$liberty.cc:75:create_and_cell$9_gold ($_AND_): \_401_.A2_gold -> \_401_.A2
Changing input B of cell $flatten\_401_.$auto$liberty.cc:84:create_or_cell$11_gold ($_OR_): \_378_.B1_gold -> \_378_.B1
Changing input A of cell $flatten\_402_.$auto$liberty.cc:75:create_and_cell$217_gold ($_AND_): \_376_.B_gold -> \_376_.B
Changing input B of cell $flatten\_402_.$auto$liberty.cc:75:create_and_cell$217_gold ($_AND_): \_341_.B_gold -> \_341_.B
Changing input B of cell $flatten\_402_.$auto$liberty.cc:75:create_and_cell$219_gold ($_AND_): \_376_.C_gold -> \_376_.C
Changing input B of cell $flatten\_402_.$auto$liberty.cc:75:create_and_cell$221_gold ($_AND_): \_398_.D_gold -> \_398_.D
Changing input A of cell $flatten\_403_.$auto$liberty.cc:75:create_and_cell$9_gold ($_AND_): \_403_.A1_gold -> \_403_.A1
Changing input B of cell $flatten\_403_.$auto$liberty.cc:75:create_and_cell$9_gold ($_AND_): \_403_.A2_gold -> \_403_.A2
Changing input B of cell $flatten\_403_.$auto$liberty.cc:84:create_or_cell$11_gold ($_OR_): \_378_.B1_gold -> \_378_.B1
Changing input A of cell $flatten\_404_.$auto$liberty.cc:75:create_and_cell$217_gold ($_AND_): \_376_.B_gold -> \_376_.B
Changing input B of cell $flatten\_404_.$auto$liberty.cc:75:create_and_cell$217_gold ($_AND_): \_346_.B_gold -> \_346_.B
Changing input B of cell $flatten\_404_.$auto$liberty.cc:75:create_and_cell$219_gold ($_AND_): \_376_.C_gold -> \_376_.C
Changing input B of cell $flatten\_404_.$auto$liberty.cc:75:create_and_cell$221_gold ($_AND_): \_398_.D_gold -> \_398_.D
Changing input A of cell $flatten\_405_.$auto$liberty.cc:75:create_and_cell$9_gold ($_AND_): \_405_.A1_gold -> \_405_.A1
Changing input B of cell $flatten\_405_.$auto$liberty.cc:75:create_and_cell$9_gold ($_AND_): \_405_.A2_gold -> \_405_.A2
Changing input B of cell $flatten\_405_.$auto$liberty.cc:84:create_or_cell$11_gold ($_OR_): \_378_.B1_gold -> \_378_.B1
Changing input A of cell $flatten\_406_.$auto$liberty.cc:75:create_and_cell$217_gold ($_AND_): \_376_.B_gold -> \_376_.B
Changing input B of cell $flatten\_406_.$auto$liberty.cc:75:create_and_cell$217_gold ($_AND_): \_351_.B_gold -> \_351_.B
Changing input B of cell $flatten\_406_.$auto$liberty.cc:75:create_and_cell$219_gold ($_AND_): \_376_.C_gold -> \_376_.C
Changing input B of cell $flatten\_406_.$auto$liberty.cc:75:create_and_cell$221_gold ($_AND_): \_398_.D_gold -> \_398_.D
Changing input A of cell $flatten\_407_.$auto$liberty.cc:75:create_and_cell$9_gold ($_AND_): \_407_.A1_gold -> \_407_.A1
Changing input B of cell $flatten\_407_.$auto$liberty.cc:75:create_and_cell$9_gold ($_AND_): \_407_.A2_gold -> \_407_.A2
Changing input B of cell $flatten\_407_.$auto$liberty.cc:84:create_or_cell$11_gold ($_OR_): \_378_.B1_gold -> \_378_.B1
Changing input A of cell $flatten\_408_.$auto$liberty.cc:75:create_and_cell$217_gold ($_AND_): \_376_.B_gold -> \_376_.B
Changing input B of cell $flatten\_408_.$auto$liberty.cc:75:create_and_cell$217_gold ($_AND_): \_356_.B_gold -> \_356_.B
Changing input B of cell $flatten\_408_.$auto$liberty.cc:75:create_and_cell$219_gold ($_AND_): \_376_.C_gold -> \_376_.C
Changing input B of cell $flatten\_408_.$auto$liberty.cc:75:create_and_cell$221_gold ($_AND_): \_398_.D_gold -> \_398_.D
Changing input A of cell $flatten\_409_.$auto$liberty.cc:75:create_and_cell$9_gold ($_AND_): \_409_.A1_gold -> \_409_.A1
Changing input B of cell $flatten\_409_.$auto$liberty.cc:75:create_and_cell$9_gold ($_AND_): \_409_.A2_gold -> \_409_.A2
Changing input B of cell $flatten\_409_.$auto$liberty.cc:84:create_or_cell$11_gold ($_OR_): \_378_.B1_gold -> \_378_.B1
Changing input A of cell $flatten\_410_.$auto$liberty.cc:75:create_and_cell$217_gold ($_AND_): \_376_.B_gold -> \_376_.B
Changing input B of cell $flatten\_410_.$auto$liberty.cc:75:create_and_cell$217_gold ($_AND_): \_360_.B_gold -> \_360_.B
Changing input B of cell $flatten\_410_.$auto$liberty.cc:75:create_and_cell$219_gold ($_AND_): \_376_.C_gold -> \_376_.C
Changing input B of cell $flatten\_410_.$auto$liberty.cc:75:create_and_cell$221_gold ($_AND_): \_398_.D_gold -> \_398_.D
Changing input A of cell $flatten\_411_.$auto$liberty.cc:75:create_and_cell$9_gold ($_AND_): \_411_.A1_gold -> \_411_.A1
Changing input B of cell $flatten\_411_.$auto$liberty.cc:75:create_and_cell$9_gold ($_AND_): \_411_.A2_gold -> \_411_.A2
Changing input B of cell $flatten\_411_.$auto$liberty.cc:84:create_or_cell$11_gold ($_OR_): \_378_.B1_gold -> \_378_.B1
Changing input A of cell $flatten\_412_.$auto$liberty.cc:75:create_and_cell$217_gold ($_AND_): \_376_.B_gold -> \_376_.B
Changing input B of cell $flatten\_412_.$auto$liberty.cc:75:create_and_cell$217_gold ($_AND_): \_364_.B_gold -> \_364_.B
Changing input B of cell $flatten\_412_.$auto$liberty.cc:75:create_and_cell$219_gold ($_AND_): \_376_.C_gold -> \_376_.C
Changing input B of cell $flatten\_412_.$auto$liberty.cc:75:create_and_cell$221_gold ($_AND_): \_398_.D_gold -> \_398_.D
Changing input A of cell $flatten\_413_.$auto$liberty.cc:75:create_and_cell$9_gold ($_AND_): \_413_.A1_gold -> \_413_.A1
Changing input B of cell $flatten\_413_.$auto$liberty.cc:75:create_and_cell$9_gold ($_AND_): \_413_.A2_gold -> \_413_.A2
Changing input B of cell $flatten\_413_.$auto$liberty.cc:84:create_or_cell$11_gold ($_OR_): \_378_.B1_gold -> \_378_.B1
Changing input A of cell $flatten\_414_.$auto$liberty.cc:75:create_and_cell$217_gold ($_AND_): \_376_.B_gold -> \_376_.B
Changing input B of cell $flatten\_414_.$auto$liberty.cc:75:create_and_cell$217_gold ($_AND_): \_368_.B_gold -> \_368_.B
Changing input B of cell $flatten\_414_.$auto$liberty.cc:75:create_and_cell$219_gold ($_AND_): \_376_.C_gold -> \_376_.C
Changing input B of cell $flatten\_414_.$auto$liberty.cc:75:create_and_cell$221_gold ($_AND_): \_398_.D_gold -> \_398_.D
Changing input A of cell $flatten\_415_.$auto$liberty.cc:75:create_and_cell$9_gold ($_AND_): \_415_.A1_gold -> \_415_.A1
Changing input B of cell $flatten\_415_.$auto$liberty.cc:75:create_and_cell$9_gold ($_AND_): \_415_.A2_gold -> \_415_.A2
Changing input B of cell $flatten\_415_.$auto$liberty.cc:84:create_or_cell$11_gold ($_OR_): \_378_.B1_gold -> \_378_.B1
Changing input B of cell $flatten\_416_.$auto$liberty.cc:75:create_and_cell$183_gold ($_AND_): \_256_.B_gold -> \_256_.B
Changing input A of cell $flatten\_417_.$auto$liberty.cc:75:create_and_cell$203_gold ($_AND_): \_246_.B_gold -> \_246_.B
Changing input B of cell $flatten\_417_.$auto$liberty.cc:75:create_and_cell$203_gold ($_AND_): \_306_.B1_gold -> \_306_.B1
Changing input B of cell $flatten\_417_.$auto$liberty.cc:75:create_and_cell$205_gold ($_AND_): \_298_.A1_gold -> \_298_.A1
Changing input A of cell $flatten\_418_.$auto$liberty.cc:75:create_and_cell$183_gold ($_AND_): \_467_.IQ_gold -> \busy
Changing input B of cell $flatten\_418_.$auto$liberty.cc:75:create_and_cell$183_gold ($_AND_): \_418_.B_gold -> \_418_.B
Changing input A of cell $flatten\_419_.$auto$liberty.cc:75:create_and_cell$183_gold ($_AND_): \_419_.A_gold -> \_419_.A
Changing input B of cell $flatten\_419_.$auto$liberty.cc:75:create_and_cell$183_gold ($_AND_): \_419_.B_gold -> \_419_.B
Changing input B of cell $flatten\_420_.$auto$liberty.cc:75:create_and_cell$275_gold ($_AND_): \_469_.IQ_gold -> \sample
Changing input A of cell $flatten\_420_.$auto$liberty.cc:84:create_or_cell$273_gold ($_OR_): \_254_.A_gold -> \_254_.A
Changing input B of cell $flatten\_420_.$auto$liberty.cc:84:create_or_cell$273_gold ($_OR_): \_377_.C_gold -> \_377_.C
Changing input A of cell $flatten\_421_.$auto$liberty.cc:75:create_and_cell$203_gold ($_AND_): \_283_.B1_gold -> \_283_.B1
Changing input B of cell $flatten\_421_.$auto$liberty.cc:75:create_and_cell$203_gold ($_AND_): \_419_.A_gold -> \_419_.A
Changing input B of cell $flatten\_421_.$auto$liberty.cc:75:create_and_cell$205_gold ($_AND_): \_421_.C_gold -> \_421_.C
Changing input D of cell $flatten\_422_.$auto$liberty.cc:266:create_ff$74_gold ($_SDFF_PN0_): \_422_.D_gold -> \_422_.D
Changing input D of cell $flatten\_423_.$auto$liberty.cc:266:create_ff$74_gold ($_SDFF_PN0_): \_423_.D_gold -> \_423_.D
Changing input D of cell $flatten\_424_.$auto$liberty.cc:266:create_ff$74_gold ($_SDFF_PN0_): \_424_.D_gold -> \_424_.D
Changing input D of cell $flatten\_425_.$auto$liberty.cc:266:create_ff$74_gold ($_SDFF_PN0_): \_425_.D_gold -> \_425_.D
Changing input D of cell $flatten\_426_.$auto$liberty.cc:266:create_ff$74_gold ($_SDFF_PN0_): \_426_.D_gold -> \_426_.D
Changing input D of cell $flatten\_427_.$auto$liberty.cc:266:create_ff$74_gold ($_SDFF_PN0_): \_427_.D_gold -> \_427_.D
Changing input D of cell $flatten\_428_.$auto$liberty.cc:266:create_ff$74_gold ($_SDFF_PN0_): \_428_.D_gold -> \_428_.D
Changing input D of cell $flatten\_429_.$auto$liberty.cc:266:create_ff$74_gold ($_SDFF_PN0_): \_429_.D_gold -> \_429_.D
Changing input D of cell $flatten\_430_.$auto$liberty.cc:266:create_ff$74_gold ($_SDFF_PN0_): \_430_.D_gold -> \_430_.D
Changing input D of cell $flatten\_431_.$auto$liberty.cc:266:create_ff$74_gold ($_SDFF_PN0_): \_431_.D_gold -> \_431_.D
Changing input D of cell $flatten\_432_.$auto$liberty.cc:266:create_ff$74_gold ($_SDFF_PN0_): \_432_.D_gold -> \_432_.D
Changing input D of cell $flatten\_433_.$auto$liberty.cc:266:create_ff$74_gold ($_SDFF_PN0_): \_433_.D_gold -> \_433_.D
Changing input D of cell $flatten\_434_.$auto$liberty.cc:266:create_ff$74_gold ($_SDFF_PN0_): \_434_.D_gold -> \_434_.D
Changing input D of cell $flatten\_435_.$auto$liberty.cc:266:create_ff$74_gold ($_SDFF_PN0_): \_435_.D_gold -> \_435_.D
Changing input D of cell $flatten\_436_.$auto$liberty.cc:266:create_ff$74_gold ($_SDFF_PN0_): \_436_.D_gold -> \_436_.D
Changing input D of cell $flatten\_437_.$auto$liberty.cc:266:create_ff$74_gold ($_SDFF_PN0_): \_437_.D_gold -> \_437_.D
Changing input D of cell $flatten\_438_.$auto$liberty.cc:266:create_ff$74_gold ($_SDFF_PN0_): \_438_.D_gold -> \_438_.D
Changing input D of cell $flatten\_439_.$auto$liberty.cc:266:create_ff$74_gold ($_SDFF_PN0_): \_439_.D_gold -> \_439_.D
Changing input D of cell $flatten\_440_.$auto$liberty.cc:266:create_ff$74_gold ($_SDFF_PN0_): \_440_.D_gold -> \_440_.D
Changing input D of cell $flatten\_441_.$auto$liberty.cc:266:create_ff$74_gold ($_SDFF_PN0_): \_441_.D_gold -> \_441_.D
Changing input D of cell $flatten\_442_.$auto$liberty.cc:266:create_ff$74_gold ($_SDFF_PN0_): \_442_.D_gold -> \_442_.D
Changing input D of cell $flatten\_443_.$auto$liberty.cc:266:create_ff$74_gold ($_SDFF_PN0_): \_443_.D_gold -> \_443_.D
Changing input D of cell $flatten\_444_.$auto$liberty.cc:266:create_ff$74_gold ($_SDFF_PN0_): \_444_.D_gold -> \_444_.D
Changing input D of cell $flatten\_445_.$auto$liberty.cc:266:create_ff$74_gold ($_SDFF_PN0_): \_445_.D_gold -> \_445_.D
Changing input D of cell $flatten\_446_.$auto$liberty.cc:266:create_ff$74_gold ($_SDFF_PN0_): \_446_.D_gold -> \_446_.D
Changing input D of cell $flatten\_447_.$auto$liberty.cc:266:create_ff$74_gold ($_SDFF_PN0_): \_447_.D_gold -> \_447_.D
Changing input D of cell $flatten\_448_.$auto$liberty.cc:266:create_ff$74_gold ($_SDFF_PN0_): \_448_.D_gold -> \_448_.D
Changing input D of cell $flatten\_449_.$auto$liberty.cc:266:create_ff$74_gold ($_SDFF_PN0_): \_449_.D_gold -> \_449_.D
Changing input D of cell $flatten\_450_.$auto$liberty.cc:266:create_ff$74_gold ($_SDFF_PN0_): \_450_.D_gold -> \_450_.D
Changing input D of cell $flatten\_451_.$auto$liberty.cc:266:create_ff$74_gold ($_SDFF_PN0_): \_451_.D_gold -> \_451_.D
Changing input D of cell $flatten\_452_.$auto$liberty.cc:266:create_ff$74_gold ($_SDFF_PN0_): \_452_.D_gold -> \_452_.D
Changing input D of cell $flatten\_453_.$auto$liberty.cc:266:create_ff$74_gold ($_SDFF_PN0_): \_453_.D_gold -> \_453_.D
Changing input D of cell $flatten\_454_.$auto$liberty.cc:266:create_ff$74_gold ($_SDFF_PN0_): \_454_.D_gold -> \_454_.D
Changing input D of cell $flatten\_455_.$auto$liberty.cc:266:create_ff$74_gold ($_SDFF_PN0_): \_455_.D_gold -> \_455_.D
Changing input D of cell $flatten\_456_.$auto$liberty.cc:266:create_ff$74_gold ($_SDFF_PN0_): \_456_.D_gold -> \_456_.D
Changing input D of cell $flatten\_457_.$auto$liberty.cc:266:create_ff$74_gold ($_SDFF_PN0_): \_457_.D_gold -> \_457_.D
Changing input D of cell $flatten\_458_.$auto$liberty.cc:266:create_ff$74_gold ($_SDFF_PN0_): \_458_.D_gold -> \_458_.D
Changing input D of cell $flatten\_459_.$auto$liberty.cc:266:create_ff$74_gold ($_SDFF_PN0_): \_459_.D_gold -> \_459_.D
Changing input D of cell $flatten\_460_.$auto$liberty.cc:266:create_ff$74_gold ($_SDFF_PN0_): \_460_.D_gold -> \_460_.D
Changing input D of cell $flatten\_461_.$auto$liberty.cc:266:create_ff$74_gold ($_SDFF_PN0_): \_461_.D_gold -> \_461_.D
Changing input D of cell $flatten\_462_.$auto$liberty.cc:266:create_ff$74_gold ($_SDFF_PN0_): \_462_.D_gold -> \_462_.D
Changing input D of cell $flatten\_463_.$auto$liberty.cc:266:create_ff$74_gold ($_SDFF_PN0_): \_463_.D_gold -> \_463_.D
Changing input D of cell $flatten\_464_.$auto$liberty.cc:266:create_ff$74_gold ($_SDFF_PN0_): \_464_.D_gold -> \_464_.D
Changing input D of cell $flatten\_465_.$auto$liberty.cc:266:create_ff$74_gold ($_SDFF_PN0_): \_465_.D_gold -> \_465_.D
Changing input D of cell $flatten\_466_.$auto$liberty.cc:266:create_ff$74_gold ($_SDFF_PN0_): \_466_.D_gold -> \_466_.D
Changing input D of cell $flatten\_467_.$auto$liberty.cc:266:create_ff$74_gold ($_SDFF_PN0_): \_467_.D_gold -> \_467_.D
Changing input D of cell $flatten\_468_.$auto$liberty.cc:266:create_ff$74_gold ($_SDFF_PN0_): \_468_.D_gold -> \_468_.D
Changing input D of cell $flatten\_469_.$auto$liberty.cc:266:create_ff$74_gold ($_SDFF_PN0_): \_469_.D_gold -> \_469_.D
Changing input D of cell $flatten\_470_.$auto$liberty.cc:266:create_ff$74_gold ($_SDFF_PN0_): \_470_.D_gold -> \_470_.D
Setting undriven nets to undef: \u_sar.bit_idx_gold [0]
Setting undriven nets to undef: \u_sar.bit_idx_gold [3]

16. Executing HIERARCHY pass (managing design hierarchy).

16.1. Analyzing design hierarchy..
Top module:  \equiv

16.2. Analyzing design hierarchy..
Top module:  \equiv
Removing unused module `\gate'.
Removing unused module `\gold'.
Removed 2 unused modules.

17. Executing EQUIV_SIMPLE pass.
Found 1032 unproven $equiv cells (1032 groups) in equiv:
  Trying to prove $equiv for \_212_.Y: success!
  Trying to prove $equiv for \_212_.A: failed.
  Trying to prove $equiv for \_214_.Y: success!
  Trying to prove $equiv for \_213_.Y: success!
  Trying to prove $equiv for \_215_.Y: success!
  Trying to prove $equiv for \_217_.Y: success!
  Trying to prove $equiv for \_216_.Y: success!
  Trying to prove $equiv for \_218_.Y: success!
  Trying to prove $equiv for \_221_.Y: success!
  Trying to prove $equiv for \_220_.Y: success!
  Trying to prove $equiv for \_219_.Y: success!
  Trying to prove $equiv for \_222_.Y: success!
  Trying to prove $equiv for \_223_.Y: success!
  Trying to prove $equiv for \_224_.Y: success!
  Trying to prove $equiv for \_225_.Y: success!
  Trying to prove $equiv for \_227_.Y: success!
  Trying to prove $equiv for \_226_.Y: success!
  Trying to prove $equiv for \_229_.Y: success!
  Trying to prove $equiv for \_228_.Y: success!
  Trying to prove $equiv for \_230_.Y: success!
  Trying to prove $equiv for \_234_.Y: success!
  Trying to prove $equiv for \_233_.Y: success!
  Trying to prove $equiv for \_231_.Y: success!
  Trying to prove $equiv for \_232_.Y: success!
  Trying to prove $equiv for \_237_.Y: success!
  Trying to prove $equiv for \_235_.Y: success!
  Trying to prove $equiv for \_236_.Y: success!
  Trying to prove $equiv for \_241_.A: failed.
  Trying to prove $equiv for \_239_.Y: success!
  Trying to prove $equiv for \_241_.B_N: failed.
  Trying to prove $equiv for \_240_.Y: success!
  Trying to prove $equiv for \_238_.Y: success!
  Trying to prove $equiv for \_242_.A_N: failed.
  Trying to prove $equiv for \_242_.B: failed.
  Trying to prove $equiv for \_243_.A: success!
  Trying to prove $equiv for \_242_.C: failed.
  Trying to prove $equiv for \_241_.Y: success!
  Trying to prove $equiv for \_242_.Y: success!
  Trying to prove $equiv for \_245_.A: success!
  Trying to prove $equiv for \_244_.C: failed.
  Trying to prove $equiv for \_244_.A_N: failed.
  Trying to prove $equiv for \_249_.B: success!
  Trying to prove $equiv for \_244_.B: failed.
  Trying to prove $equiv for \_244_.Y: success!
  Trying to prove $equiv for \_246_.A: success!
  Trying to prove $equiv for \_246_.X: success!
  Trying to prove $equiv for \_247_.Y: success!
  Trying to prove $equiv for \_247_.A: success!
  Trying to prove $equiv for \_249_.X: success!
  Trying to prove $equiv for \_248_.Y: success!
  Trying to prove $equiv for \_249_.A: failed.
  Trying to prove $equiv for \_248_.A: failed.
  Trying to prove $equiv for \_252_.A_N: failed.
  Trying to prove $equiv for \_254_.A: success!
  Trying to prove $equiv for \_252_.B: failed.
  Trying to prove $equiv for \_253_.Y: success!
  Trying to prove $equiv for \_251_.Y: success!
  Trying to prove $equiv for \_253_.A: success!
  Trying to prove $equiv for \_251_.A: failed.
  Trying to prove $equiv for \_253_.B: failed.
  Trying to prove $equiv for \_251_.B_N: failed.
  Trying to prove $equiv for \_253_.C: success!
  Trying to prove $equiv for \_250_.Y: success!
  Trying to prove $equiv for \_250_.A: failed.
  Trying to prove $equiv for \_252_.Y: success!
  Trying to prove $equiv for \_256_.B: success!
  Trying to prove $equiv for \_255_.C: failed.
  Trying to prove $equiv for \_254_.Y: success!
  Trying to prove $equiv for \_255_.A: failed.
  Trying to prove $equiv for \_255_.Y: success!
  Trying to prove $equiv for \_255_.B: failed.
  Trying to prove $equiv for \_256_.X: success!
  Trying to prove $equiv for \_258_.B1: success!
  Trying to prove $equiv for \_257_.Y: success!
  Trying to prove $equiv for \_257_.A: success!
  Trying to prove $equiv for \_258_.A1: success!
  Trying to prove $equiv for \_258_.Y: success!
  Trying to prove $equiv for \_258_.A2: success!
  Trying to prove $equiv for \_259_.A2: success!
  Trying to prove $equiv for \_260_.B: success!
  Trying to prove $equiv for \_260_.A: success!
  Trying to prove $equiv for \_259_.B1: success!
  Trying to prove $equiv for \_259_.C1: success!
  Trying to prove $equiv for \_259_.B2: success!
  Trying to prove $equiv for \_259_.A1: success!
  Trying to prove $equiv for \_259_.Y: success!
  Trying to prove $equiv for \_261_.Y: success!
  Trying to prove $equiv for \_261_.A: failed.
  Trying to prove $equiv for \_263_.D: failed.
  Trying to prove $equiv for \_263_.X: success!
  Trying to prove $equiv for \_262_.Y: success!
  Trying to prove $equiv for \_263_.A: failed.
  Trying to prove $equiv for \_262_.A: failed.
  Trying to prove $equiv for \_263_.B: failed.
  Trying to prove $equiv for \_263_.C: failed.
  Trying to prove $equiv for \_265_.B: failed.
  Trying to prove $equiv for \_265_.C: success!
  Trying to prove $equiv for \_264_.Y: success!
  Trying to prove $equiv for \_266_.B: success!
  Trying to prove $equiv for \_265_.D: success!
  Trying to prove $equiv for \_264_.A_N: failed.
  Trying to prove $equiv for \_267_.C: success!
  Trying to prove $equiv for \_265_.Y: success!
  Trying to prove $equiv for \_266_.Y: success!
  Trying to prove $equiv for \_265_.A: failed.
  Trying to prove $equiv for \_268_.A1: failed.
  Trying to prove $equiv for \_268_.A2: success!
  Trying to prove $equiv for \_267_.A: failed.
  Trying to prove $equiv for \_269_.B: failed.
  Trying to prove $equiv for \_267_.B: success!
  Trying to prove $equiv for \_267_.Y: success!
  Trying to prove $equiv for \_270_.A1: success!
  Trying to prove $equiv for \_270_.A2: success!
  Trying to prove $equiv for \_270_.B1: success!
  Trying to prove $equiv for \_268_.Y: success!
  Trying to prove $equiv for \_269_.X: success!
  Trying to prove $equiv for \_270_.Y: success!
  Trying to prove $equiv for \bn0: failed.
  Trying to prove $equiv for \bn1: failed.
  Trying to prove $equiv for \bn2: failed.
  Trying to prove $equiv for \bn3: failed.
  Trying to prove $equiv for \bn4: failed.
  Trying to prove $equiv for \bn5: failed.
  Trying to prove $equiv for \bn6: failed.
  Trying to prove $equiv for \bn7: failed.
  Trying to prove $equiv for \bn8: failed.
  Trying to prove $equiv for \bn9: failed.
  Trying to prove $equiv for \bp0: failed.
  Trying to prove $equiv for \bp1: failed.
  Trying to prove $equiv for \bp2: failed.
  Trying to prove $equiv for \bp3: failed.
  Trying to prove $equiv for \bp4: failed.
  Trying to prove $equiv for \bp5: failed.
  Trying to prove $equiv for \bp6: failed.
  Trying to prove $equiv for \bp7: failed.
  Trying to prove $equiv for \bp8: failed.
  Trying to prove $equiv for \bp9: failed.
  Trying to prove $equiv for \busy: failed.
  Trying to prove $equiv for \code0: failed.
  Trying to prove $equiv for \code1: failed.
  Trying to prove $equiv for \code2: failed.
  Trying to prove $equiv for \code3: failed.
  Trying to prove $equiv for \code4: failed.
  Trying to prove $equiv for \code5: failed.
  Trying to prove $equiv for \code6: failed.
  Trying to prove $equiv for \code7: failed.
  Trying to prove $equiv for \code8: failed.
  Trying to prove $equiv for \code9: failed.
  Trying to prove $equiv for \comp_clk: failed.
  Trying to prove $equiv for \sample: failed.
  Trying to prove $equiv for \valid: failed.
  Trying to prove $equiv for \_213_.A: failed.
  Trying to prove $equiv for \_214_.A: failed.
  Trying to prove $equiv for \_215_.A: failed.
  Trying to prove $equiv for \_216_.A: failed.
  Trying to prove $equiv for \_217_.A: failed.
  Trying to prove $equiv for \_218_.A: failed.
  Trying to prove $equiv for \_219_.A: failed.
  Trying to prove $equiv for \_220_.A: failed.
  Trying to prove $equiv for \_221_.A: failed.
  Trying to prove $equiv for \_222_.A: failed.
  Trying to prove $equiv for \_223_.A: failed.
  Trying to prove $equiv for \_224_.A: failed.
  Trying to prove $equiv for \_225_.A: failed.
  Trying to prove $equiv for \_226_.A: failed.
  Trying to prove $equiv for \_227_.A: failed.
  Trying to prove $equiv for \_228_.A: failed.
  Trying to prove $equiv for \_229_.A: failed.
  Trying to prove $equiv for \_230_.A: failed.
  Trying to prove $equiv for \_231_.A: failed.
  Trying to prove $equiv for \_232_.A: failed.
  Trying to prove $equiv for \_233_.A: failed.
  Trying to prove $equiv for \_234_.A: failed.
  Trying to prove $equiv for \_235_.A: failed.
  Trying to prove $equiv for \_236_.A: failed.
  Trying to prove $equiv for \_237_.A: failed.
  Trying to prove $equiv for \_238_.A: failed.
  Trying to prove $equiv for \_239_.A: success!
  Trying to prove $equiv for \_240_.A: success!
  Trying to prove $equiv for \_243_.Y: success!
  Trying to prove $equiv for \_245_.Y: success!
  Trying to prove $equiv for \_246_.B: success!
  Trying to prove $equiv for \_247_.B: success!
  Trying to prove $equiv for \_248_.B: failed.
  Trying to prove $equiv for \_250_.B: success!
  Trying to prove $equiv for \_254_.B: success!
  Trying to prove $equiv for \_256_.A: success!
  Trying to prove $equiv for \_257_.B: success!
  Trying to prove $equiv for \_260_.X: success!
  Trying to prove $equiv for \_261_.B: failed.
  Trying to prove $equiv for \_262_.B: success!
  Trying to prove $equiv for \_264_.B: failed.
  Trying to prove $equiv for \_266_.A: success!
  Trying to prove $equiv for \_268_.B1: success!
  Trying to prove $equiv for \_269_.A: failed.
  Trying to prove $equiv for \_271_.B1: success!
  Trying to prove $equiv for \_272_.B1: failed.
  Trying to prove $equiv for \_273_.B: failed.
  Trying to prove $equiv for \_277_.B: success!
  Trying to prove $equiv for \_280_.B: success!
  Trying to prove $equiv for \_279_.B_N: failed.
  Trying to prove $equiv for \_281_.B: success!
  Trying to prove $equiv for \_284_.A: success!
  Trying to prove $equiv for \_286_.A: failed.
  Trying to prove $equiv for \_288_.B: success!
  Trying to prove $equiv for \_289_.B: success!
  Trying to prove $equiv for \_291_.B: failed.
  Trying to prove $equiv for \_293_.B: success!
  Trying to prove $equiv for \_295_.D: success!
  Trying to prove $equiv for \_297_.B: success!
  Trying to prove $equiv for \_299_.A: success!
  Trying to prove $equiv for \_301_.B1: success!
  Trying to prove $equiv for \_302_.C: success!
  Trying to prove $equiv for \_303_.B: success!
  Trying to prove $equiv for \_305_.B: failed.
  Trying to prove $equiv for \_308_.B: success!
  Trying to prove $equiv for \_309_.B: success!
  Trying to prove $equiv for \_310_.B: success!
  Trying to prove $equiv for \_313_.B: success!
  Trying to prove $equiv for \_312_.B1: failed.
  Trying to prove $equiv for \_315_.B1: success!
  Trying to prove $equiv for \_316_.B1: success!
  Trying to prove $equiv for \_317_.A: success!
  Trying to prove $equiv for \_321_.B1: success!
  Trying to prove $equiv for \_319_.B1: success!
  Trying to prove $equiv for \_320_.B1: success!
  Trying to prove $equiv for \_325_.B: success!
  Trying to prove $equiv for \_324_.B1: success!
  Trying to prove $equiv for \_327_.A: success!
  Trying to prove $equiv for \_329_.B: success!
  Trying to prove $equiv for \_332_.B: success!
  Trying to prove $equiv for \_333_.B: success!
  Trying to prove $equiv for \_335_.A: success!
  Trying to prove $equiv for \_339_.B1: success!
  Trying to prove $equiv for \_337_.C: success!
  Trying to prove $equiv for \_338_.D: success!
  Trying to prove $equiv for \_341_.A: success!
  Trying to prove $equiv for \_346_.B: success!
  Trying to prove $equiv for \_344_.B1: success!
  Trying to prove $equiv for \_345_.C: success!
  Trying to prove $equiv for \_348_.C: success!
  Trying to prove $equiv for \_349_.B1: success!
  Trying to prove $equiv for \_351_.A: success!
  Trying to prove $equiv for \_353_.C: success!
  Trying to prove $equiv for \_354_.B1: success!
  Trying to prove $equiv for \_355_.D: failed.
  Trying to prove $equiv for \_356_.A: success!
  Trying to prove $equiv for \_358_.B1: success!
  Trying to prove $equiv for \_360_.A: success!
  Trying to prove $equiv for \_364_.B: success!
  Trying to prove $equiv for \_362_.B1: success!
  Trying to prove $equiv for \_363_.C: success!
  Trying to prove $equiv for \_366_.B1: success!
  Trying to prove $equiv for \_368_.A: success!
  Trying to prove $equiv for \_370_.B1: success!
  Trying to prove $equiv for \_371_.B1: success!
  Trying to prove $equiv for \_372_.A: success!
  Trying to prove $equiv for \_373_.B: success!
  Trying to prove $equiv for \_374_.C: success!
  Trying to prove $equiv for \_376_.C: success!
  Trying to prove $equiv for \_377_.C: success!
  Trying to prove $equiv for \_378_.B1: success!
  Trying to prove $equiv for \_380_.B1: success!
  Trying to prove $equiv for \_382_.B1: success!
  Trying to prove $equiv for \_384_.B1: success!
  Trying to prove $equiv for \_386_.B1: success!
  Trying to prove $equiv for \_388_.B1: success!
  Trying to prove $equiv for \_390_.B1: success!
  Trying to prove $equiv for \_392_.B1: success!
  Trying to prove $equiv for \_394_.B1: success!
  Trying to prove $equiv for \_396_.B1: success!
  Trying to prove $equiv for \_397_.B1: success!
  Trying to prove $equiv for \_399_.B1: success!
  Trying to prove $equiv for \_401_.B1: success!
  Trying to prove $equiv for \_403_.B1: success!
  Trying to prove $equiv for \_405_.B1: success!
  Trying to prove $equiv for \_407_.B1: success!
  Trying to prove $equiv for \_409_.B1: success!
  Trying to prove $equiv for \_411_.B1: success!
  Trying to prove $equiv for \_413_.B1: success!
  Trying to prove $equiv for \_415_.B1: success!
  Trying to prove $equiv for \_418_.B: success!
  Trying to prove $equiv for \_419_.B: success!
  Trying to prove $equiv for \_421_.C: success!
  Trying to prove $equiv for \_422_.RESET_B: success!
  Trying to prove $equiv for \_423_.RESET_B: success!
  Trying to prove $equiv for \_424_.RESET_B: success!
  Trying to prove $equiv for \_425_.RESET_B: success!
  Trying to prove $equiv for \_426_.RESET_B: success!
  Trying to prove $equiv for \_427_.RESET_B: success!
  Trying to prove $equiv for \_428_.RESET_B: success!
  Trying to prove $equiv for \_429_.RESET_B: success!
  Trying to prove $equiv for \_430_.RESET_B: success!
  Trying to prove $equiv for \_431_.RESET_B: success!
  Trying to prove $equiv for \_432_.RESET_B: success!
  Trying to prove $equiv for \_433_.RESET_B: success!
  Trying to prove $equiv for \_434_.RESET_B: success!
  Trying to prove $equiv for \_435_.RESET_B: success!
  Trying to prove $equiv for \_436_.RESET_B: success!
  Trying to prove $equiv for \_437_.RESET_B: success!
  Trying to prove $equiv for \_438_.RESET_B: success!
  Trying to prove $equiv for \_439_.RESET_B: success!
  Trying to prove $equiv for \_440_.RESET_B: success!
  Trying to prove $equiv for \_441_.RESET_B: success!
  Trying to prove $equiv for \_442_.RESET_B: success!
  Trying to prove $equiv for \_443_.RESET_B: success!
  Trying to prove $equiv for \_444_.RESET_B: success!
  Trying to prove $equiv for \_445_.RESET_B: success!
  Trying to prove $equiv for \_446_.RESET_B: success!
  Trying to prove $equiv for \_447_.RESET_B: success!
  Trying to prove $equiv for \_448_.RESET_B: success!
  Trying to prove $equiv for \_449_.RESET_B: success!
  Trying to prove $equiv for \_450_.RESET_B: success!
  Trying to prove $equiv for \_451_.RESET_B: success!
  Trying to prove $equiv for \_452_.RESET_B: success!
  Trying to prove $equiv for \_453_.RESET_B: success!
  Trying to prove $equiv for \_454_.RESET_B: success!
  Trying to prove $equiv for \_455_.RESET_B: success!
  Trying to prove $equiv for \_456_.RESET_B: success!
  Trying to prove $equiv for \_457_.RESET_B: success!
  Trying to prove $equiv for \_458_.RESET_B: success!
  Trying to prove $equiv for \_459_.RESET_B: success!
  Trying to prove $equiv for \_460_.RESET_B: success!
  Trying to prove $equiv for \_461_.RESET_B: success!
  Trying to prove $equiv for \_462_.RESET_B: success!
  Trying to prove $equiv for \_463_.RESET_B: success!
  Trying to prove $equiv for \_464_.RESET_B: success!
  Trying to prove $equiv for \_465_.RESET_B: success!
  Trying to prove $equiv for \_466_.RESET_B: success!
  Trying to prove $equiv for \_467_.RESET_B: success!
  Trying to prove $equiv for \_468_.RESET_B: success!
  Trying to prove $equiv for \_469_.RESET_B: success!
  Trying to prove $equiv for \_470_.RESET_B: success!
  Trying to prove $equiv for \_271_.A2: success!
  Trying to prove $equiv for \_271_.A1: success!
  Trying to prove $equiv for \_271_.Y: success!
  Trying to prove $equiv for \_272_.A2: failed.
  Trying to prove $equiv for \_272_.A1: failed.
  Trying to prove $equiv for \_272_.Y: success!
  Trying to prove $equiv for \_273_.A_N: success!
  Trying to prove $equiv for \_273_.Y: success!
  Trying to prove $equiv for \_275_.B: success!
  Trying to prove $equiv for \_274_.B2: failed.
  Trying to prove $equiv for \_274_.B1: success!
  Trying to prove $equiv for \_274_.A2: success!
  Trying to prove $equiv for \_274_.A1: success!
  Trying to prove $equiv for \_274_.Y: success!
  Trying to prove $equiv for \_275_.A_N: success!
  Trying to prove $equiv for \_275_.Y: success!
  Trying to prove $equiv for \_276_.C: failed.
  Trying to prove $equiv for \_276_.B: failed.
  Trying to prove $equiv for \_276_.A: failed.
  Trying to prove $equiv for \_276_.Y: success!
  Trying to prove $equiv for \_277_.A: success!
  Trying to prove $equiv for \_277_.Y: success!
  Trying to prove $equiv for \_278_.B1: success!
  Trying to prove $equiv for \_278_.A2: success!
  Trying to prove $equiv for \_278_.A1: success!
  Trying to prove $equiv for \_278_.Y: success!
  Trying to prove $equiv for \_279_.A: success!
  Trying to prove $equiv for \_279_.Y: success!
  Trying to prove $equiv for \_280_.A: failed.
  Trying to prove $equiv for \_280_.X: success!
  Trying to prove $equiv for \_281_.A: failed.
  Trying to prove $equiv for \_281_.Y: success!
  Trying to prove $equiv for \_282_.B1: success!
  Trying to prove $equiv for \_282_.A2: success!
  Trying to prove $equiv for \_282_.A1: success!
  Trying to prove $equiv for \_282_.Y: success!
  Trying to prove $equiv for \_283_.B2: success!
  Trying to prove $equiv for \_283_.B1: success!
  Trying to prove $equiv for \_284_.B: success!
  Trying to prove $equiv for \_283_.A2: success!
  Trying to prove $equiv for \_283_.A1: success!
  Trying to prove $equiv for \_283_.Y: success!
  Trying to prove $equiv for \_284_.X: success!
  Trying to prove $equiv for \_285_.D: failed.
  Trying to prove $equiv for \_286_.B: success!
  Trying to prove $equiv for \_285_.C: failed.
  Trying to prove $equiv for \_285_.B: failed.
  Trying to prove $equiv for \_285_.A: failed.
  Trying to prove $equiv for \_285_.X: success!
  Trying to prove $equiv for \_286_.Y: success!
  Trying to prove $equiv for \_287_.B: failed.
  Trying to prove $equiv for \_287_.A_N: success!
  Trying to prove $equiv for \_287_.Y: success!
  Trying to prove $equiv for \_288_.A: failed.
  Trying to prove $equiv for \_288_.Y: success!
  Trying to prove $equiv for \_289_.A: success!
  Trying to prove $equiv for \_289_.Y: success!
  Trying to prove $equiv for \_290_.B1: success!
  Trying to prove $equiv for \_290_.A2: success!
  Trying to prove $equiv for \_290_.A1: success!
  Trying to prove $equiv for \_290_.Y: success!
  Trying to prove $equiv for \_291_.A_N: success!
  Trying to prove $equiv for \_291_.Y: success!
  Trying to prove $equiv for \_292_.C: success!
  Trying to prove $equiv for \_292_.B: failed.
  Trying to prove $equiv for \_292_.A: failed.
  Trying to prove $equiv for \_292_.Y: success!
  Trying to prove $equiv for \_293_.A: success!
  Trying to prove $equiv for \_293_.Y: success!
  Trying to prove $equiv for \_296_.B: success!
  Trying to prove $equiv for \_294_.B2: success!
  Trying to prove $equiv for \_294_.B1: success!
  Trying to prove $equiv for \_294_.A2: success!
  Trying to prove $equiv for \_294_.A1: success!
  Trying to prove $equiv for \_294_.Y: success!
  Trying to prove $equiv for \_295_.C: failed.
  Trying to prove $equiv for \_295_.B: failed.
  Trying to prove $equiv for \_295_.A: failed.
  Trying to prove $equiv for \_295_.Y: success!
  Trying to prove $equiv for \_296_.A_N: success!
  Trying to prove $equiv for \_296_.Y: success!
  Trying to prove $equiv for \_297_.A: success!
  Trying to prove $equiv for \_297_.Y: success!
  Trying to prove $equiv for \_298_.B1: success!
  Trying to prove $equiv for \_299_.B: success!
  Trying to prove $equiv for \_298_.A2: success!
  Trying to prove $equiv for \_298_.A1: success!
  Trying to prove $equiv for \_298_.Y: success!
  Trying to prove $equiv for \_299_.X: success!
  Trying to prove $equiv for \_300_.C: success!
  Trying to prove $equiv for \_300_.B: success!
  Trying to prove $equiv for \_300_.A: failed.
  Trying to prove $equiv for \_300_.Y: success!
  Trying to prove $equiv for \_301_.A2: success!
  Trying to prove $equiv for \_301_.A1: failed.
  Trying to prove $equiv for \_301_.X: success!
  Trying to prove $equiv for \_302_.B: success!
  Trying to prove $equiv for \_302_.A: success!
  Trying to prove $equiv for \_302_.Y: success!
  Trying to prove $equiv for \_303_.A_N: success!
  Trying to prove $equiv for \_303_.Y: success!
  Trying to prove $equiv for \_304_.S: failed.
  Trying to prove $equiv for \_304_.A1: success!
  Trying to prove $equiv for \_304_.A0: success!
  Trying to prove $equiv for \_304_.X: success!
  Trying to prove $equiv for \_305_.A_N: failed.
  Trying to prove $equiv for \_305_.Y: success!
  Trying to prove $equiv for \_306_.B1: success!
  Trying to prove $equiv for \_306_.A2: success!
  Trying to prove $equiv for \_306_.A1: success!
  Trying to prove $equiv for \_306_.Y: success!
  Trying to prove $equiv for \_307_.S: success!
  Trying to prove $equiv for \_307_.A1: failed.
  Trying to prove $equiv for \_307_.A0: success!
  Trying to prove $equiv for \_307_.X: success!
  Trying to prove $equiv for \_308_.A: failed.
  Trying to prove $equiv for \_308_.Y: success!
  Trying to prove $equiv for \_309_.A: success!
  Trying to prove $equiv for \_309_.Y: success!
  Trying to prove $equiv for \_310_.A: success!
  Trying to prove $equiv for \_310_.Y: success!
  Trying to prove $equiv for \_311_.B1: success!
  Trying to prove $equiv for \_311_.A2: success!
  Trying to prove $equiv for \_311_.A1: success!
  Trying to prove $equiv for \_311_.Y: success!
  Trying to prove $equiv for \_312_.A2: success!
  Trying to prove $equiv for \_312_.A1: success!
  Trying to prove $equiv for \_312_.Y: success!
  Trying to prove $equiv for \_313_.A: success!
  Trying to prove $equiv for \_313_.Y: success!
  Trying to prove $equiv for \_314_.C: success!
  Trying to prove $equiv for \_314_.B: success!
  Trying to prove $equiv for \_314_.A: success!
  Trying to prove $equiv for \_314_.Y: success!
  Trying to prove $equiv for \_315_.A2: success!
  Trying to prove $equiv for \_315_.A1: failed.
  Trying to prove $equiv for \_315_.X: success!
  Trying to prove $equiv for \_317_.B: success!
  Trying to prove $equiv for \_316_.A2: success!
  Trying to prove $equiv for \_316_.A1: success!
  Trying to prove $equiv for \_316_.Y: success!
  Trying to prove $equiv for \_317_.X: success!
  Trying to prove $equiv for \_318_.B1: success!
  Trying to prove $equiv for \_318_.A2: success!
  Trying to prove $equiv for \_318_.A1: success!
  Trying to prove $equiv for \_318_.Y: success!
  Trying to prove $equiv for \_319_.A2: success!
  Trying to prove $equiv for \_319_.A1: success!
  Trying to prove $equiv for \_319_.Y: success!
  Trying to prove $equiv for \_322_.B: success!
  Trying to prove $equiv for \_320_.A2: success!
  Trying to prove $equiv for \_320_.A1: success!
  Trying to prove $equiv for \_320_.Y: success!
  Trying to prove $equiv for \_321_.A2: success!
  Trying to prove $equiv for \_321_.A1: success!
  Trying to prove $equiv for \_321_.X: success!
  Trying to prove $equiv for \_322_.A: success!
  Trying to prove $equiv for \_322_.Y: success!
  Trying to prove $equiv for \_323_.B1: failed.
  Trying to prove $equiv for \_323_.A2: success!
  Trying to prove $equiv for \_323_.A1: success!
  Trying to prove $equiv for \_323_.Y: success!
  Trying to prove $equiv for \_324_.A2: success!
  Trying to prove $equiv for \_324_.A1: success!
  Trying to prove $equiv for \_324_.Y: success!
  Trying to prove $equiv for \_325_.A: success!
  Trying to prove $equiv for \_325_.Y: success!
  Trying to prove $equiv for \_326_.D: failed.
  Trying to prove $equiv for \_327_.B: success!
  Trying to prove $equiv for \_326_.C: failed.
  Trying to prove $equiv for \_326_.B: failed.
  Trying to prove $equiv for \_326_.A: success!
  Trying to prove $equiv for \_326_.Y: success!
  Trying to prove $equiv for \_327_.Y: success!
  Trying to prove $equiv for \_328_.B1: failed.
  Trying to prove $equiv for \_328_.A2: success!
  Trying to prove $equiv for \_328_.A1: success!
  Trying to prove $equiv for \_328_.Y: success!
  Trying to prove $equiv for \_329_.A: success!
  Trying to prove $equiv for \_329_.Y: success!
  Trying to prove $equiv for \_331_.B: success!
  Trying to prove $equiv for \_330_.C: success!
  Trying to prove $equiv for \_330_.B: success!
  Trying to prove $equiv for \_330_.A_N: failed.
  Trying to prove $equiv for \_330_.Y: success!
  Trying to prove $equiv for \_331_.A: success!
  Trying to prove $equiv for \_331_.Y: success!
  Trying to prove $equiv for \_332_.A: success!
  Trying to prove $equiv for \_332_.Y: success!
  Trying to prove $equiv for \_333_.A: success!
  Trying to prove $equiv for \_333_.Y: success!
  Trying to prove $equiv for \_334_.D: success!
  Trying to prove $equiv for \_335_.B: success!
  Trying to prove $equiv for \_334_.C: failed.
  Trying to prove $equiv for \_334_.B: failed.
  Trying to prove $equiv for \_334_.A: failed.
  Trying to prove $equiv for \_334_.X: success!
  Trying to prove $equiv for \_335_.Y: success!
  Trying to prove $equiv for \_336_.B1: failed.
  Trying to prove $equiv for \_336_.A2: success!
  Trying to prove $equiv for \_336_.A1: success!
  Trying to prove $equiv for \_336_.Y: success!
  Trying to prove $equiv for \_337_.B: failed.
  Trying to prove $equiv for \_337_.A: failed.
  Trying to prove $equiv for \_337_.Y: success!
  Trying to prove $equiv for \_338_.C: success!
  Trying to prove $equiv for \_338_.B: success!
  Trying to prove $equiv for \_338_.A: success!
  Trying to prove $equiv for \_338_.X: success!
  Trying to prove $equiv for \_339_.A2: success!
  Trying to prove $equiv for \_339_.A1: success!
  Trying to prove $equiv for \_339_.Y: success!
  Trying to prove $equiv for \_340_.D: failed.
  Trying to prove $equiv for \_341_.B: success!
  Trying to prove $equiv for \_340_.C: success!
  Trying to prove $equiv for \_340_.B: failed.
  Trying to prove $equiv for \_340_.A: success!
  Trying to prove $equiv for \_340_.Y: success!
  Trying to prove $equiv for \_341_.Y: success!
  Trying to prove $equiv for \_342_.B1: failed.
  Trying to prove $equiv for \_342_.A2: success!
  Trying to prove $equiv for \_342_.A1: success!
  Trying to prove $equiv for \_342_.Y: success!
  Trying to prove $equiv for \_343_.C: success!
  Trying to prove $equiv for \_343_.B: failed.
  Trying to prove $equiv for \_343_.A_N: failed.
  Trying to prove $equiv for \_343_.Y: success!
  Trying to prove $equiv for \_344_.A2: success!
  Trying to prove $equiv for \_344_.A1: success!
  Trying to prove $equiv for \_344_.Y: success!
  Trying to prove $equiv for \_345_.B: success!
  Trying to prove $equiv for \_345_.A: success!
  Trying to prove $equiv for \_345_.Y: success!
  Trying to prove $equiv for \_346_.A: success!
  Trying to prove $equiv for \_346_.Y: success!
  Trying to prove $equiv for \_347_.B1: failed.
  Trying to prove $equiv for \_347_.A2: success!
  Trying to prove $equiv for \_347_.A1: success!
  Trying to prove $equiv for \_347_.Y: success!
  Trying to prove $equiv for \_348_.B: success!
  Trying to prove $equiv for \_348_.A: failed.
  Trying to prove $equiv for \_348_.Y: success!
  Trying to prove $equiv for \_349_.A2: success!
  Trying to prove $equiv for \_349_.A1: success!
  Trying to prove $equiv for \_349_.Y: success!
  Trying to prove $equiv for \_350_.D: success!
  Trying to prove $equiv for \_351_.B: success!
  Trying to prove $equiv for \_350_.C: failed.
  Trying to prove $equiv for \_350_.B: failed.
  Trying to prove $equiv for \_350_.A: success!
  Trying to prove $equiv for \_350_.Y: success!
  Trying to prove $equiv for \_351_.Y: success!
  Trying to prove $equiv for \_352_.B1: failed.
  Trying to prove $equiv for \_352_.A2: success!
  Trying to prove $equiv for \_352_.A1: success!
  Trying to prove $equiv for \_352_.Y: success!
  Trying to prove $equiv for \_353_.B: success!
  Trying to prove $equiv for \_353_.A: success!
  Trying to prove $equiv for \_353_.Y: success!
  Trying to prove $equiv for \_354_.A2: success!
  Trying to prove $equiv for \_354_.A1: success!
  Trying to prove $equiv for \_354_.Y: success!
  Trying to prove $equiv for \_356_.B: success!
  Trying to prove $equiv for \_355_.C: failed.
  Trying to prove $equiv for \_355_.B: failed.
  Trying to prove $equiv for \_355_.A: failed.
  Trying to prove $equiv for \_355_.X: success!
  Trying to prove $equiv for \_356_.Y: success!
  Trying to prove $equiv for \_357_.B1: failed.
  Trying to prove $equiv for \_357_.A2: success!
  Trying to prove $equiv for \_357_.A1: success!
  Trying to prove $equiv for \_357_.Y: success!
  Trying to prove $equiv for \_358_.A2: success!
  Trying to prove $equiv for \_358_.A1: success!
  Trying to prove $equiv for \_358_.Y: success!
  Trying to prove $equiv for \_359_.D: success!
  Trying to prove $equiv for \_360_.B: success!
  Trying to prove $equiv for \_359_.C: success!
  Trying to prove $equiv for \_359_.B: failed.
  Trying to prove $equiv for \_359_.A: success!
  Trying to prove $equiv for \_359_.Y: success!
  Trying to prove $equiv for \_360_.Y: success!
  Trying to prove $equiv for \_361_.B1: failed.
  Trying to prove $equiv for \_361_.A2: success!
  Trying to prove $equiv for \_361_.A1: success!
  Trying to prove $equiv for \_361_.Y: success!
  Trying to prove $equiv for \_362_.A2: success!
  Trying to prove $equiv for \_362_.A1: success!
  Trying to prove $equiv for \_362_.Y: success!
  Trying to prove $equiv for \_363_.B: failed.
  Trying to prove $equiv for \_363_.A: failed.
  Trying to prove $equiv for \_363_.Y: success!
  Trying to prove $equiv for \_364_.A: success!
  Trying to prove $equiv for \_364_.Y: success!
  Trying to prove $equiv for \_365_.B1: failed.
  Trying to prove $equiv for \_365_.A2: success!
  Trying to prove $equiv for \_365_.A1: success!
  Trying to prove $equiv for \_365_.Y: success!
  Trying to prove $equiv for \_366_.A2: success!
  Trying to prove $equiv for \_366_.A1: success!
  Trying to prove $equiv for \_366_.Y: success!
  Trying to prove $equiv for \_367_.D: failed.
  Trying to prove $equiv for \_368_.B: success!
  Trying to prove $equiv for \_367_.C: failed.
  Trying to prove $equiv for \_367_.B: failed.
  Trying to prove $equiv for \_367_.A: failed.
  Trying to prove $equiv for \_367_.Y: success!
  Trying to prove $equiv for \_368_.Y: success!
  Trying to prove $equiv for \_369_.B1: failed.
  Trying to prove $equiv for \_369_.A2: success!
  Trying to prove $equiv for \_369_.A1: success!
  Trying to prove $equiv for \_369_.Y: success!
  Trying to prove $equiv for \_370_.A2: success!
  Trying to prove $equiv for \_370_.A1: success!
  Trying to prove $equiv for \_370_.Y: success!
  Trying to prove $equiv for \_372_.B: success!
  Trying to prove $equiv for \_371_.A2: success!
  Trying to prove $equiv for \_371_.A1: success!
  Trying to prove $equiv for \_371_.Y: success!
  Trying to prove $equiv for \_372_.X: success!
  Trying to prove $equiv for \_373_.A: success!
  Trying to prove $equiv for \_373_.Y: success!
  Trying to prove $equiv for \_374_.B: success!
  Trying to prove $equiv for \_374_.A: success!
  Trying to prove $equiv for \_374_.X: success!
  Trying to prove $equiv for \_375_.C: success!
  Trying to prove $equiv for \_375_.B: success!
  Trying to prove $equiv for \_375_.A_N: success!
  Trying to prove $equiv for \_375_.Y: success!
  Trying to prove $equiv for \_376_.B: success!
  Trying to prove $equiv for \_376_.A: success!
  Trying to prove $equiv for \_376_.Y: success!
  Trying to prove $equiv for \_377_.B: success!
  Trying to prove $equiv for \_377_.A: success!
  Trying to prove $equiv for \_377_.Y: success!
  Trying to prove $equiv for \_378_.A2: success!
  Trying to prove $equiv for \_378_.A1: success!
  Trying to prove $equiv for \_378_.Y: success!
  Trying to prove $equiv for \_379_.D: success!
  Trying to prove $equiv for \_379_.C: success!
  Trying to prove $equiv for \_379_.B: success!
  Trying to prove $equiv for \_379_.A: success!
  Trying to prove $equiv for \_379_.Y: success!
  Trying to prove $equiv for \_380_.A2: success!
  Trying to prove $equiv for \_380_.A1: success!
  Trying to prove $equiv for \_380_.Y: success!
  Trying to prove $equiv for \_381_.D: success!
  Trying to prove $equiv for \_381_.C: success!
  Trying to prove $equiv for \_381_.B: success!
  Trying to prove $equiv for \_381_.A: success!
  Trying to prove $equiv for \_381_.Y: success!
  Trying to prove $equiv for \_382_.A2: success!
  Trying to prove $equiv for \_382_.A1: success!
  Trying to prove $equiv for \_382_.Y: success!
  Trying to prove $equiv for \_383_.D: success!
  Trying to prove $equiv for \_383_.C: success!
  Trying to prove $equiv for \_383_.B: success!
  Trying to prove $equiv for \_383_.A: success!
  Trying to prove $equiv for \_383_.Y: success!
  Trying to prove $equiv for \_384_.A2: success!
  Trying to prove $equiv for \_384_.A1: success!
  Trying to prove $equiv for \_384_.Y: success!
  Trying to prove $equiv for \_385_.D: success!
  Trying to prove $equiv for \_385_.C: success!
  Trying to prove $equiv for \_385_.B: success!
  Trying to prove $equiv for \_385_.A: success!
  Trying to prove $equiv for \_385_.Y: success!
  Trying to prove $equiv for \_386_.A2: success!
  Trying to prove $equiv for \_386_.A1: success!
  Trying to prove $equiv for \_386_.Y: success!
  Trying to prove $equiv for \_387_.D: success!
  Trying to prove $equiv for \_387_.C: success!
  Trying to prove $equiv for \_387_.B: success!
  Trying to prove $equiv for \_387_.A: success!
  Trying to prove $equiv for \_387_.Y: success!
  Trying to prove $equiv for \_388_.A2: success!
  Trying to prove $equiv for \_388_.A1: success!
  Trying to prove $equiv for \_388_.Y: success!
  Trying to prove $equiv for \_389_.D: success!
  Trying to prove $equiv for \_389_.C: success!
  Trying to prove $equiv for \_389_.B: success!
  Trying to prove $equiv for \_389_.A: success!
  Trying to prove $equiv for \_389_.Y: success!
  Trying to prove $equiv for \_390_.A2: success!
  Trying to prove $equiv for \_390_.A1: success!
  Trying to prove $equiv for \_390_.Y: success!
  Trying to prove $equiv for \_391_.D: success!
  Trying to prove $equiv for \_391_.C: success!
  Trying to prove $equiv for \_391_.B: success!
  Trying to prove $equiv for \_391_.A: success!
  Trying to prove $equiv for \_391_.Y: success!
  Trying to prove $equiv for \_392_.A2: success!
  Trying to prove $equiv for \_392_.A1: success!
  Trying to prove $equiv for \_392_.Y: success!
  Trying to prove $equiv for \_393_.D: success!
  Trying to prove $equiv for \_393_.C: success!
  Trying to prove $equiv for \_393_.B: success!
  Trying to prove $equiv for \_393_.A: success!
  Trying to prove $equiv for \_393_.Y: success!
  Trying to prove $equiv for \_394_.A2: success!
  Trying to prove $equiv for \_394_.A1: success!
  Trying to prove $equiv for \_394_.Y: success!
  Trying to prove $equiv for \_395_.D: success!
  Trying to prove $equiv for \_395_.C: success!
  Trying to prove $equiv for \_395_.B: success!
  Trying to prove $equiv for \_395_.A: success!
  Trying to prove $equiv for \_395_.Y: success!
  Trying to prove $equiv for \_396_.A2: success!
  Trying to prove $equiv for \_396_.A1: success!
  Trying to prove $equiv for \_396_.Y: success!
  Trying to prove $equiv for \_397_.A2: success!
  Trying to prove $equiv for \_397_.A1: success!
  Trying to prove $equiv for \_397_.Y: success!
  Trying to prove $equiv for \_398_.D: success!
  Trying to prove $equiv for \_398_.C: success!
  Trying to prove $equiv for \_398_.B: success!
  Trying to prove $equiv for \_398_.A: success!
  Trying to prove $equiv for \_398_.Y: success!
  Trying to prove $equiv for \_399_.A2: success!
  Trying to prove $equiv for \_399_.A1: success!
  Trying to prove $equiv for \_399_.Y: success!
  Trying to prove $equiv for \_400_.D: success!
  Trying to prove $equiv for \_400_.C: success!
  Trying to prove $equiv for \_400_.B: success!
  Trying to prove $equiv for \_400_.A: success!
  Trying to prove $equiv for \_400_.Y: success!
  Trying to prove $equiv for \_401_.A2: success!
  Trying to prove $equiv for \_401_.A1: success!
  Trying to prove $equiv for \_401_.Y: success!
  Trying to prove $equiv for \_402_.D: success!
  Trying to prove $equiv for \_402_.C: success!
  Trying to prove $equiv for \_402_.B: success!
  Trying to prove $equiv for \_402_.A: success!
  Trying to prove $equiv for \_402_.Y: success!
  Trying to prove $equiv for \_403_.A2: success!
  Trying to prove $equiv for \_403_.A1: success!
  Trying to prove $equiv for \_403_.Y: success!
  Trying to prove $equiv for \_404_.D: success!
  Trying to prove $equiv for \_404_.C: success!
  Trying to prove $equiv for \_404_.B: success!
  Trying to prove $equiv for \_404_.A: success!
  Trying to prove $equiv for \_404_.Y: success!
  Trying to prove $equiv for \_405_.A2: success!
  Trying to prove $equiv for \_405_.A1: success!
  Trying to prove $equiv for \_405_.Y: success!
  Trying to prove $equiv for \_406_.D: success!
  Trying to prove $equiv for \_406_.C: success!
  Trying to prove $equiv for \_406_.B: success!
  Trying to prove $equiv for \_406_.A: success!
  Trying to prove $equiv for \_406_.Y: success!
  Trying to prove $equiv for \_407_.A2: success!
  Trying to prove $equiv for \_407_.A1: success!
  Trying to prove $equiv for \_407_.Y: success!
  Trying to prove $equiv for \_408_.D: success!
  Trying to prove $equiv for \_408_.C: success!
  Trying to prove $equiv for \_408_.B: success!
  Trying to prove $equiv for \_408_.A: success!
  Trying to prove $equiv for \_408_.Y: success!
  Trying to prove $equiv for \_409_.A2: success!
  Trying to prove $equiv for \_409_.A1: success!
  Trying to prove $equiv for \_409_.Y: success!
  Trying to prove $equiv for \_410_.D: success!
  Trying to prove $equiv for \_410_.C: success!
  Trying to prove $equiv for \_410_.B: success!
  Trying to prove $equiv for \_410_.A: success!
  Trying to prove $equiv for \_410_.Y: success!
  Trying to prove $equiv for \_411_.A2: success!
  Trying to prove $equiv for \_411_.A1: success!
  Trying to prove $equiv for \_411_.Y: success!
  Trying to prove $equiv for \_412_.D: success!
  Trying to prove $equiv for \_412_.C: success!
  Trying to prove $equiv for \_412_.B: success!
  Trying to prove $equiv for \_412_.A: success!
  Trying to prove $equiv for \_412_.Y: success!
  Trying to prove $equiv for \_413_.A2: success!
  Trying to prove $equiv for \_413_.A1: success!
  Trying to prove $equiv for \_413_.Y: success!
  Trying to prove $equiv for \_414_.D: success!
  Trying to prove $equiv for \_416_.B: success!
  Trying to prove $equiv for \_414_.C: success!
  Trying to prove $equiv for \_414_.B: success!
  Trying to prove $equiv for \_414_.A: success!
  Trying to prove $equiv for \_414_.Y: success!
  Trying to prove $equiv for \_415_.A2: success!
  Trying to prove $equiv for \_415_.A1: success!
  Trying to prove $equiv for \_415_.Y: success!
  Trying to prove $equiv for \_416_.A: success!
  Trying to prove $equiv for \_416_.Y: success!
  Trying to prove $equiv for \_417_.C: success!
  Trying to prove $equiv for \_417_.B: success!
  Trying to prove $equiv for \_417_.A: success!
  Trying to prove $equiv for \_417_.Y: success!
  Trying to prove $equiv for \_418_.A: failed.
  Trying to prove $equiv for \_418_.Y: success!
  Trying to prove $equiv for \_419_.A: success!
  Trying to prove $equiv for \_419_.Y: success!
  Trying to prove $equiv for \_420_.B1: failed.
  Trying to prove $equiv for \_420_.A2: success!
  Trying to prove $equiv for \_420_.A1: success!
  Trying to prove $equiv for \_420_.Y: success!
  Trying to prove $equiv for \_422_.IQ: failed.
  Trying to prove $equiv for \_421_.B: success!
  Trying to prove $equiv for \_421_.A: success!
  Trying to prove $equiv for \_421_.Y: success!
  Trying to prove $equiv for \_423_.IQ: failed.
  Trying to prove $equiv for \_422_.D: success!
  Trying to prove $equiv for \_422_.CLK: success!
  Trying to prove $equiv for \_422_.Q: failed.
  Trying to prove $equiv for \_424_.IQ: failed.
  Trying to prove $equiv for \_423_.D: success!
  Trying to prove $equiv for \_423_.CLK: success!
  Trying to prove $equiv for \_423_.Q: failed.
  Trying to prove $equiv for \_425_.IQ: failed.
  Trying to prove $equiv for \_424_.D: success!
  Trying to prove $equiv for \_424_.CLK: success!
  Trying to prove $equiv for \_424_.Q: failed.
  Trying to prove $equiv for \_426_.IQ: failed.
  Trying to prove $equiv for \_425_.D: success!
  Trying to prove $equiv for \_425_.CLK: success!
  Trying to prove $equiv for \_425_.Q: failed.
  Trying to prove $equiv for \_427_.IQ: failed.
  Trying to prove $equiv for \_426_.D: success!
  Trying to prove $equiv for \_426_.CLK: success!
  Trying to prove $equiv for \_426_.Q: failed.
  Trying to prove $equiv for \_428_.IQ: failed.
  Trying to prove $equiv for \_427_.D: success!
  Trying to prove $equiv for \_427_.CLK: success!
  Trying to prove $equiv for \_427_.Q: failed.
  Trying to prove $equiv for \_429_.IQ: failed.
  Trying to prove $equiv for \_428_.D: success!
  Trying to prove $equiv for \_428_.CLK: success!
  Trying to prove $equiv for \_428_.Q: failed.
  Trying to prove $equiv for \_430_.IQ: failed.
  Trying to prove $equiv for \_429_.D: success!
  Trying to prove $equiv for \_429_.CLK: success!
  Trying to prove $equiv for \_429_.Q: failed.
  Trying to prove $equiv for \_431_.IQ: failed.
  Trying to prove $equiv for \_430_.D: success!
  Trying to prove $equiv for \_430_.CLK: success!
  Trying to prove $equiv for \_430_.Q: failed.
  Trying to prove $equiv for \_432_.IQ: failed.
  Trying to prove $equiv for \_431_.D: success!
  Trying to prove $equiv for \_431_.CLK: success!
  Trying to prove $equiv for \_431_.Q: failed.
  Trying to prove $equiv for \_433_.IQ: failed.
  Trying to prove $equiv for \_432_.D: success!
  Trying to prove $equiv for \_432_.CLK: success!
  Trying to prove $equiv for \_432_.Q: failed.
  Trying to prove $equiv for \_434_.IQ: failed.
  Trying to prove $equiv for \_433_.D: success!
  Trying to prove $equiv for \_433_.CLK: success!
  Trying to prove $equiv for \_433_.Q: failed.
  Trying to prove $equiv for \_435_.IQ: failed.
  Trying to prove $equiv for \_434_.D: success!
  Trying to prove $equiv for \_434_.CLK: success!
  Trying to prove $equiv for \_434_.Q: failed.
  Trying to prove $equiv for \_436_.IQ: failed.
  Trying to prove $equiv for \_435_.D: success!
  Trying to prove $equiv for \_435_.CLK: success!
  Trying to prove $equiv for \_435_.Q: failed.
  Trying to prove $equiv for \_437_.IQ: failed.
  Trying to prove $equiv for \_436_.D: success!
  Trying to prove $equiv for \_436_.CLK: success!
  Trying to prove $equiv for \_436_.Q: failed.
  Trying to prove $equiv for \_438_.IQ: failed.
  Trying to prove $equiv for \_437_.D: success!
  Trying to prove $equiv for \_437_.CLK: success!
  Trying to prove $equiv for \_437_.Q: failed.
  Trying to prove $equiv for \_439_.IQ: failed.
  Trying to prove $equiv for \_438_.D: success!
  Trying to prove $equiv for \_438_.CLK: success!
  Trying to prove $equiv for \_438_.Q: failed.
  Trying to prove $equiv for \_440_.IQ: failed.
  Trying to prove $equiv for \_439_.D: success!
  Trying to prove $equiv for \_439_.CLK: success!
  Trying to prove $equiv for \_439_.Q: failed.
  Trying to prove $equiv for \_441_.IQ: failed.
  Trying to prove $equiv for \_440_.D: success!
  Trying to prove $equiv for \_440_.CLK: success!
  Trying to prove $equiv for \_440_.Q: failed.
  Trying to prove $equiv for \_442_.IQ: failed.
  Trying to prove $equiv for \_441_.D: success!
  Trying to prove $equiv for \_441_.CLK: success!
  Trying to prove $equiv for \_441_.Q: failed.
  Trying to prove $equiv for \_443_.IQ: failed.
  Trying to prove $equiv for \_442_.D: success!
  Trying to prove $equiv for \_442_.CLK: success!
  Trying to prove $equiv for \_442_.Q: failed.
  Trying to prove $equiv for \_444_.IQ: failed.
  Trying to prove $equiv for \_443_.D: success!
  Trying to prove $equiv for \_443_.CLK: success!
  Trying to prove $equiv for \_443_.Q: failed.
  Trying to prove $equiv for \_445_.IQ: failed.
  Trying to prove $equiv for \_444_.D: success!
  Trying to prove $equiv for \_444_.CLK: success!
  Trying to prove $equiv for \_444_.Q: failed.
  Trying to prove $equiv for \_446_.IQ: failed.
  Trying to prove $equiv for \_445_.D: success!
  Trying to prove $equiv for \_445_.CLK: success!
  Trying to prove $equiv for \_445_.Q: failed.
  Trying to prove $equiv for \_447_.IQ: failed.
  Trying to prove $equiv for \_446_.D: success!
  Trying to prove $equiv for \_446_.CLK: success!
  Trying to prove $equiv for \_446_.Q: failed.
  Trying to prove $equiv for \_448_.IQ: failed.
  Trying to prove $equiv for \_447_.D: success!
  Trying to prove $equiv for \_447_.CLK: success!
  Trying to prove $equiv for \_447_.Q: failed.
  Trying to prove $equiv for \_449_.IQ: failed.
  Trying to prove $equiv for \_448_.D: success!
  Trying to prove $equiv for \_448_.CLK: success!
  Trying to prove $equiv for \_448_.Q: failed.
  Trying to prove $equiv for \_450_.IQ: failed.
  Trying to prove $equiv for \_449_.D: success!
  Trying to prove $equiv for \_449_.CLK: success!
  Trying to prove $equiv for \_449_.Q: failed.
  Trying to prove $equiv for \_451_.IQ: failed.
  Trying to prove $equiv for \_450_.D: success!
  Trying to prove $equiv for \_450_.CLK: success!
  Trying to prove $equiv for \_450_.Q: failed.
  Trying to prove $equiv for \_452_.IQ: failed.
  Trying to prove $equiv for \_451_.D: success!
  Trying to prove $equiv for \_451_.CLK: success!
  Trying to prove $equiv for \_451_.Q: failed.
  Trying to prove $equiv for \_453_.IQ: failed.
  Trying to prove $equiv for \_452_.D: success!
  Trying to prove $equiv for \_452_.CLK: success!
  Trying to prove $equiv for \_452_.Q: failed.
  Trying to prove $equiv for \_454_.IQ: failed.
  Trying to prove $equiv for \_453_.D: success!
  Trying to prove $equiv for \_453_.CLK: success!
  Trying to prove $equiv for \_453_.Q: failed.
  Trying to prove $equiv for \_455_.IQ: failed.
  Trying to prove $equiv for \_454_.D: success!
  Trying to prove $equiv for \_454_.CLK: success!
  Trying to prove $equiv for \_454_.Q: failed.
  Trying to prove $equiv for \_456_.IQ: failed.
  Trying to prove $equiv for \_455_.D: success!
  Trying to prove $equiv for \_455_.CLK: success!
  Trying to prove $equiv for \_455_.Q: failed.
  Trying to prove $equiv for \_457_.IQ: failed.
  Trying to prove $equiv for \_456_.D: success!
  Trying to prove $equiv for \_456_.CLK: success!
  Trying to prove $equiv for \_456_.Q: failed.
  Trying to prove $equiv for \_458_.IQ: failed.
  Trying to prove $equiv for \_457_.D: success!
  Trying to prove $equiv for \_457_.CLK: success!
  Trying to prove $equiv for \_457_.Q: failed.
  Trying to prove $equiv for \_459_.IQ: failed.
  Trying to prove $equiv for \_458_.D: success!
  Trying to prove $equiv for \_458_.CLK: success!
  Trying to prove $equiv for \_458_.Q: failed.
  Trying to prove $equiv for \_460_.IQ: failed.
  Trying to prove $equiv for \_459_.D: success!
  Trying to prove $equiv for \_459_.CLK: success!
  Trying to prove $equiv for \_459_.Q: failed.
  Trying to prove $equiv for \_461_.IQ: failed.
  Trying to prove $equiv for \_460_.D: success!
  Trying to prove $equiv for \_460_.CLK: success!
  Trying to prove $equiv for \_460_.Q: failed.
  Trying to prove $equiv for \_462_.IQ: failed.
  Trying to prove $equiv for \_461_.D: success!
  Trying to prove $equiv for \_461_.CLK: success!
  Trying to prove $equiv for \_461_.Q: failed.
  Trying to prove $equiv for \_463_.IQ: failed.
  Trying to prove $equiv for \_462_.D: success!
  Trying to prove $equiv for \_462_.CLK: success!
  Trying to prove $equiv for \_462_.Q: failed.
  Trying to prove $equiv for \_464_.IQ: failed.
  Trying to prove $equiv for \_463_.D: success!
  Trying to prove $equiv for \_463_.CLK: success!
  Trying to prove $equiv for \_463_.Q: failed.
  Trying to prove $equiv for \_465_.IQ: failed.
  Trying to prove $equiv for \_464_.D: success!
  Trying to prove $equiv for \_464_.CLK: success!
  Trying to prove $equiv for \_464_.Q: failed.
  Trying to prove $equiv for \_466_.IQ: failed.
  Trying to prove $equiv for \_465_.D: success!
  Trying to prove $equiv for \_465_.CLK: success!
  Trying to prove $equiv for \_465_.Q: failed.
  Trying to prove $equiv for \_467_.IQ: failed.
  Trying to prove $equiv for \_466_.D: success!
  Trying to prove $equiv for \_466_.CLK: success!
  Trying to prove $equiv for \_466_.Q: failed.
  Trying to prove $equiv for \_468_.IQ: failed.
  Trying to prove $equiv for \_467_.D: success!
  Trying to prove $equiv for \_467_.CLK: success!
  Trying to prove $equiv for \_467_.Q: failed.
  Trying to prove $equiv for \_469_.IQ: failed.
  Trying to prove $equiv for \_468_.D: success!
  Trying to prove $equiv for \_468_.CLK: success!
  Trying to prove $equiv for \_468_.Q: failed.
  Trying to prove $equiv for \_470_.IQ: failed.
  Trying to prove $equiv for \_469_.D: success!
  Trying to prove $equiv for \_469_.CLK: success!
  Trying to prove $equiv for \_469_.Q: failed.
  Trying to prove $equiv for \_470_.D: success!
  Trying to prove $equiv for \_470_.CLK: success!
  Trying to prove $equiv for \_470_.Q: failed.
Proved 766 previously unproven $equiv cells.

18. Executing EQUIV_INDUCT pass.
Found 266 unproven $equiv cells in module equiv:
  Undef modelling: force def on 98 initial reg values and 4 inputs.
  Proving existence of base case for step 1. (77148 clauses over 30267 variables)
  Proving induction step 1. (158607 clauses over 62003 variables)
  Proof for induction step holds. Entire workset of 266 cells proven!
Proved 266 previously unproven $equiv cells.

19. Executing EQUIV_STATUS pass.
Found 1032 $equiv cells in equiv:
  Of those cells 1032 are proven and 0 are unproven.
  Equivalence successfully proven!

End of script. Logfile hash: efbbccea01, CPU: user 2.46s system 0.03s, MEM: 71.96 MB peak
Yosys 0.33 (git sha1 2584903a060)
Time spent: 83% 1x equiv_simple (2 sec), 10% 1x equiv_induct (0 sec), ...
